solid Untitled-6ab294bb
facet normal -0.0 0.958827902372605 0.2839877702151103
  outer loop
    vertex 40.1504020690918 138.39314270019528 36.456462860107415
    vertex 75.14929962158202 139.0915374755859 34.098472595214844
    vertex 40.1504020690918 139.0915374755859 34.098472595214844
  endloop
endfacet
facet normal -0.0 0.958827902372605 0.2839877702151103
  outer loop
    vertex 75.14929962158202 139.0915374755859 34.098472595214844
    vertex 40.1504020690918 138.39314270019528 36.456462860107415
    vertex 75.14929962158202 138.39314270019528 36.456462860107415
  endloop
endfacet
facet normal 4.387660448786222e-06 0.6083141265880085 0.7936963672426736
  outer loop
    vertex 75.14929962158202 125.48833465576172 53.90673065185546
    vertex 40.1504020690918 127.38723754882811 52.45153045654297
    vertex 40.1504020690918 125.43573760986327 53.94742965698242
  endloop
endfacet
facet normal 4.387660448786222e-06 0.6083141265880085 0.7936963672426736
  outer loop
    vertex 40.1504020690918 127.38723754882811 52.45153045654297
    vertex 75.14929962158202 125.48833465576172 53.90673065185546
    vertex 75.14929962158202 127.38723754882811 52.45153045654297
  endloop
endfacet
facet normal -3.559860456764812e-07 0.6120753711541107 0.7907994309725007
  outer loop
    vertex 80.14869689941405 125.43573760986327 53.94742965698242
    vertex 75.14929962158202 125.48833465576172 53.90673065185546
    vertex 40.1504020690918 125.43573760986327 53.94742965698242
  endloop
endfacet
facet normal -3.559860456764812e-07 0.6120753711541107 0.7907994309725007
  outer loop
    vertex 75.14929962158202 125.48833465576172 53.90673065185546
    vertex 80.14869689941405 125.43573760986327 53.94742965698242
    vertex 80.14869689941405 125.48833465576172 53.90673065185546
  endloop
endfacet
facet normal -1.0 0.0 0.0
  outer loop
    vertex 75.14929962158202 71.55854034423828 55.37372970581055
    vertex 75.14929962158202 70.93144226074217 34.11714172363281
    vertex 75.14929962158202 69.54084014892578 52.96823120117187
  endloop
endfacet
facet normal -1.0 0.0 0.0
  outer loop
    vertex 75.14929962158202 70.93144226074217 34.11714172363281
    vertex 75.14929962158202 71.55854034423828 55.37372970581055
    vertex 75.14929962158202 71.40573883056639 35.83449935913086
  endloop
endfacet
facet normal -1.0 0.0 0.0
  outer loop
    vertex 75.14929962158202 71.40573883056639 35.83449935913086
    vertex 75.14929962158202 71.55854034423828 55.37372970581055
    vertex 75.14929962158202 72.22463989257812 38.15346145629882
  endloop
endfacet
facet normal -1.0 0.0 0.0
  outer loop
    vertex 75.14929962158202 72.22463989257812 38.15346145629882
    vertex 75.14929962158202 71.55854034423828 55.37372970581055
    vertex 75.14929962158202 73.74083709716795 57.63243103027344
  endloop
endfacet
facet normal -1.0 0.0 0.0
  outer loop
    vertex 75.14929962158202 72.22463989257812 38.15346145629882
    vertex 75.14929962158202 73.74083709716795 57.63243103027344
    vertex 75.14929962158202 73.2037353515625 40.40792083740234
  endloop
endfacet
facet normal -1.0 0.0 0.0
  outer loop
    vertex 75.14929962158202 73.2037353515625 40.40792083740234
    vertex 75.14929962158202 73.74083709716795 57.63243103027344
    vertex 75.14929962158202 74.33824157714842 42.59025955200195
  endloop
endfacet
facet normal -1.0 0.0 0.0
  outer loop
    vertex 75.14929962158202 74.33824157714842 42.59025955200195
    vertex 75.14929962158202 73.74083709716795 57.63243103027344
    vertex 75.14929962158202 76.07594299316406 59.73593139648437
  endloop
endfacet
facet normal -1.0 0.0 0.0
  outer loop
    vertex 75.14929962158202 74.33824157714842 42.59025955200195
    vertex 75.14929962158202 76.07594299316406 59.73593139648437
    vertex 75.14929962158202 75.62193298339842 44.685230255126946
  endloop
endfacet
facet normal -1.0 0.0 0.0
  outer loop
    vertex 75.14929962158202 75.62193298339842 44.685230255126946
    vertex 75.14929962158202 76.07594299316406 59.73593139648437
    vertex 75.14929962158202 77.04833984375 46.68682861328125
  endloop
endfacet
facet normal -1.0 0.0 0.0
  outer loop
    vertex 75.14929962158202 77.04833984375 46.68682861328125
    vertex 75.14929962158202 76.07594299316406 59.73593139648437
    vertex 75.14929962158202 78.55014038085938 61.66883087158203
  endloop
endfacet
facet normal -1.0 0.0 0.0
  outer loop
    vertex 75.14929962158202 77.04833984375 46.68682861328125
    vertex 75.14929962158202 78.55014038085938 61.66883087158203
    vertex 75.14929962158202 78.61123657226561 48.58663177490234
  endloop
endfacet
facet normal -1.0 0.0 0.0
  outer loop
    vertex 75.14929962158202 78.61123657226561 48.58663177490234
    vertex 75.14929962158202 78.55014038085938 61.66883087158203
    vertex 75.14929962158202 81.15423583984375 63.42512893676757
  endloop
endfacet
facet normal -1.0 0.0 0.0
  outer loop
    vertex 75.14929962158202 78.61123657226561 48.58663177490234
    vertex 75.14929962158202 81.15423583984375 63.42512893676757
    vertex 75.14929962158202 80.30233764648438 50.37013244628906
  endloop
endfacet
facet normal -1.0 0.0 0.0
  outer loop
    vertex 75.14929962158202 80.30233764648438 50.37013244628906
    vertex 75.14929962158202 81.15423583984375 63.42512893676757
    vertex 75.14929962158202 82.11303710937499 52.031532287597656
  endloop
endfacet
facet normal -1.0 0.0 0.0
  outer loop
    vertex 75.14929962158202 82.11303710937499 52.031532287597656
    vertex 75.14929962158202 81.15423583984375 63.42512893676757
    vertex 75.14929962158202 83.8745346069336 64.99492645263672
  endloop
endfacet
facet normal -1.0 0.0 0.0
  outer loop
    vertex 75.14929962158202 82.11303710937499 52.031532287597656
    vertex 75.14929962158202 83.8745346069336 64.99492645263672
    vertex 75.14929962158202 84.03573608398436 53.5639305114746
  endloop
endfacet
facet normal -1.0 0.0 0.0
  outer loop
    vertex 75.14929962158202 84.03573608398436 53.5639305114746
    vertex 75.14929962158202 83.8745346069336 64.99492645263672
    vertex 75.14929962158202 84.51253509521484 65.30802917480469
  endloop
endfacet
facet normal -1.0 0.0 0.0
  outer loop
    vertex 75.14929962158202 84.03573608398436 53.5639305114746
    vertex 75.14929962158202 84.51253509521484 65.30802917480469
    vertex 75.14929962158202 84.51253509521484 53.89063262939453
  endloop
endfacet
facet normal -1.0 0.0 0.0
  outer loop
    vertex 75.14929962158202 62.202136993408196 39.169109344482415
    vertex 75.14929962158202 61.202537536621094 -0.00017089843458961693
    vertex 75.14929962158202 61.202537536621094 39.169109344482415
  endloop
endfacet
facet normal -1.0 0.0 0.0
  outer loop
    vertex 75.14929962158202 61.202537536621094 -0.00017089843458961693
    vertex 75.14929962158202 62.202136993408196 39.169109344482415
    vertex 75.14929962158202 70.93144226074217 -0.00017089843458961693
  endloop
endfacet
facet normal -1.0 0.0 0.0
  outer loop
    vertex 75.14929962158202 70.93144226074217 -0.00017089843458961693
    vertex 75.14929962158202 62.202136993408196 39.169109344482415
    vertex 75.14929962158202 63.278038024902344 42.11935043334961
  endloop
endfacet
facet normal -1.0 0.0 0.0
  outer loop
    vertex 75.14929962158202 70.93144226074217 -0.00017089843458961693
    vertex 75.14929962158202 63.278038024902344 42.11935043334961
    vertex 75.14929962158202 64.55503845214844 44.989830017089844
  endloop
endfacet
facet normal -1.0 0.0 0.0
  outer loop
    vertex 75.14929962158202 70.93144226074217 -0.00017089843458961693
    vertex 75.14929962158202 64.55503845214844 44.989830017089844
    vertex 75.14929962158202 66.02883911132812 47.76272964477538
  endloop
endfacet
facet normal -1.0 0.0 0.0
  outer loop
    vertex 75.14929962158202 70.93144226074217 -0.00017089843458961693
    vertex 75.14929962158202 66.02883911132812 47.76272964477538
    vertex 75.14929962158202 67.69364166259766 50.42703247070312
  endloop
endfacet
facet normal -1.0 0.0 0.0
  outer loop
    vertex 75.14929962158202 70.93144226074217 -0.00017089843458961693
    vertex 75.14929962158202 67.69364166259766 50.42703247070312
    vertex 75.14929962158202 69.54084014892578 52.96823120117187
  endloop
endfacet
facet normal -1.0 0.0 0.0
  outer loop
    vertex 75.14929962158202 70.93144226074217 -0.00017089843458961693
    vertex 75.14929962158202 69.54084014892578 52.96823120117187
    vertex 75.14929962158202 70.93144226074217 34.11714172363281
  endloop
endfacet
facet normal -1.0 0.0 0.0
  outer loop
    vertex 75.14929962158202 73.78073883056639 34.3513298034668
    vertex 75.14929962158202 73.7205352783203 -0.00017089843458961693
    vertex 75.14929962158202 73.7205352783203 34.11714172363281
  endloop
endfacet
facet normal -1.0 0.0 0.0
  outer loop
    vertex 75.14929962158202 73.7205352783203 -0.00017089843458961693
    vertex 75.14929962158202 73.78073883056639 34.3513298034668
    vertex 75.14929962158202 84.51253509521484 -0.00017089843458961693
  endloop
endfacet
facet normal -1.0 0.0 0.0
  outer loop
    vertex 75.14929962158202 84.51253509521484 -0.00017089843458961693
    vertex 75.14929962158202 73.78073883056639 34.3513298034668
    vertex 75.14929962158202 74.49173736572266 36.50651931762695
  endloop
endfacet
facet normal -1.0 0.0 0.0
  outer loop
    vertex 75.14929962158202 84.51253509521484 -0.00017089843458961693
    vertex 75.14929962158202 74.49173736572266 36.50651931762695
    vertex 75.14929962158202 75.34963989257812 38.6073989868164
  endloop
endfacet
facet normal -1.0 0.0 0.0
  outer loop
    vertex 75.14929962158202 84.51253509521484 -0.00017089843458961693
    vertex 75.14929962158202 75.34963989257812 38.6073989868164
    vertex 75.14929962158202 76.35253906249999 40.644649505615234
  endloop
endfacet
facet normal -1.0 0.0 0.0
  outer loop
    vertex 75.14929962158202 84.51253509521484 -0.00017089843458961693
    vertex 75.14929962158202 76.35253906249999 40.644649505615234
    vertex 75.14929962158202 77.49463653564453 42.606380462646484
  endloop
endfacet
facet normal -1.0 0.0 0.0
  outer loop
    vertex 75.14929962158202 84.51253509521484 -0.00017089843458961693
    vertex 75.14929962158202 77.49463653564453 42.606380462646484
    vertex 75.14929962158202 78.7724380493164 44.48073196411133
  endloop
endfacet
facet normal -1.0 0.0 0.0
  outer loop
    vertex 75.14929962158202 84.51253509521484 -0.00017089843458961693
    vertex 75.14929962158202 78.7724380493164 44.48073196411133
    vertex 75.14929962158202 80.1767349243164 46.26512908935547
  endloop
endfacet
facet normal -1.0 0.0 0.0
  outer loop
    vertex 75.14929962158202 84.51253509521484 -0.00017089843458961693
    vertex 75.14929962158202 80.1767349243164 46.26512908935547
    vertex 75.14929962158202 81.7006378173828 47.94433212280273
  endloop
endfacet
facet normal -1.0 0.0 0.0
  outer loop
    vertex 75.14929962158202 84.51253509521484 -0.00017089843458961693
    vertex 75.14929962158202 81.7006378173828 47.94433212280273
    vertex 75.14929962158202 83.34163665771484 49.51483154296875
  endloop
endfacet
facet normal -1.0 0.0 0.0
  outer loop
    vertex 75.14929962158202 84.51253509521484 -0.00017089843458961693
    vertex 75.14929962158202 83.34163665771484 49.51483154296875
    vertex 75.14929962158202 84.51253509521484 50.48983001708984
  endloop
endfacet
facet normal -1.0 0.0 0.0
  outer loop
    vertex 75.14929962158202 126.12643432617186 64.99492645263672
    vertex 75.14929962158202 125.48833465576172 53.90673065185546
    vertex 75.14929962158202 125.48833465576172 65.30802917480469
  endloop
endfacet
facet normal -1.0 0.0 0.0
  outer loop
    vertex 75.14929962158202 125.48833465576172 53.90673065185546
    vertex 75.14929962158202 126.12643432617186 64.99492645263672
    vertex 75.14929962158202 127.38723754882811 52.45153045654297
  endloop
endfacet
facet normal -1.0 0.0 0.0
  outer loop
    vertex 75.14929962158202 127.38723754882811 52.45153045654297
    vertex 75.14929962158202 126.12643432617186 64.99492645263672
    vertex 75.14929962158202 128.84674072265622 63.42512893676757
  endloop
endfacet
facet normal -1.0 0.0 0.0
  outer loop
    vertex 75.14929962158202 127.38723754882811 52.45153045654297
    vertex 75.14929962158202 128.84674072265622 63.42512893676757
    vertex 75.14929962158202 129.23023986816406 50.82242965698242
  endloop
endfacet
facet normal -1.0 0.0 0.0
  outer loop
    vertex 75.14929962158202 129.23023986816406 50.82242965698242
    vertex 75.14929962158202 128.84674072265622 63.42512893676757
    vertex 75.14929962158202 131.45074462890625 61.66883087158203
  endloop
endfacet
facet normal -1.0 0.0 0.0
  outer loop
    vertex 75.14929962158202 129.23023986816406 50.82242965698242
    vertex 75.14929962158202 131.45074462890625 61.66883087158203
    vertex 75.14929962158202 130.9535369873047 49.07112884521484
  endloop
endfacet
facet normal -1.0 0.0 0.0
  outer loop
    vertex 75.14929962158202 130.9535369873047 49.07112884521484
    vertex 75.14929962158202 131.45074462890625 61.66883087158203
    vertex 75.14929962158202 132.5504455566406 47.20183181762695
  endloop
endfacet
facet normal -1.0 0.0 0.0
  outer loop
    vertex 75.14929962158202 132.5504455566406 47.20183181762695
    vertex 75.14929962158202 131.45074462890625 61.66883087158203
    vertex 75.14929962158202 133.92494201660156 59.73593139648437
  endloop
endfacet
facet normal -1.0 0.0 0.0
  outer loop
    vertex 75.14929962158202 132.5504455566406 47.20183181762695
    vertex 75.14929962158202 133.92494201660156 59.73593139648437
    vertex 75.14929962158202 134.0140380859375 45.225730895996094
  endloop
endfacet
facet normal -1.0 0.0 0.0
  outer loop
    vertex 75.14929962158202 134.0140380859375 45.225730895996094
    vertex 75.14929962158202 133.92494201660156 59.73593139648437
    vertex 75.14929962158202 136.26004028320312 57.63243103027344
  endloop
endfacet
facet normal -1.0 0.0 0.0
  outer loop
    vertex 75.14929962158202 134.0140380859375 45.225730895996094
    vertex 75.14929962158202 136.26004028320312 57.63243103027344
    vertex 75.14929962158202 135.33602905273438 43.15533065795898
  endloop
endfacet
facet normal -1.0 0.0 0.0
  outer loop
    vertex 75.14929962158202 135.33602905273438 43.15533065795898
    vertex 75.14929962158202 136.26004028320312 57.63243103027344
    vertex 75.14929962158202 136.51034545898438 40.99507904052734
  endloop
endfacet
facet normal -1.0 0.0 0.0
  outer loop
    vertex 75.14929962158202 136.51034545898438 40.99507904052734
    vertex 75.14929962158202 136.26004028320312 57.63243103027344
    vertex 75.14929962158202 138.44152832031247 55.37372970581055
  endloop
endfacet
facet normal -1.0 0.0 0.0
  outer loop
    vertex 75.14929962158202 136.51034545898438 40.99507904052734
    vertex 75.14929962158202 138.44152832031247 55.37372970581055
    vertex 75.14929962158202 137.53193664550778 38.759281158447266
  endloop
endfacet
facet normal -1.0 0.0 0.0
  outer loop
    vertex 75.14929962158202 137.53193664550778 38.759281158447266
    vertex 75.14929962158202 138.44152832031247 55.37372970581055
    vertex 75.14929962158202 138.39314270019528 36.456462860107415
  endloop
endfacet
facet normal -1.0 0.0 0.0
  outer loop
    vertex 75.14929962158202 138.39314270019528 36.456462860107415
    vertex 75.14929962158202 138.44152832031247 55.37372970581055
    vertex 75.14929962158202 139.0915374755859 34.098472595214844
  endloop
endfacet
facet normal -1.0 0.0 0.0
  outer loop
    vertex 75.14929962158202 139.0915374755859 34.098472595214844
    vertex 75.14929962158202 138.44152832031247 55.37372970581055
    vertex 75.14929962158202 140.46014404296875 52.96823120117187
  endloop
endfacet
facet normal -1.0 0.0 0.0
  outer loop
    vertex 75.14929962158202 139.0915374755859 34.098472595214844
    vertex 75.14929962158202 140.46014404296875 52.96823120117187
    vertex 75.14929962158202 139.0915374755859 -0.00017089843458961693
  endloop
endfacet
facet normal -1.0 0.0 0.0
  outer loop
    vertex 75.14929962158202 139.0915374755859 -0.00017089843458961693
    vertex 75.14929962158202 140.46014404296875 52.96823120117187
    vertex 75.14929962158202 148.7974395751953 -0.00017089843458961693
  endloop
endfacet
facet normal -1.0 0.0 0.0
  outer loop
    vertex 75.14929962158202 148.7974395751953 -0.00017089843458961693
    vertex 75.14929962158202 140.46014404296875 52.96823120117187
    vertex 75.14929962158202 142.30734252929688 50.42703247070312
  endloop
endfacet
facet normal -1.0 0.0 0.0
  outer loop
    vertex 75.14929962158202 148.7974395751953 -0.00017089843458961693
    vertex 75.14929962158202 142.30734252929688 50.42703247070312
    vertex 75.14929962158202 143.97204589843747 47.76272964477538
  endloop
endfacet
facet normal -1.0 0.0 0.0
  outer loop
    vertex 75.14929962158202 148.7974395751953 -0.00017089843458961693
    vertex 75.14929962158202 143.97204589843747 47.76272964477538
    vertex 75.14929962158202 145.44503784179685 44.989830017089844
  endloop
endfacet
facet normal -1.0 0.0 0.0
  outer loop
    vertex 75.14929962158202 148.7974395751953 -0.00017089843458961693
    vertex 75.14929962158202 145.44503784179685 44.989830017089844
    vertex 75.14929962158202 146.72293090820312 42.11935043334961
  endloop
endfacet
facet normal -1.0 0.0 0.0
  outer loop
    vertex 75.14929962158202 148.7974395751953 -0.00017089843458961693
    vertex 75.14929962158202 146.72293090820312 42.11935043334961
    vertex 75.14929962158202 147.79884338378906 39.169109344482415
  endloop
endfacet
facet normal -1.0 0.0 0.0
  outer loop
    vertex 75.14929962158202 148.7974395751953 -0.00017089843458961693
    vertex 75.14929962158202 147.79884338378906 39.169109344482415
    vertex 75.14929962158202 148.7974395751953 39.169109344482415
  endloop
endfacet
facet normal 9.887822296777755e-20 -0.994396068913201 0.10571876905248531
  outer loop
    vertex 209.85040283203125 70.35963439941406 30.130889892578125
    vertex 172.3415985107422 70.23063659667969 28.91753005981445
    vertex 209.85040283203125 70.23063659667969 28.91753005981445
  endloop
endfacet
facet normal 9.887822296777755e-20 -0.994396068913201 0.10571876905248531
  outer loop
    vertex 172.3415985107422 70.23063659667969 28.91753005981445
    vertex 209.85040283203125 70.35963439941406 30.130889892578125
    vertex 172.3415985107422 70.35963439941406 30.130889892578125
  endloop
endfacet
facet normal -7.669916766365729e-11 -0.9848043687849011 0.17366736948020148
  outer loop
    vertex 209.85040283203125 70.7838363647461 32.53638458251953
    vertex 172.3415985107422 70.35963439941406 30.130889892578125
    vertex 209.85040283203125 70.35963439941406 30.130889892578125
  endloop
endfacet
facet normal -7.669916766365729e-11 -0.9848043687849011 0.17366736948020148
  outer loop
    vertex 172.3415985107422 70.35963439941406 30.130889892578125
    vertex 209.85040283203125 70.7838363647461 32.53638458251953
    vertex 172.35009765625 70.7838363647461 32.53638458251953
  endloop
endfacet
facet normal 0.0 0.5849528434835491 -0.8110673035577939
  outer loop
    vertex 80.14869689941405 86.9265365600586 52.29373168945312
    vertex 45.14980316162109 85.08533477783203 50.9658317565918
    vertex 45.14980316162109 86.9265365600586 52.29373168945312
  endloop
endfacet
facet normal 0.0 0.5849528434835491 -0.8110673035577939
  outer loop
    vertex 45.14980316162109 85.08533477783203 50.9658317565918
    vertex 80.14869689941405 86.9265365600586 52.29373168945312
    vertex 80.14869689941405 85.08533477783203 50.9658317565918
  endloop
endfacet
facet normal 1.7502640691211157e-05 0.785686448506061 -0.6186249302506248
  outer loop
    vertex 45.14980316162109 80.1767349243164 46.26343154907226
    vertex 75.14929962158202 78.7724380493164 44.48073196411133
    vertex 45.14980316162109 78.7724380493164 44.48073196411133
  endloop
endfacet
facet normal 1.7502640691211157e-05 0.785686448506061 -0.6186249302506248
  outer loop
    vertex 75.14929962158202 78.7724380493164 44.48073196411133
    vertex 45.14980316162109 80.1767349243164 46.26343154907226
    vertex 75.14929962158202 80.1767349243164 46.26512908935547
  endloop
endfacet
facet normal 1.9008351160889282e-05 0.7406928941110658 -0.6718437588100794
  outer loop
    vertex 45.14980316162109 81.7006378173828 47.94433212280273
    vertex 75.14929962158202 80.1767349243164 46.26512908935547
    vertex 45.14980316162109 80.1767349243164 46.26343154907226
  endloop
endfacet
facet normal 1.9008351160889282e-05 0.7406928941110658 -0.6718437588100794
  outer loop
    vertex 75.14929962158202 80.1767349243164 46.26512908935547
    vertex 45.14980316162109 81.7006378173828 47.94433212280273
    vertex 75.14929962158202 81.7006378173828 47.94433212280273
  endloop
endfacet
facet normal -1.9611309745568515e-05 0.6916010647369937 -0.722279701272335
  outer loop
    vertex 75.14929962158202 83.34163665771484 49.51483154296875
    vertex 45.14980316162109 81.7006378173828 47.94433212280273
    vertex 45.14980316162109 83.33993530273438 49.51483154296875
  endloop
endfacet
facet normal -1.9611309745568515e-05 0.6916010647369937 -0.722279701272335
  outer loop
    vertex 45.14980316162109 81.7006378173828 47.94433212280273
    vertex 75.14929962158202 83.34163665771484 49.51483154296875
    vertex 75.14929962158202 81.7006378173828 47.94433212280273
  endloop
endfacet
facet normal -3.476803831219254e-19 0.46524473927589033 -0.8851820900674104
  outer loop
    vertex 73.14939880371094 90.86444091796874 54.54483032226562
    vertex 45.14980316162109 88.85604095458984 53.48923110961914
    vertex 45.14980316162109 90.86444091796874 54.54483032226562
  endloop
endfacet
facet normal -3.476803831219254e-19 0.46524473927589033 -0.8851820900674104
  outer loop
    vertex 45.14980316162109 88.85604095458984 53.48923110961914
    vertex 73.14939880371094 90.86444091796874 54.54483032226562
    vertex 80.14869689941405 88.85604095458984 53.48923110961914
  endloop
endfacet
facet normal -3.476803831219254e-19 0.46524473927589033 -0.8851820900674104
  outer loop
    vertex 80.14869689941405 88.85604095458984 53.48923110961914
    vertex 73.14939880371094 90.86444091796874 54.54483032226562
    vertex 80.14869689941405 90.86444091796874 54.54483032226562
  endloop
endfacet
facet normal 0.0 0.526687191948133 -0.8500591754917951
  outer loop
    vertex 80.14869689941405 88.85604095458984 53.48923110961914
    vertex 45.14980316162109 86.9265365600586 52.29373168945312
    vertex 45.14980316162109 88.85604095458984 53.48923110961914
  endloop
endfacet
facet normal 0.0 0.526687191948133 -0.8500591754917951
  outer loop
    vertex 45.14980316162109 86.9265365600586 52.29373168945312
    vertex 80.14869689941405 88.85604095458984 53.48923110961914
    vertex 80.14869689941405 86.9265365600586 52.29373168945312
  endloop
endfacet
facet normal -8.09224656209574e-31 0.8980090931149864 0.43997689562384945
  outer loop
    vertex 172.35009765625 136.42123413085938 40.587799072265625
    vertex 209.85040283203125 136.95834350585938 39.491539001464844
    vertex 172.35009765625 136.95834350585938 39.491539001464844
  endloop
endfacet
facet normal -8.09224656209574e-31 0.8980090931149864 0.43997689562384945
  outer loop
    vertex 209.85040283203125 136.95834350585938 39.491539001464844
    vertex 172.35009765625 136.42123413085938 40.587799072265625
    vertex 209.85040283203125 136.42123413085938 40.587799072265625
  endloop
endfacet
facet normal 4.203493992936484e-06 0.829265423370363 0.5588549521876881
  outer loop
    vertex 172.35009765625 133.30133056640625 45.82563018798828
    vertex 209.85040283203125 134.66574096679685 43.80102920532226
    vertex 172.35009765625 134.66574096679685 43.80102920532226
  endloop
endfacet
facet normal 4.203493992936484e-06 0.829265423370363 0.5588549521876881
  outer loop
    vertex 209.85040283203125 134.66574096679685 43.80102920532226
    vertex 172.35009765625 133.30133056640625 45.82563018798828
    vertex 209.85040283203125 133.30133056640625 45.82563018798828
  endloop
endfacet
facet normal -1.646777178234329e-19 0.9946335089757843 0.10346102078811349
  outer loop
    vertex 172.35009765625 139.7703399658203 28.91753005981445
    vertex 209.85040283203125 139.896728515625 27.70248031616211
    vertex 172.35009765625 139.896728515625 27.70248031616211
  endloop
endfacet
facet normal -1.646777178234329e-19 0.9946335089757843 0.10346102078811349
  outer loop
    vertex 209.85040283203125 139.896728515625 27.70248031616211
    vertex 172.35009765625 139.7703399658203 28.91753005981445
    vertex 209.85040283203125 139.7703399658203 28.91753005981445
  endloop
endfacet
facet normal -0.0 0.9943182623288133 0.10644807748103927
  outer loop
    vertex 172.35009765625 139.64044189453125 30.130891799926754
    vertex 209.85040283203125 139.7703399658203 28.91753005981445
    vertex 172.35009765625 139.7703399658203 28.91753005981445
  endloop
endfacet
facet normal -0.0 0.9943182623288133 0.10644807748103927
  outer loop
    vertex 209.85040283203125 139.7703399658203 28.91753005981445
    vertex 172.35009765625 139.64044189453125 30.130891799926754
    vertex 209.85040283203125 139.64044189453125 30.130891799926754
  endloop
endfacet
facet normal 3.671457108674838e-12 0.9704015704580956 0.2414969814562118
  outer loop
    vertex 172.35009765625 138.62733459472656 34.90625
    vertex 209.85040283203125 139.217041015625 32.53638458251953
    vertex 172.35009765625 139.217041015625 32.53638458251953
  endloop
endfacet
facet normal 3.671457108674838e-12 0.9704015704580956 0.2414969814562118
  outer loop
    vertex 209.85040283203125 139.217041015625 32.53638458251953
    vertex 172.35009765625 138.62733459472656 34.90625
    vertex 209.85040283203125 138.62733459472656 34.90625
  endloop
endfacet
facet normal 4.291280064343429e-07 0.7878514575496826 0.6158653106294075
  outer loop
    vertex 172.35009765625 131.79772949218747 47.74913024902343
    vertex 209.85040283203125 133.30133056640625 45.82563018798828
    vertex 172.35009765625 133.30133056640625 45.82563018798828
  endloop
endfacet
facet normal 4.291280064343429e-07 0.7878514575496826 0.6158653106294075
  outer loop
    vertex 209.85040283203125 133.30133056640625 45.82563018798828
    vertex 172.35009765625 131.79772949218747 47.74913024902343
    vertex 209.85040283203125 131.79772949218747 47.74913024902343
  endloop
endfacet
facet normal -2.41958052229762e-12 0.7431846203134764 0.6690864070727441
  outer loop
    vertex 172.35009765625 130.16444396972656 49.563232421875
    vertex 209.85040283203125 131.79772949218747 47.74913024902343
    vertex 172.35009765625 131.79772949218747 47.74913024902343
  endloop
endfacet
facet normal -2.41958052229762e-12 0.7431846203134764 0.6690864070727441
  outer loop
    vertex 209.85040283203125 131.79772949218747 47.74913024902343
    vertex 172.35009765625 130.16444396972656 49.563232421875
    vertex 209.85040283203125 130.16444396972656 49.563232421875
  endloop
endfacet
facet normal -1.9587297468552814e-12 0.9510269268170065 0.30910804659374436
  outer loop
    vertex 172.35009765625 137.8730316162109 37.22689056396484
    vertex 209.85040283203125 138.62733459472656 34.90625
    vertex 172.35009765625 138.62733459472656 34.90625
  endloop
endfacet
facet normal -1.9587297468552814e-12 0.9510269268170065 0.30910804659374436
  outer loop
    vertex 209.85040283203125 138.62733459472656 34.90625
    vertex 172.35009765625 137.8730316162109 37.22689056396484
    vertex 209.85040283203125 137.8730316162109 37.22689056396484
  endloop
endfacet
facet normal 6.966851176176312e-19 0.8991201412261673 0.4377019209935422
  outer loop
    vertex 172.35009765625 135.88673400878906 41.685760498046875
    vertex 209.85040283203125 136.42123413085938 40.587799072265625
    vertex 172.35009765625 136.42123413085938 40.587799072265625
  endloop
endfacet
facet normal 6.966851176176312e-19 0.8991201412261673 0.4377019209935422
  outer loop
    vertex 209.85040283203125 136.42123413085938 40.587799072265625
    vertex 172.35009765625 135.88673400878906 41.685760498046875
    vertex 209.85040283203125 135.88673400878906 41.685760498046875
  endloop
endfacet
facet normal -0.0 0.8664213004683378 0.49931365903082864
  outer loop
    vertex 172.35009765625 135.27743530273435 42.7430305480957
    vertex 209.85040283203125 135.88673400878906 41.685760498046875
    vertex 172.35009765625 135.88673400878906 41.685760498046875
  endloop
endfacet
facet normal -0.0 0.8664213004683378 0.49931365903082864
  outer loop
    vertex 209.85040283203125 135.88673400878906 41.685760498046875
    vertex 172.35009765625 135.27743530273435 42.7430305480957
    vertex 209.85040283203125 135.27743530273435 42.7430305480957
  endloop
endfacet
facet normal 7.171952036628952e-31 0.8657210519639402 0.50052678268645
  outer loop
    vertex 172.35009765625 134.66574096679685 43.80102920532226
    vertex 209.85040283203125 135.27743530273435 42.7430305480957
    vertex 172.35009765625 135.27743530273435 42.7430305480957
  endloop
endfacet
facet normal 7.171952036628952e-31 0.8657210519639402 0.50052678268645
  outer loop
    vertex 209.85040283203125 135.27743530273435 42.7430305480957
    vertex 172.35009765625 134.66574096679685 43.80102920532226
    vertex 209.85040283203125 134.66574096679685 43.80102920532226
  endloop
endfacet
facet normal 8.22085738304795e-06 0.694309606004148 0.7196764348947258
  outer loop
    vertex 209.85040283203125 128.4071350097656 51.25852966308593
    vertex 172.35009765625 130.16444396972656 49.563232421875
    vertex 172.35009765625 128.4071350097656 51.25852966308593
  endloop
endfacet
facet normal 8.22085738304795e-06 0.694309606004148 0.7196764348947258
  outer loop
    vertex 172.35009765625 130.16444396972656 49.563232421875
    vertex 209.85040283203125 128.4071350097656 51.25852966308593
    vertex 209.85040283203125 130.16444396972656 49.563232421875
  endloop
endfacet
facet normal -5.215249128446088e-06 0.9848603904039338 0.173349391075401
  outer loop
    vertex 172.35009765625 139.217041015625 32.53638458251953
    vertex 209.85040283203125 139.64044189453125 30.130891799926754
    vertex 172.35009765625 139.64044189453125 30.130891799926754
  endloop
endfacet
facet normal -5.215249128446088e-06 0.9848603904039338 0.173349391075401
  outer loop
    vertex 209.85040283203125 139.64044189453125 30.130891799926754
    vertex 172.35009765625 139.217041015625 32.53638458251953
    vertex 209.85040283203125 139.217041015625 32.53638458251953
  endloop
endfacet
facet normal 0.0 0.5004162278808927 -0.8657849611037712
  outer loop
    vertex 167.35069274902344 84.51253509521484 60.171131134033196
    vertex 152.34249877929688 83.53933715820312 59.6086311340332
    vertex 152.34249877929688 84.51253509521484 60.171131134033196
  endloop
endfacet
facet normal 0.0 0.5004162278808927 -0.8657849611037712
  outer loop
    vertex 152.34249877929688 83.53933715820312 59.6086311340332
    vertex 167.35069274902344 84.51253509521484 60.171131134033196
    vertex 167.35069274902344 83.53933715820312 59.6086311340332
  endloop
endfacet
facet normal 0.0 0.5004162278808926 -0.8657849611037712
  outer loop
    vertex 95.14929962158203 84.51253509521484 60.171131134033196
    vertex 80.14869689941405 83.53933715820312 59.6086311340332
    vertex 80.14869689941405 84.51253509521484 60.171131134033196
  endloop
endfacet
facet normal 0.0 0.5004162278808926 -0.8657849611037712
  outer loop
    vertex 80.14869689941405 83.53933715820312 59.6086311340332
    vertex 95.14929962158203 84.51253509521484 60.171131134033196
    vertex 95.14929962158203 83.53933715820312 59.6086311340332
  endloop
endfacet
facet normal -0.0 0.9135604502004071 0.40670296756924396
  outer loop
    vertex 152.34249877929688 145.44503784179685 44.989830017089844
    vertex 172.35009765625 146.72293090820312 42.11935043334961
    vertex 152.34249877929688 146.72293090820312 42.11935043334961
  endloop
endfacet
facet normal -0.0 0.9135604502004071 0.40670296756924396
  outer loop
    vertex 172.35009765625 146.72293090820312 42.11935043334961
    vertex 152.34249877929688 145.44503784179685 44.989830017089844
    vertex 172.35009765625 145.44503784179685 44.989830017089844
  endloop
endfacet
facet normal -0.0 0.9135604502004071 0.40670296756924396
  outer loop
    vertex 75.14929962158202 145.44503784179685 44.989830017089844
    vertex 95.14929962158203 146.72293090820312 42.11935043334961
    vertex 75.14929962158202 146.72293090820312 42.11935043334961
  endloop
endfacet
facet normal -0.0 0.9135604502004071 0.40670296756924396
  outer loop
    vertex 95.14929962158203 146.72293090820312 42.11935043334961
    vertex 75.14929962158202 145.44503784179685 44.989830017089844
    vertex 95.14929962158203 145.44503784179685 44.989830017089844
  endloop
endfacet
facet normal -9.045376532106767e-12 0.9272249648031927 0.374504825931146
  outer loop
    vertex 172.35009765625 136.95834350585938 39.491539001464844
    vertex 209.85040283203125 137.8730316162109 37.22689056396484
    vertex 172.35009765625 137.8730316162109 37.22689056396484
  endloop
endfacet
facet normal -9.045376532106767e-12 0.9272249648031927 0.374504825931146
  outer loop
    vertex 209.85040283203125 137.8730316162109 37.22689056396484
    vertex 172.35009765625 136.95834350585938 39.491539001464844
    vertex 209.85040283203125 136.95834350585938 39.491539001464844
  endloop
endfacet
facet normal -1.6723426894091458e-30 -0.9975398336369152 -0.07010192798800591
  outer loop
    vertex 202.35049438476562 134.83543395996094 28.399101257324215
    vertex 167.35069274902344 134.98223876953125 26.310091018676758
    vertex 202.35049438476562 134.98223876953125 26.310091018676758
  endloop
endfacet
facet normal -1.6723426894091458e-30 -0.9975398336369152 -0.07010192798800591
  outer loop
    vertex 167.35069274902344 134.98223876953125 26.310091018676758
    vertex 202.35049438476562 134.83543395996094 28.399101257324215
    vertex 167.35069274902344 134.83543395996094 28.399101257324215
  endloop
endfacet
facet normal 3.010593705821243e-13 0.9993961535783912 0.03474662879642854
  outer loop
    vertex 172.35009765625 139.896728515625 27.70248031616211
    vertex 209.85040283203125 139.98153686523438 25.26304054260254
    vertex 172.35009765625 139.98153686523438 25.26304054260254
  endloop
endfacet
facet normal 3.010593705821243e-13 0.9993961535783912 0.03474662879642854
  outer loop
    vertex 209.85040283203125 139.98153686523438 25.26304054260254
    vertex 172.35009765625 139.896728515625 27.70248031616211
    vertex 209.85040283203125 139.896728515625 27.70248031616211
  endloop
endfacet
facet normal -0.0 0.8480678089466304 0.5298877158686184
  outer loop
    vertex 152.34249877929688 142.30734252929688 50.42703247070312
    vertex 172.35009765625 143.97204589843747 47.76272964477538
    vertex 152.34249877929688 143.97204589843747 47.76272964477538
  endloop
endfacet
facet normal -0.0 0.8480678089466304 0.5298877158686184
  outer loop
    vertex 172.35009765625 143.97204589843747 47.76272964477538
    vertex 152.34249877929688 142.30734252929688 50.42703247070312
    vertex 172.35009765625 142.30734252929688 50.42703247070312
  endloop
endfacet
facet normal -0.0 0.8480678089466304 0.5298877158686185
  outer loop
    vertex 75.14929962158202 142.30734252929688 50.42703247070312
    vertex 95.14929962158203 143.97204589843747 47.76272964477538
    vertex 75.14929962158202 143.97204589843747 47.76272964477538
  endloop
endfacet
facet normal -0.0 0.8480678089466304 0.5298877158686185
  outer loop
    vertex 95.14929962158203 143.97204589843747 47.76272964477538
    vertex 75.14929962158202 142.30734252929688 50.42703247070312
    vertex 95.14929962158203 142.30734252929688 50.42703247070312
  endloop
endfacet
facet normal -0.0 0.8831303638668423 0.46912765897612446
  outer loop
    vertex 152.34249877929688 143.97204589843747 47.76272964477538
    vertex 172.35009765625 145.44503784179685 44.989830017089844
    vertex 152.34249877929688 145.44503784179685 44.989830017089844
  endloop
endfacet
facet normal -0.0 0.8831303638668423 0.46912765897612446
  outer loop
    vertex 172.35009765625 145.44503784179685 44.989830017089844
    vertex 152.34249877929688 143.97204589843747 47.76272964477538
    vertex 172.35009765625 143.97204589843747 47.76272964477538
  endloop
endfacet
facet normal -0.0 0.8831303638668422 0.46912765897612446
  outer loop
    vertex 75.14929962158202 143.97204589843747 47.76272964477538
    vertex 95.14929962158203 145.44503784179685 44.989830017089844
    vertex 75.14929962158202 145.44503784179685 44.989830017089844
  endloop
endfacet
facet normal -0.0 0.8831303638668422 0.46912765897612446
  outer loop
    vertex 95.14929962158203 145.44503784179685 44.989830017089844
    vertex 75.14929962158202 143.97204589843747 47.76272964477538
    vertex 95.14929962158203 143.97204589843747 47.76272964477538
  endloop
endfacet
facet normal -0.0 0.9394762260215961 0.3426140988637493
  outer loop
    vertex 152.34249877929688 146.72293090820312 42.11935043334961
    vertex 172.35009765625 147.79884338378906 39.169109344482415
    vertex 152.34249877929688 147.79884338378906 39.169109344482415
  endloop
endfacet
facet normal -0.0 0.9394762260215961 0.3426140988637493
  outer loop
    vertex 172.35009765625 147.79884338378906 39.169109344482415
    vertex 152.34249877929688 146.72293090820312 42.11935043334961
    vertex 172.35009765625 146.72293090820312 42.11935043334961
  endloop
endfacet
facet normal -0.0 0.9394762260215961 0.3426140988637492
  outer loop
    vertex 75.14929962158202 146.72293090820312 42.11935043334961
    vertex 95.14929962158203 147.79884338378906 39.169109344482415
    vertex 75.14929962158202 147.79884338378906 39.169109344482415
  endloop
endfacet
facet normal -0.0 0.9394762260215961 0.3426140988637492
  outer loop
    vertex 95.14929962158203 147.79884338378906 39.169109344482415
    vertex 75.14929962158202 146.72293090820312 42.11935043334961
    vertex 95.14929962158203 146.72293090820312 42.11935043334961
  endloop
endfacet
facet normal 5.711613228049923e-31 -0.4405626179810835 0.8977218832342531
  outer loop
    vertex 172.3415985107422 83.8745346069336 64.99492645263672
    vertex 152.34249877929688 84.51253509521484 65.30802917480469
    vertex 152.34249877929688 83.8745346069336 64.99492645263672
  endloop
endfacet
facet normal 5.711613228049923e-31 -0.4405626179810835 0.8977218832342531
  outer loop
    vertex 152.34249877929688 84.51253509521484 65.30802917480469
    vertex 172.3415985107422 83.8745346069336 64.99492645263672
    vertex 172.3415985107422 84.51253509521484 65.30802917480469
  endloop
endfacet
facet normal -0.0 -0.4405626179810835 0.8977218832342531
  outer loop
    vertex 95.14929962158203 83.8745346069336 64.99492645263672
    vertex 75.14929962158202 84.51253509521484 65.30802917480469
    vertex 75.14929962158202 83.8745346069336 64.99492645263672
  endloop
endfacet
facet normal -0.0 -0.4405626179810835 0.8977218832342531
  outer loop
    vertex 75.14929962158202 84.51253509521484 65.30802917480469
    vertex 95.14929962158203 83.8745346069336 64.99492645263672
    vertex 95.14929962158203 84.51253509521484 65.30802917480469
  endloop
endfacet
facet normal -0.0 0.3091593139943503 0.9510102620742548
  outer loop
    vertex 209.85040283203125 114.63601684570311 58.86962890625
    vertex 202.35049438476562 116.95663452148436 58.11523056030273
    vertex 202.35049438476562 114.63601684570311 58.86962890625
  endloop
endfacet
facet normal -0.0 0.3091593139943503 0.9510102620742548
  outer loop
    vertex 202.35049438476562 116.95663452148436 58.11523056030273
    vertex 209.85040283203125 114.63601684570311 58.86962890625
    vertex 209.85040283203125 116.95663452148436 58.11523056030273
  endloop
endfacet
facet normal 0.0 -1.0 0.0
  outer loop
    vertex 202.35049438476562 121.47403717041014 56.098430633544915
    vertex 172.35009765625 121.47403717041014 50.31583023071289
    vertex 202.35049438476562 121.47403717041014 50.31583023071289
  endloop
endfacet
facet normal 0.0 -1.0 0.0
  outer loop
    vertex 172.35009765625 121.47403717041014 50.31583023071289
    vertex 202.35049438476562 121.47403717041014 56.098430633544915
    vertex 172.35009765625 121.47403717041014 56.098430633544915
  endloop
endfacet
facet normal 1.2366892775883326e-18 -0.10495322846851775 0.9944771590308323
  outer loop
    vertex 209.85040283203125 100.13430786132811 59.88273239135742
    vertex 202.35049438476562 102.56186676025389 60.1389274597168
    vertex 202.35049438476562 100.13430786132811 59.88273239135742
  endloop
endfacet
facet normal 1.2366892775883326e-18 -0.10495322846851775 0.9944771590308323
  outer loop
    vertex 202.35049438476562 102.56186676025389 60.1389274597168
    vertex 209.85040283203125 100.13430786132811 59.88273239135742
    vertex 209.85040283203125 102.56186676025389 60.1389274597168
  endloop
endfacet
facet normal -2.4493567348113073e-18 0.17358637233311347 0.9848186489604216
  outer loop
    vertex 209.85040283203125 109.86660003662108 59.88273239135742
    vertex 202.35049438476562 112.26870727539061 59.459331512451165
    vertex 202.35049438476562 109.86660003662108 59.88273239135742
  endloop
endfacet
facet normal -2.4493567348113073e-18 0.17358637233311347 0.9848186489604216
  outer loop
    vertex 202.35049438476562 112.26870727539061 59.459331512451165
    vertex 209.85040283203125 109.86660003662108 59.88273239135742
    vertex 209.85040283203125 112.26870727539061 59.459331512451165
  endloop
endfacet
facet normal 0.0 -1.0 0.0
  outer loop
    vertex 95.14929962158203 125.48833465576172 65.30802917480469
    vertex 80.14869689941405 125.48833465576172 60.171131134033196
    vertex 95.14929962158203 125.48833465576172 60.171131134033196
  endloop
endfacet
facet normal 0.0 -1.0 0.0
  outer loop
    vertex 80.14869689941405 125.48833465576172 60.171131134033196
    vertex 75.14929962158202 125.48833465576172 53.90673065185546
    vertex 80.14869689941405 125.48833465576172 53.90673065185546
  endloop
endfacet
facet normal 0.0 -1.0 0.0
  outer loop
    vertex 75.14929962158202 125.48833465576172 53.90673065185546
    vertex 80.14869689941405 125.48833465576172 60.171131134033196
    vertex 75.14929962158202 125.48833465576172 65.30802917480469
  endloop
endfacet
facet normal 0.0 -1.0 0.0
  outer loop
    vertex 75.14929962158202 125.48833465576172 65.30802917480469
    vertex 80.14869689941405 125.48833465576172 60.171131134033196
    vertex 95.14929962158203 125.48833465576172 65.30802917480469
  endloop
endfacet
facet normal 0.0 -1.0 0.0
  outer loop
    vertex 80.14869689941405 125.48833465576172 50.49573135375976
    vertex 75.14929962158202 125.48833465576172 -0.00017089843458961693
    vertex 80.14869689941405 125.48833465576172 -0.00017089843458961693
  endloop
endfacet
facet normal 0.0 -1.0 0.0
  outer loop
    vertex 75.14929962158202 125.48833465576172 -0.00017089843458961693
    vertex 80.14869689941405 125.48833465576172 50.49573135375976
    vertex 75.14929962158202 125.48833465576172 50.49573135375976
  endloop
endfacet
facet normal 0.0 -1.0 0.0
  outer loop
    vertex 172.35009765625 125.48833465576172 53.59193038940429
    vertex 167.35069274902344 125.48833465576172 47.16113281249999
    vertex 172.35009765625 125.48833465576172 47.159431457519524
  endloop
endfacet
facet normal 0.0 -1.0 0.0
  outer loop
    vertex 167.35069274902344 125.48833465576172 47.16113281249999
    vertex 172.35009765625 125.48833465576172 53.59193038940429
    vertex 167.35069274902344 125.48833465576172 60.171131134033196
  endloop
endfacet
facet normal 0.0 -1.0 0.0
  outer loop
    vertex 167.35069274902344 125.48833465576172 60.171131134033196
    vertex 172.35009765625 125.48833465576172 53.59193038940429
    vertex 172.35009765625 125.48833465576172 65.30802917480469
  endloop
endfacet
facet normal 0.0 -1.0 0.0
  outer loop
    vertex 167.35069274902344 125.48833465576172 60.171131134033196
    vertex 172.35009765625 125.48833465576172 65.30802917480469
    vertex 152.34249877929688 125.48833465576172 60.171131134033196
  endloop
endfacet
facet normal 0.0 -1.0 0.0
  outer loop
    vertex 152.34249877929688 125.48833465576172 60.171131134033196
    vertex 172.35009765625 125.48833465576172 65.30802917480469
    vertex 152.34249877929688 125.48833465576172 65.30802917480469
  endloop
endfacet
facet normal 0.0 -1.0 0.0
  outer loop
    vertex 45.14980316162109 125.48833465576172 25.26304054260254
    vertex 40.1504020690918 125.48833465576172 -0.00017089843458961693
    vertex 45.14980316162109 125.48833465576172 -0.00017089843458961693
  endloop
endfacet
facet normal 0.0 -1.0 0.0
  outer loop
    vertex 40.1504020690918 125.48833465576172 -0.00017089843458961693
    vertex 45.14980316162109 125.48833465576172 25.26304054260254
    vertex 40.1504020690918 125.48833465576172 25.26304054260254
  endloop
endfacet
facet normal -0.0 -0.49981666226655147 0.8661312280022722
  outer loop
    vertex 95.14929962158203 81.15423583984375 63.42512893676757
    vertex 75.14929962158202 83.8745346069336 64.99492645263672
    vertex 75.14929962158202 81.15423583984375 63.42512893676757
  endloop
endfacet
facet normal -0.0 -0.49981666226655147 0.8661312280022722
  outer loop
    vertex 75.14929962158202 83.8745346069336 64.99492645263672
    vertex 95.14929962158203 81.15423583984375 63.42512893676757
    vertex 95.14929962158203 83.8745346069336 64.99492645263672
  endloop
endfacet
facet normal -0.0 -0.4998166622665516 0.8661312280022722
  outer loop
    vertex 172.3415985107422 81.15423583984375 63.42512893676757
    vertex 152.34249877929688 83.8745346069336 64.99492645263672
    vertex 152.34249877929688 81.15423583984375 63.42512893676757
  endloop
endfacet
facet normal -0.0 -0.4998166622665516 0.8661312280022722
  outer loop
    vertex 152.34249877929688 83.8745346069336 64.99492645263672
    vertex 172.3415985107422 81.15423583984375 63.42512893676757
    vertex 172.3415985107422 83.8745346069336 64.99492645263672
  endloop
endfacet
facet normal 2.404692498256524e-18 -0.24171509846354364 0.9703472631871333
  outer loop
    vertex 209.85040283203125 95.3648910522461 58.86962890625
    vertex 202.35049438476562 97.73220825195311 59.459331512451165
    vertex 202.35049438476562 95.3648910522461 58.86962890625
  endloop
endfacet
facet normal 2.404692498256524e-18 -0.24171509846354364 0.9703472631871333
  outer loop
    vertex 202.35049438476562 97.73220825195311 59.459331512451165
    vertex 209.85040283203125 95.3648910522461 58.86962890625
    vertex 209.85040283203125 97.73220825195311 59.459331512451165
  endloop
endfacet
facet normal -0.0 0.37470831668201904 0.9271427492081938
  outer loop
    vertex 209.85040283203125 116.95663452148436 58.11523056030273
    vertex 202.35049438476562 119.21963500976562 57.200630187988274
    vertex 202.35049438476562 116.95663452148436 58.11523056030273
  endloop
endfacet
facet normal -0.0 0.37470831668201904 0.9271427492081938
  outer loop
    vertex 202.35049438476562 119.21963500976562 57.200630187988274
    vertex 209.85040283203125 116.95663452148436 58.11523056030273
    vertex 209.85040283203125 119.21963500976562 57.200630187988274
  endloop
endfacet
facet normal 6.214018745338696e-19 0.034806247237829796 0.9993940790064844
  outer loop
    vertex 209.85040283203125 105.00045776367188 60.22382736206055
    vertex 202.35049438476562 107.43819427490233 60.1389274597168
    vertex 202.35049438476562 105.00045776367188 60.22382736206055
  endloop
endfacet
facet normal 6.214018745338696e-19 0.034806247237829796 0.9993940790064844
  outer loop
    vertex 202.35049438476562 107.43819427490233 60.1389274597168
    vertex 209.85040283203125 105.00045776367188 60.22382736206055
    vertex 209.85040283203125 107.43819427490233 60.1389274597168
  endloop
endfacet
facet normal -4.389884065107651e-30 0.2417158319515999 0.9703470804737581
  outer loop
    vertex 209.85040283203125 112.26870727539061 59.459331512451165
    vertex 202.35049438476562 114.63601684570311 58.86962890625
    vertex 202.35049438476562 112.26870727539061 59.459331512451165
  endloop
endfacet
facet normal -4.389884065107651e-30 0.2417158319515999 0.9703470804737581
  outer loop
    vertex 202.35049438476562 114.63601684570311 58.86962890625
    vertex 209.85040283203125 112.26870727539061 59.459331512451165
    vertex 209.85040283203125 114.63601684570311 58.86962890625
  endloop
endfacet
facet normal -0.0 -0.37472243393992516 0.9271370435389465
  outer loop
    vertex 209.85040283203125 90.78133392333984 57.200630187988274
    vertex 202.35049438476562 93.04423522949219 58.11523056030273
    vertex 202.35049438476562 90.78133392333984 57.200630187988274
  endloop
endfacet
facet normal -0.0 -0.37472243393992516 0.9271370435389465
  outer loop
    vertex 202.35049438476562 93.04423522949219 58.11523056030273
    vertex 209.85040283203125 90.78133392333984 57.200630187988274
    vertex 209.85040283203125 93.04423522949219 58.11523056030273
  endloop
endfacet
facet normal -0.0 -0.30915471775000924 0.9510117562327567
  outer loop
    vertex 209.85040283203125 93.04423522949219 58.11523056030273
    vertex 202.35049438476562 95.3648910522461 58.86962890625
    vertex 202.35049438476562 93.04423522949219 58.11523056030273
  endloop
endfacet
facet normal -0.0 -0.30915471775000924 0.9510117562327567
  outer loop
    vertex 202.35049438476562 95.3648910522461 58.86962890625
    vertex 209.85040283203125 93.04423522949219 58.11523056030273
    vertex 209.85040283203125 95.3648910522461 58.86962890625
  endloop
endfacet
facet normal 2.7525483743522116e-19 -0.03479406575518985 0.9993945031809128
  outer loop
    vertex 209.85040283203125 102.56186676025389 60.1389274597168
    vertex 202.35049438476562 105.00045776367188 60.22382736206055
    vertex 202.35049438476562 102.56186676025389 60.1389274597168
  endloop
endfacet
facet normal 2.7525483743522116e-19 -0.03479406575518985 0.9993945031809128
  outer loop
    vertex 202.35049438476562 105.00045776367188 60.22382736206055
    vertex 209.85040283203125 102.56186676025389 60.1389274597168
    vertex 209.85040283203125 105.00045776367188 60.22382736206055
  endloop
endfacet
facet normal -0.0 1.0 -0.0
  outer loop
    vertex 172.35009765625 88.52684020996094 56.098430633544915
    vertex 202.35049438476562 88.52684020996094 50.31583023071289
    vertex 172.35009765625 88.52684020996094 50.31583023071289
  endloop
endfacet
facet normal -0.0 1.0 -0.0
  outer loop
    vertex 202.35049438476562 88.52684020996094 50.31583023071289
    vertex 172.35009765625 88.52684020996094 56.098430633544915
    vertex 202.35049438476562 88.52684020996094 56.098430633544915
  endloop
endfacet
facet normal 1.236694027336608e-18 0.10491703087256367 0.9944809785173799
  outer loop
    vertex 209.85040283203125 107.43819427490233 60.1389274597168
    vertex 202.35049438476562 109.86660003662108 59.88273239135742
    vertex 202.35049438476562 107.43819427490233 60.1389274597168
  endloop
endfacet
facet normal 1.236694027336608e-18 0.10491703087256367 0.9944809785173799
  outer loop
    vertex 202.35049438476562 109.86660003662108 59.88273239135742
    vertex 209.85040283203125 107.43819427490233 60.1389274597168
    vertex 209.85040283203125 109.86660003662108 59.88273239135742
  endloop
endfacet
facet normal -2.44935650039761e-18 -0.17358690705400662 0.9848185547091524
  outer loop
    vertex 209.85040283203125 97.73220825195311 59.459331512451165
    vertex 202.35049438476562 100.13430786132811 59.88273239135742
    vertex 202.35049438476562 97.73220825195311 59.459331512451165
  endloop
endfacet
facet normal -2.44935650039761e-18 -0.17358690705400662 0.9848185547091524
  outer loop
    vertex 202.35049438476562 100.13430786132811 59.88273239135742
    vertex 209.85040283203125 97.73220825195311 59.459331512451165
    vertex 209.85040283203125 100.13430786132811 59.88273239135742
  endloop
endfacet
facet normal 0.0 0.6689191112390416 -0.7433352020583789
  outer loop
    vertex 167.35069274902344 78.9684371948242 56.2884292602539
    vertex 152.34249877929688 76.86673736572266 54.397132873535156
    vertex 152.34249877929688 78.9684371948242 56.2884292602539
  endloop
endfacet
facet normal 0.0 0.6689191112390416 -0.7433352020583789
  outer loop
    vertex 152.34249877929688 76.86673736572266 54.397132873535156
    vertex 167.35069274902344 78.9684371948242 56.2884292602539
    vertex 167.35069274902344 76.86673736572266 54.397132873535156
  endloop
endfacet
facet normal 0.0 0.6689191112390415 -0.7433352020583789
  outer loop
    vertex 95.14929962158203 78.9684371948242 56.2884292602539
    vertex 80.14869689941405 76.86673736572266 54.397132873535156
    vertex 80.14869689941405 78.9684371948242 56.2884292602539
  endloop
endfacet
facet normal 0.0 0.6689191112390415 -0.7433352020583789
  outer loop
    vertex 80.14869689941405 76.86673736572266 54.397132873535156
    vertex 95.14929962158203 78.9684371948242 56.2884292602539
    vertex 95.14929962158203 76.86673736572266 54.397132873535156
  endloop
endfacet
facet normal 0.0 -0.8830236445739024 0.46932850235567714
  outer loop
    vertex 172.3415985107422 66.02883911132812 47.76272964477538
    vertex 152.34249877929688 64.55503845214844 44.989830017089844
    vertex 172.3415985107422 64.55503845214844 44.989830017089844
  endloop
endfacet
facet normal 0.0 -0.8830236445739024 0.46932850235567714
  outer loop
    vertex 152.34249877929688 64.55503845214844 44.989830017089844
    vertex 172.3415985107422 66.02883911132812 47.76272964477538
    vertex 152.34249877929688 66.02883911132812 47.76272964477538
  endloop
endfacet
facet normal 0.0 -0.8830236445739023 0.469328502355677
  outer loop
    vertex 95.14929962158203 66.02883911132812 47.76272964477538
    vertex 75.14929962158202 64.55503845214844 44.989830017089844
    vertex 95.14929962158203 64.55503845214844 44.989830017089844
  endloop
endfacet
facet normal 0.0 -0.8830236445739023 0.469328502355677
  outer loop
    vertex 75.14929962158202 64.55503845214844 44.989830017089844
    vertex 95.14929962158203 66.02883911132812 47.76272964477538
    vertex 75.14929962158202 66.02883911132812 47.76272964477538
  endloop
endfacet
facet normal 0.0 -0.8480536217401781 0.5299104213481436
  outer loop
    vertex 172.3415985107422 67.69364166259766 50.42703247070312
    vertex 152.34249877929688 66.02883911132812 47.76272964477538
    vertex 172.3415985107422 66.02883911132812 47.76272964477538
  endloop
endfacet
facet normal 0.0 -0.8480536217401781 0.5299104213481436
  outer loop
    vertex 152.34249877929688 66.02883911132812 47.76272964477538
    vertex 172.3415985107422 67.69364166259766 50.42703247070312
    vertex 152.34249877929688 67.69364166259766 50.42703247070312
  endloop
endfacet
facet normal 0.0 -0.8480536217401781 0.5299104213481436
  outer loop
    vertex 95.14929962158203 67.69364166259766 50.42703247070312
    vertex 75.14929962158202 66.02883911132812 47.76272964477538
    vertex 95.14929962158203 66.02883911132812 47.76272964477538
  endloop
endfacet
facet normal 0.0 -0.8480536217401781 0.5299104213481436
  outer loop
    vertex 75.14929962158202 66.02883911132812 47.76272964477538
    vertex 95.14929962158203 67.69364166259766 50.42703247070312
    vertex 75.14929962158202 67.69364166259766 50.42703247070312
  endloop
endfacet
facet normal -0.0 -0.6156307440926286 0.7880347625123885
  outer loop
    vertex 95.14929962158203 76.07594299316406 59.73593139648437
    vertex 75.14929962158202 78.55014038085938 61.66883087158203
    vertex 75.14929962158202 76.07594299316406 59.73593139648437
  endloop
endfacet
facet normal -0.0 -0.6156307440926286 0.7880347625123885
  outer loop
    vertex 75.14929962158202 78.55014038085938 61.66883087158203
    vertex 95.14929962158203 76.07594299316406 59.73593139648437
    vertex 95.14929962158203 78.55014038085938 61.66883087158203
  endloop
endfacet
facet normal 3.445300383263342e-18 -0.6156307440926286 0.7880347625123885
  outer loop
    vertex 172.3415985107422 76.07594299316406 59.73593139648437
    vertex 152.34249877929688 78.55014038085938 61.66883087158203
    vertex 152.34249877929688 76.07594299316406 59.73593139648437
  endloop
endfacet
facet normal 3.445300383263342e-18 -0.6156307440926286 0.7880347625123885
  outer loop
    vertex 152.34249877929688 78.55014038085938 61.66883087158203
    vertex 172.3415985107422 76.07594299316406 59.73593139648437
    vertex 172.3415985107422 78.55014038085938 61.66883087158203
  endloop
endfacet
facet normal 4.258312381089707e-31 -0.6692995582014878 0.7429926657722089
  outer loop
    vertex 172.3415985107422 73.74083709716795 57.63243103027344
    vertex 152.34249877929688 76.07594299316406 59.73593139648437
    vertex 152.34249877929688 73.74083709716795 57.63243103027344
  endloop
endfacet
facet normal 4.258312381089707e-31 -0.6692995582014878 0.7429926657722089
  outer loop
    vertex 152.34249877929688 76.07594299316406 59.73593139648437
    vertex 172.3415985107422 73.74083709716795 57.63243103027344
    vertex 172.3415985107422 76.07594299316406 59.73593139648437
  endloop
endfacet
facet normal -0.0 -0.6692995582014878 0.7429926657722089
  outer loop
    vertex 95.14929962158203 73.74083709716795 57.63243103027344
    vertex 75.14929962158202 76.07594299316406 59.73593139648437
    vertex 75.14929962158202 73.74083709716795 57.63243103027344
  endloop
endfacet
facet normal -0.0 -0.6692995582014878 0.7429926657722089
  outer loop
    vertex 75.14929962158202 76.07594299316406 59.73593139648437
    vertex 95.14929962158203 73.74083709716795 57.63243103027344
    vertex 95.14929962158203 76.07594299316406 59.73593139648437
  endloop
endfacet
facet normal -3.2905269273673927e-18 -0.8088793014688996 0.587974723653309
  outer loop
    vertex 172.3415985107422 69.54084014892578 52.96823120117187
    vertex 152.34249877929688 67.69364166259766 50.42703247070312
    vertex 172.3415985107422 67.69364166259766 50.42703247070312
  endloop
endfacet
facet normal -3.2905269273673927e-18 -0.8088793014688996 0.587974723653309
  outer loop
    vertex 152.34249877929688 67.69364166259766 50.42703247070312
    vertex 172.3415985107422 69.54084014892578 52.96823120117187
    vertex 152.34249877929688 69.54084014892578 52.96823120117187
  endloop
endfacet
facet normal 0.0 -0.8088793014688996 0.587974723653309
  outer loop
    vertex 95.14929962158203 69.54084014892578 52.96823120117187
    vertex 75.14929962158202 67.69364166259766 50.42703247070312
    vertex 95.14929962158203 67.69364166259766 50.42703247070312
  endloop
endfacet
facet normal 0.0 -0.8088793014688996 0.587974723653309
  outer loop
    vertex 75.14929962158202 67.69364166259766 50.42703247070312
    vertex 95.14929962158203 69.54084014892578 52.96823120117187
    vertex 75.14929962158202 69.54084014892578 52.96823120117187
  endloop
endfacet
facet normal 1.0899037243012591e-31 -0.9394773990246663 0.34261088237510484
  outer loop
    vertex 172.3415985107422 63.278038024902344 42.11935043334961
    vertex 152.34249877929688 62.202136993408196 39.169109344482415
    vertex 172.3415985107422 62.202136993408196 39.169109344482415
  endloop
endfacet
facet normal 1.0899037243012591e-31 -0.9394773990246663 0.34261088237510484
  outer loop
    vertex 152.34249877929688 62.202136993408196 39.169109344482415
    vertex 172.3415985107422 63.278038024902344 42.11935043334961
    vertex 152.34249877929688 63.278038024902344 42.11935043334961
  endloop
endfacet
facet normal 0.0 -0.9394773990246663 0.3426108823751048
  outer loop
    vertex 95.14929962158203 63.278038024902344 42.11935043334961
    vertex 75.14929962158202 62.202136993408196 39.169109344482415
    vertex 95.14929962158203 62.202136993408196 39.169109344482415
  endloop
endfacet
facet normal 0.0 -0.9394773990246663 0.3426108823751048
  outer loop
    vertex 75.14929962158202 62.202136993408196 39.169109344482415
    vertex 95.14929962158203 63.278038024902344 42.11935043334961
    vertex 75.14929962158202 63.278038024902344 42.11935043334961
  endloop
endfacet
facet normal 1.717278720175469e-31 -0.5591520933825957 0.8290650978456764
  outer loop
    vertex 172.3415985107422 78.55014038085938 61.66883087158203
    vertex 152.34249877929688 81.15423583984375 63.42512893676757
    vertex 152.34249877929688 78.55014038085938 61.66883087158203
  endloop
endfacet
facet normal 1.717278720175469e-31 -0.5591520933825957 0.8290650978456764
  outer loop
    vertex 152.34249877929688 81.15423583984375 63.42512893676757
    vertex 172.3415985107422 78.55014038085938 61.66883087158203
    vertex 172.3415985107422 81.15423583984375 63.42512893676757
  endloop
endfacet
facet normal -0.0 -0.5591520933825957 0.8290650978456764
  outer loop
    vertex 95.14929962158203 78.55014038085938 61.66883087158203
    vertex 75.14929962158202 81.15423583984375 63.42512893676757
    vertex 75.14929962158202 78.55014038085938 61.66883087158203
  endloop
endfacet
facet normal -0.0 -0.5591520933825957 0.8290650978456764
  outer loop
    vertex 75.14929962158202 81.15423583984375 63.42512893676757
    vertex 95.14929962158203 78.55014038085938 61.66883087158203
    vertex 95.14929962158203 81.15423583984375 63.42512893676757
  endloop
endfacet
facet normal 0.0 -0.9136659853025995 0.4064658255020096
  outer loop
    vertex 172.3415985107422 64.55503845214844 44.989830017089844
    vertex 152.34249877929688 63.278038024902344 42.11935043334961
    vertex 172.3415985107422 63.278038024902344 42.11935043334961
  endloop
endfacet
facet normal 0.0 -0.9136659853025995 0.4064658255020096
  outer loop
    vertex 152.34249877929688 63.278038024902344 42.11935043334961
    vertex 172.3415985107422 64.55503845214844 44.989830017089844
    vertex 152.34249877929688 64.55503845214844 44.989830017089844
  endloop
endfacet
facet normal 0.0 -0.9136659853025995 0.4064658255020096
  outer loop
    vertex 95.14929962158203 64.55503845214844 44.989830017089844
    vertex 75.14929962158202 63.278038024902344 42.11935043334961
    vertex 95.14929962158203 63.278038024902344 42.11935043334961
  endloop
endfacet
facet normal 0.0 -0.9136659853025995 0.4064658255020096
  outer loop
    vertex 75.14929962158202 63.278038024902344 42.11935043334961
    vertex 95.14929962158203 64.55503845214844 44.989830017089844
    vertex 75.14929962158202 64.55503845214844 44.989830017089844
  endloop
endfacet
facet normal -0.0 0.7196026052010378 -0.6943861249966617
  outer loop
    vertex 152.34249877929688 76.86673736572266 54.397132873535156
    vertex 167.35069274902344 74.90333557128905 52.362430572509766
    vertex 152.34249877929688 74.90333557128905 52.362430572509766
  endloop
endfacet
facet normal -0.0 0.7196026052010378 -0.6943861249966617
  outer loop
    vertex 167.35069274902344 74.90333557128905 52.362430572509766
    vertex 152.34249877929688 76.86673736572266 54.397132873535156
    vertex 167.35069274902344 76.86673736572266 54.397132873535156
  endloop
endfacet
facet normal -0.0 0.7196026052010378 -0.6943861249966617
  outer loop
    vertex 80.14869689941405 76.86673736572266 54.397132873535156
    vertex 95.14929962158203 74.90333557128905 52.362430572509766
    vertex 80.14869689941405 74.90333557128905 52.362430572509766
  endloop
endfacet
facet normal -0.0 0.7196026052010378 -0.6943861249966617
  outer loop
    vertex 95.14929962158203 74.90333557128905 52.362430572509766
    vertex 80.14869689941405 76.86673736572266 54.397132873535156
    vertex 95.14929962158203 76.86673736572266 54.397132873535156
  endloop
endfacet
facet normal 3.88857739865057e-18 -0.7191656823038443 0.6948386297525823
  outer loop
    vertex 172.3415985107422 73.74083709716795 57.63243103027344
    vertex 152.34249877929688 71.55854034423828 55.37372970581055
    vertex 172.3415985107422 71.55854034423828 55.37372970581055
  endloop
endfacet
facet normal 3.88857739865057e-18 -0.7191656823038443 0.6948386297525823
  outer loop
    vertex 152.34249877929688 71.55854034423828 55.37372970581055
    vertex 172.3415985107422 73.74083709716795 57.63243103027344
    vertex 152.34249877929688 73.74083709716795 57.63243103027344
  endloop
endfacet
facet normal 0.0 -0.7191656823038444 0.6948386297525823
  outer loop
    vertex 95.14929962158203 73.74083709716795 57.63243103027344
    vertex 75.14929962158202 71.55854034423828 55.37372970581055
    vertex 95.14929962158203 71.55854034423828 55.37372970581055
  endloop
endfacet
facet normal 0.0 -0.7191656823038444 0.6948386297525823
  outer loop
    vertex 75.14929962158202 71.55854034423828 55.37372970581055
    vertex 95.14929962158203 73.74083709716795 57.63243103027344
    vertex 75.14929962158202 73.74083709716795 57.63243103027344
  endloop
endfacet
facet normal -0.0 0.8481617780008464 -0.5297372918140114
  outer loop
    vertex 152.34249877929688 71.42363739013672 47.91033172607421
    vertex 167.35069274902344 69.92604064941406 45.51253128051757
    vertex 152.34249877929688 69.92604064941406 45.51253128051757
  endloop
endfacet
facet normal -0.0 0.8481617780008464 -0.5297372918140114
  outer loop
    vertex 167.35069274902344 69.92604064941406 45.51253128051757
    vertex 152.34249877929688 71.42363739013672 47.91033172607421
    vertex 167.35069274902344 71.42363739013672 47.91033172607421
  endloop
endfacet
facet normal -0.0 0.8481617780008464 -0.5297372918140115
  outer loop
    vertex 80.14869689941405 71.42363739013672 47.91033172607421
    vertex 95.14929962158203 69.92604064941406 45.51253128051757
    vertex 80.14869689941405 69.92604064941406 45.51253128051757
  endloop
endfacet
facet normal -0.0 0.8481617780008464 -0.5297372918140115
  outer loop
    vertex 95.14929962158203 69.92604064941406 45.51253128051757
    vertex 80.14869689941405 71.42363739013672 47.91033172607421
    vertex 95.14929962158203 71.42363739013672 47.91033172607421
  endloop
endfacet
facet normal -0.0 1.0 -0.0
  outer loop
    vertex 40.1504020690918 84.51253509521484 25.26304054260254
    vertex 45.14980316162109 84.51253509521484 -0.00017089843458961693
    vertex 40.1504020690918 84.51253509521484 -0.00017089843458961693
  endloop
endfacet
facet normal -0.0 1.0 -0.0
  outer loop
    vertex 45.14980316162109 84.51253509521484 -0.00017089843458961693
    vertex 40.1504020690918 84.51253509521484 25.26304054260254
    vertex 45.14980316162109 84.51253509521484 25.26304054260254
  endloop
endfacet
facet normal -0.0 1.0 -0.0
  outer loop
    vertex 75.14929962158202 84.51253509521484 50.48983001708984
    vertex 80.14869689941405 84.51253509521484 -0.00017089843458961693
    vertex 75.14929962158202 84.51253509521484 -0.00017089843458961693
  endloop
endfacet
facet normal -0.0 1.0 -0.0
  outer loop
    vertex 80.14869689941405 84.51253509521484 -0.00017089843458961693
    vertex 75.14929962158202 84.51253509521484 50.48983001708984
    vertex 80.14869689941405 84.51253509521484 50.48983001708984
  endloop
endfacet
facet normal -0.0 1.0 -0.0
  outer loop
    vertex 152.34249877929688 84.51253509521484 65.30802917480469
    vertex 167.35069274902344 84.51253509521484 60.171131134033196
    vertex 152.34249877929688 84.51253509521484 60.171131134033196
  endloop
endfacet
facet normal -0.0 1.0 -0.0
  outer loop
    vertex 167.35069274902344 84.51253509521484 60.171131134033196
    vertex 172.35009765625 84.51253509521484 47.16113281249999
    vertex 167.35069274902344 84.51253509521484 47.16113281249999
  endloop
endfacet
facet normal -0.0 1.0 -0.0
  outer loop
    vertex 172.35009765625 84.51253509521484 47.16113281249999
    vertex 167.35069274902344 84.51253509521484 60.171131134033196
    vertex 172.3415985107422 84.51253509521484 53.59193038940429
  endloop
endfacet
facet normal -0.0 1.0 -0.0
  outer loop
    vertex 172.3415985107422 84.51253509521484 53.59193038940429
    vertex 167.35069274902344 84.51253509521484 60.171131134033196
    vertex 172.3415985107422 84.51253509521484 65.30802917480469
  endloop
endfacet
facet normal -0.0 1.0 -0.0
  outer loop
    vertex 172.3415985107422 84.51253509521484 65.30802917480469
    vertex 167.35069274902344 84.51253509521484 60.171131134033196
    vertex 152.34249877929688 84.51253509521484 65.30802917480469
  endloop
endfacet
facet normal -0.0 1.0 -0.0
  outer loop
    vertex 75.14929962158202 84.51253509521484 65.30802917480469
    vertex 80.14869689941405 84.51253509521484 53.89063262939453
    vertex 75.14929962158202 84.51253509521484 53.89063262939453
  endloop
endfacet
facet normal -0.0 1.0 -0.0
  outer loop
    vertex 80.14869689941405 84.51253509521484 53.89063262939453
    vertex 75.14929962158202 84.51253509521484 65.30802917480469
    vertex 80.14869689941405 84.51253509521484 60.171131134033196
  endloop
endfacet
facet normal -0.0 1.0 -0.0
  outer loop
    vertex 80.14869689941405 84.51253509521484 60.171131134033196
    vertex 75.14929962158202 84.51253509521484 65.30802917480469
    vertex 95.14929962158203 84.51253509521484 60.171131134033196
  endloop
endfacet
facet normal -0.0 1.0 -0.0
  outer loop
    vertex 95.14929962158203 84.51253509521484 60.171131134033196
    vertex 75.14929962158202 84.51253509521484 65.30802917480469
    vertex 95.14929962158203 84.51253509521484 65.30802917480469
  endloop
endfacet
facet normal 1.3140706155060672e-18 0.7191544716760631 -0.6948502326892628
  outer loop
    vertex 167.35069274902344 84.16133880615234 46.84292984008789
    vertex 202.35049438476562 82.70613861083983 45.33683013916015
    vertex 167.35069274902344 82.70613861083983 45.33683013916015
  endloop
endfacet
facet normal 1.3140706155060672e-18 0.7191544716760631 -0.6948502326892628
  outer loop
    vertex 202.35049438476562 82.70613861083983 45.33683013916015
    vertex 167.35069274902344 84.16133880615234 46.84292984008789
    vertex 202.35049438476562 84.16133880615234 46.84292984008789
  endloop
endfacet
facet normal 0.0 -0.9135427661845754 -0.4067426881356744
  outer loop
    vertex 202.35049438476562 131.96493530273438 38.4139404296875
    vertex 167.35069274902344 132.81683349609375 36.50057983398437
    vertex 202.35049438476562 132.81683349609375 36.50057983398437
  endloop
endfacet
facet normal 0.0 -0.9135427661845754 -0.4067426881356744
  outer loop
    vertex 167.35069274902344 132.81683349609375 36.50057983398437
    vertex 202.35049438476562 131.96493530273438 38.4139404296875
    vertex 167.35069274902344 131.96493530273438 38.4139404296875
  endloop
endfacet
facet normal 1.2054201131373977e-30 0.9902898841177908 -0.1390177881207017
  outer loop
    vertex 167.35069274902344 75.45653533935547 30.47198104858398
    vertex 202.35049438476562 75.16554260253906 28.399101257324215
    vertex 167.35069274902344 75.16554260253906 28.399101257324215
  endloop
endfacet
facet normal 1.2054201131373977e-30 0.9902898841177908 -0.1390177881207017
  outer loop
    vertex 202.35049438476562 75.16554260253906 28.399101257324215
    vertex 167.35069274902344 75.45653533935547 30.47198104858398
    vertex 202.35049438476562 75.45653533935547 30.47198104858398
  endloop
endfacet
facet normal -8.781508653118985e-19 0.9611753191092218 -0.2759384096773878
  outer loop
    vertex 167.35069274902344 76.46963500976562 34.532901763916016
    vertex 202.35049438476562 75.89183807373045 32.520263671875
    vertex 167.35069274902344 75.89183807373045 32.520263671875
  endloop
endfacet
facet normal -8.781508653118985e-19 0.9611753191092218 -0.2759384096773878
  outer loop
    vertex 202.35049438476562 75.89183807373045 32.520263671875
    vertex 167.35069274902344 76.46963500976562 34.532901763916016
    vertex 202.35049438476562 76.46963500976562 34.532901763916016
  endloop
endfacet
facet normal -2.8868745250233026e-31 -0.7191544716760604 -0.6948502326892656
  outer loop
    vertex 202.35049438476562 125.83963775634764 46.84292984008789
    vertex 167.35069274902344 127.29483795166016 45.33683013916015
    vertex 202.35049438476562 127.29483795166016 45.33683013916015
  endloop
endfacet
facet normal -2.8868745250233026e-31 -0.7191544716760604 -0.6948502326892656
  outer loop
    vertex 167.35069274902344 127.29483795166016 45.33683013916015
    vertex 202.35049438476562 125.83963775634764 46.84292984008789
    vertex 167.35069274902344 125.83963775634764 46.84292984008789
  endloop
endfacet
facet normal 8.592114251055271e-19 -0.8825478343507366 -0.4702226282122386
  outer loop
    vertex 202.35049438476562 130.97984313964844 40.26283264160156
    vertex 167.35069274902344 131.96493530273438 38.4139404296875
    vertex 202.35049438476562 131.96493530273438 38.4139404296875
  endloop
endfacet
facet normal 8.592114251055271e-19 -0.8825478343507366 -0.4702226282122386
  outer loop
    vertex 167.35069274902344 131.96493530273438 38.4139404296875
    vertex 202.35049438476562 130.97984313964844 40.26283264160156
    vertex 167.35069274902344 130.97984313964844 40.26283264160156
  endloop
endfacet
facet normal -3.664518154650934e-31 -0.808849518273091 -0.5880156943393505
  outer loop
    vertex 202.35049438476562 128.64134216308594 43.73233032226562
    vertex 167.35069274902344 129.87254333496094 42.03874206542969
    vertex 202.35049438476562 129.87254333496094 42.03874206542969
  endloop
endfacet
facet normal -3.664518154650934e-31 -0.808849518273091 -0.5880156943393505
  outer loop
    vertex 167.35069274902344 129.87254333496094 42.03874206542969
    vertex 202.35049438476562 128.64134216308594 43.73233032226562
    vertex 167.35069274902344 128.64134216308594 43.73233032226562
  endloop
endfacet
facet normal 0.0 -1.0 0.0
  outer loop
    vertex 167.35069274902344 145.47563171386716 26.675790786743164
    vertex 80.14869689941405 145.47563171386716 -0.00017089843458961693
    vertex 167.35069274902344 145.47563171386716 -0.00017089843458961693
  endloop
endfacet
facet normal 0.0 -1.0 0.0
  outer loop
    vertex 80.14869689941405 145.47563171386716 -0.00017089843458961693
    vertex 167.35069274902344 145.47563171386716 26.675790786743164
    vertex 80.14869689941405 145.47563171386716 26.675790786743164
  endloop
endfacet
facet normal -1.0 0.0 0.0
  outer loop
    vertex 167.35069274902344 76.86673736572266 54.397132873535156
    vertex 167.35069274902344 75.01783752441406 26.310091018676758
    vertex 167.35069274902344 74.90333557128905 52.362430572509766
  endloop
endfacet
facet normal -1.0 0.0 0.0
  outer loop
    vertex 167.35069274902344 75.01783752441406 26.310091018676758
    vertex 167.35069274902344 76.86673736572266 54.397132873535156
    vertex 167.35069274902344 75.16554260253906 28.399101257324215
  endloop
endfacet
facet normal -1.0 0.0 0.0
  outer loop
    vertex 167.35069274902344 75.16554260253906 28.399101257324215
    vertex 167.35069274902344 76.86673736572266 54.397132873535156
    vertex 167.35069274902344 75.45653533935547 30.47198104858398
  endloop
endfacet
facet normal -1.0 0.0 0.0
  outer loop
    vertex 167.35069274902344 75.45653533935547 30.47198104858398
    vertex 167.35069274902344 76.86673736572266 54.397132873535156
    vertex 167.35069274902344 75.89183807373045 32.520263671875
  endloop
endfacet
facet normal -1.0 0.0 0.0
  outer loop
    vertex 167.35069274902344 75.89183807373045 32.520263671875
    vertex 167.35069274902344 76.86673736572266 54.397132873535156
    vertex 167.35069274902344 76.46963500976562 34.532901763916016
  endloop
endfacet
facet normal -1.0 0.0 0.0
  outer loop
    vertex 167.35069274902344 76.46963500976562 34.532901763916016
    vertex 167.35069274902344 76.86673736572266 54.397132873535156
    vertex 167.35069274902344 77.18403625488281 36.50057983398437
  endloop
endfacet
facet normal -1.0 0.0 0.0
  outer loop
    vertex 167.35069274902344 77.18403625488281 36.50057983398437
    vertex 167.35069274902344 76.86673736572266 54.397132873535156
    vertex 167.35069274902344 78.9684371948242 56.2884292602539
  endloop
endfacet
facet normal -1.0 0.0 0.0
  outer loop
    vertex 167.35069274902344 77.18403625488281 36.50057983398437
    vertex 167.35069274902344 78.9684371948242 56.2884292602539
    vertex 167.35069274902344 78.03593444824219 38.4139404296875
  endloop
endfacet
facet normal -1.0 0.0 0.0
  outer loop
    vertex 167.35069274902344 78.03593444824219 38.4139404296875
    vertex 167.35069274902344 78.9684371948242 56.2884292602539
    vertex 167.35069274902344 79.01853942871092 40.26283264160156
  endloop
endfacet
facet normal -1.0 0.0 0.0
  outer loop
    vertex 167.35069274902344 79.01853942871092 40.26283264160156
    vertex 167.35069274902344 78.9684371948242 56.2884292602539
    vertex 167.35069274902344 81.19403839111328 58.02783203125
  endloop
endfacet
facet normal -1.0 0.0 0.0
  outer loop
    vertex 167.35069274902344 79.01853942871092 40.26283264160156
    vertex 167.35069274902344 81.19403839111328 58.02783203125
    vertex 167.35069274902344 80.12833404541016 42.03874206542969
  endloop
endfacet
facet normal -1.0 0.0 0.0
  outer loop
    vertex 167.35069274902344 80.12833404541016 42.03874206542969
    vertex 167.35069274902344 81.19403839111328 58.02783203125
    vertex 167.35069274902344 81.35953521728516 43.73233032226562
  endloop
endfacet
facet normal -1.0 0.0 0.0
  outer loop
    vertex 167.35069274902344 81.35953521728516 43.73233032226562
    vertex 167.35069274902344 81.19403839111328 58.02783203125
    vertex 167.35069274902344 83.53933715820312 59.6086311340332
  endloop
endfacet
facet normal -1.0 0.0 0.0
  outer loop
    vertex 167.35069274902344 81.35953521728516 43.73233032226562
    vertex 167.35069274902344 83.53933715820312 59.6086311340332
    vertex 167.35069274902344 82.70613861083983 45.33683013916015
  endloop
endfacet
facet normal -1.0 0.0 0.0
  outer loop
    vertex 167.35069274902344 82.70613861083983 45.33683013916015
    vertex 167.35069274902344 83.53933715820312 59.6086311340332
    vertex 167.35069274902344 84.16133880615234 46.84292984008789
  endloop
endfacet
facet normal -1.0 0.0 0.0
  outer loop
    vertex 167.35069274902344 84.16133880615234 46.84292984008789
    vertex 167.35069274902344 83.53933715820312 59.6086311340332
    vertex 167.35069274902344 84.51253509521484 60.171131134033196
  endloop
endfacet
facet normal -1.0 0.0 0.0
  outer loop
    vertex 167.35069274902344 84.16133880615234 46.84292984008789
    vertex 167.35069274902344 84.51253509521484 60.171131134033196
    vertex 167.35069274902344 84.51253509521484 47.16113281249999
  endloop
endfacet
facet normal -1.0 0.0 0.0
  outer loop
    vertex 167.35069274902344 64.72303771972656 29.497060775756836
    vertex 167.35069274902344 64.52533721923828 -0.00017089843458961693
    vertex 167.35069274902344 64.52533721923828 26.675790786743164
  endloop
endfacet
facet normal -1.0 0.0 0.0
  outer loop
    vertex 167.35069274902344 64.52533721923828 -0.00017089843458961693
    vertex 167.35069274902344 64.72303771972656 29.497060775756836
    vertex 167.35069274902344 75.01783752441406 -0.00017089843458961693
  endloop
endfacet
facet normal -1.0 0.0 0.0
  outer loop
    vertex 167.35069274902344 75.01783752441406 -0.00017089843458961693
    vertex 167.35069274902344 64.72303771972656 29.497060775756836
    vertex 167.35069274902344 65.11673736572266 32.29626083374023
  endloop
endfacet
facet normal -1.0 0.0 0.0
  outer loop
    vertex 167.35069274902344 75.01783752441406 -0.00017089843458961693
    vertex 167.35069274902344 65.11673736572266 32.29626083374023
    vertex 167.35069274902344 65.70384216308594 35.061519622802734
  endloop
endfacet
facet normal -1.0 0.0 0.0
  outer loop
    vertex 167.35069274902344 75.01783752441406 -0.00017089843458961693
    vertex 167.35069274902344 65.70384216308594 35.061519622802734
    vertex 167.35069274902344 66.48283386230469 37.7784194946289
  endloop
endfacet
facet normal -1.0 0.0 0.0
  outer loop
    vertex 167.35069274902344 75.01783752441406 -0.00017089843458961693
    vertex 167.35069274902344 66.48283386230469 37.7784194946289
    vertex 167.35069274902344 67.44923400878906 40.434219360351555
  endloop
endfacet
facet normal -1.0 0.0 0.0
  outer loop
    vertex 167.35069274902344 75.01783752441406 -0.00017089843458961693
    vertex 167.35069274902344 67.44923400878906 40.434219360351555
    vertex 167.35069274902344 68.59983825683592 43.01792907714844
  endloop
endfacet
facet normal -1.0 0.0 0.0
  outer loop
    vertex 167.35069274902344 75.01783752441406 -0.00017089843458961693
    vertex 167.35069274902344 68.59983825683592 43.01792907714844
    vertex 167.35069274902344 69.92604064941406 45.51253128051757
  endloop
endfacet
facet normal -1.0 0.0 0.0
  outer loop
    vertex 167.35069274902344 75.01783752441406 -0.00017089843458961693
    vertex 167.35069274902344 69.92604064941406 45.51253128051757
    vertex 167.35069274902344 71.42363739013672 47.91033172607421
  endloop
endfacet
facet normal -1.0 0.0 0.0
  outer loop
    vertex 167.35069274902344 75.01783752441406 -0.00017089843458961693
    vertex 167.35069274902344 71.42363739013672 47.91033172607421
    vertex 167.35069274902344 73.08663940429688 50.197029113769524
  endloop
endfacet
facet normal -1.0 0.0 0.0
  outer loop
    vertex 167.35069274902344 75.01783752441406 -0.00017089843458961693
    vertex 167.35069274902344 73.08663940429688 50.197029113769524
    vertex 167.35069274902344 74.90333557128905 52.362430572509766
  endloop
endfacet
facet normal -1.0 0.0 0.0
  outer loop
    vertex 167.35069274902344 75.01783752441406 -0.00017089843458961693
    vertex 167.35069274902344 74.90333557128905 52.362430572509766
    vertex 167.35069274902344 75.01783752441406 26.310091018676758
  endloop
endfacet
facet normal -1.0 0.0 0.0
  outer loop
    vertex 167.35069274902344 126.46154022216795 59.6086311340332
    vertex 167.35069274902344 125.48833465576172 47.16113281249999
    vertex 167.35069274902344 125.48833465576172 60.171131134033196
  endloop
endfacet
facet normal -1.0 0.0 0.0
  outer loop
    vertex 167.35069274902344 125.48833465576172 47.16113281249999
    vertex 167.35069274902344 126.46154022216795 59.6086311340332
    vertex 167.35069274902344 125.83963775634764 46.84292984008789
  endloop
endfacet
facet normal -1.0 0.0 0.0
  outer loop
    vertex 167.35069274902344 125.83963775634764 46.84292984008789
    vertex 167.35069274902344 126.46154022216795 59.6086311340332
    vertex 167.35069274902344 127.29483795166016 45.33683013916015
  endloop
endfacet
facet normal -1.0 0.0 0.0
  outer loop
    vertex 167.35069274902344 127.29483795166016 45.33683013916015
    vertex 167.35069274902344 126.46154022216795 59.6086311340332
    vertex 167.35069274902344 128.80683898925778 58.02783203125
  endloop
endfacet
facet normal -1.0 0.0 0.0
  outer loop
    vertex 167.35069274902344 127.29483795166016 45.33683013916015
    vertex 167.35069274902344 128.80683898925778 58.02783203125
    vertex 167.35069274902344 128.64134216308594 43.73233032226562
  endloop
endfacet
facet normal -1.0 0.0 0.0
  outer loop
    vertex 167.35069274902344 128.64134216308594 43.73233032226562
    vertex 167.35069274902344 128.80683898925778 58.02783203125
    vertex 167.35069274902344 129.87254333496094 42.03874206542969
  endloop
endfacet
facet normal -1.0 0.0 0.0
  outer loop
    vertex 167.35069274902344 129.87254333496094 42.03874206542969
    vertex 167.35069274902344 128.80683898925778 58.02783203125
    vertex 167.35069274902344 131.03244018554688 56.2884292602539
  endloop
endfacet
facet normal -1.0 0.0 0.0
  outer loop
    vertex 167.35069274902344 129.87254333496094 42.03874206542969
    vertex 167.35069274902344 131.03244018554688 56.2884292602539
    vertex 167.35069274902344 130.97984313964844 40.26283264160156
  endloop
endfacet
facet normal -1.0 0.0 0.0
  outer loop
    vertex 167.35069274902344 130.97984313964844 40.26283264160156
    vertex 167.35069274902344 131.03244018554688 56.2884292602539
    vertex 167.35069274902344 131.96493530273438 38.4139404296875
  endloop
endfacet
facet normal -1.0 0.0 0.0
  outer loop
    vertex 167.35069274902344 131.96493530273438 38.4139404296875
    vertex 167.35069274902344 131.03244018554688 56.2884292602539
    vertex 167.35069274902344 133.1333312988281 54.397132873535156
  endloop
endfacet
facet normal -1.0 0.0 0.0
  outer loop
    vertex 167.35069274902344 131.96493530273438 38.4139404296875
    vertex 167.35069274902344 133.1333312988281 54.397132873535156
    vertex 167.35069274902344 132.81683349609375 36.50057983398437
  endloop
endfacet
facet normal -1.0 0.0 0.0
  outer loop
    vertex 167.35069274902344 132.81683349609375 36.50057983398437
    vertex 167.35069274902344 133.1333312988281 54.397132873535156
    vertex 167.35069274902344 133.5312347412109 34.532901763916016
  endloop
endfacet
facet normal -1.0 0.0 0.0
  outer loop
    vertex 167.35069274902344 133.5312347412109 34.532901763916016
    vertex 167.35069274902344 133.1333312988281 54.397132873535156
    vertex 167.35069274902344 135.09764099121094 52.362430572509766
  endloop
endfacet
facet normal -1.0 0.0 0.0
  outer loop
    vertex 167.35069274902344 133.5312347412109 34.532901763916016
    vertex 167.35069274902344 135.09764099121094 52.362430572509766
    vertex 167.35069274902344 134.10824584960938 32.520263671875
  endloop
endfacet
facet normal -1.0 0.0 0.0
  outer loop
    vertex 167.35069274902344 134.10824584960938 32.520263671875
    vertex 167.35069274902344 135.09764099121094 52.362430572509766
    vertex 167.35069274902344 134.54434204101562 30.47198104858398
  endloop
endfacet
facet normal -1.0 0.0 0.0
  outer loop
    vertex 167.35069274902344 134.54434204101562 30.47198104858398
    vertex 167.35069274902344 135.09764099121094 52.362430572509766
    vertex 167.35069274902344 134.83543395996094 28.399101257324215
  endloop
endfacet
facet normal -1.0 0.0 0.0
  outer loop
    vertex 167.35069274902344 134.83543395996094 28.399101257324215
    vertex 167.35069274902344 135.09764099121094 52.362430572509766
    vertex 167.35069274902344 134.98223876953125 26.310091018676758
  endloop
endfacet
facet normal -1.0 0.0 0.0
  outer loop
    vertex 167.35069274902344 134.98223876953125 26.310091018676758
    vertex 167.35069274902344 135.09764099121094 52.362430572509766
    vertex 167.35069274902344 134.98223876953125 -0.00017089843458961693
  endloop
endfacet
facet normal -1.0 0.0 0.0
  outer loop
    vertex 167.35069274902344 134.98223876953125 -0.00017089843458961693
    vertex 167.35069274902344 135.09764099121094 52.362430572509766
    vertex 167.35069274902344 145.47563171386716 -0.00017089843458961693
  endloop
endfacet
facet normal -1.0 0.0 0.0
  outer loop
    vertex 167.35069274902344 145.47563171386716 -0.00017089843458961693
    vertex 167.35069274902344 135.09764099121094 52.362430572509766
    vertex 167.35069274902344 136.91424560546875 50.197029113769524
  endloop
endfacet
facet normal -1.0 0.0 0.0
  outer loop
    vertex 167.35069274902344 145.47563171386716 -0.00017089843458961693
    vertex 167.35069274902344 136.91424560546875 50.197029113769524
    vertex 167.35069274902344 138.57733154296875 47.91033172607421
  endloop
endfacet
facet normal -1.0 0.0 0.0
  outer loop
    vertex 167.35069274902344 145.47563171386716 -0.00017089843458961693
    vertex 167.35069274902344 138.57733154296875 47.91033172607421
    vertex 167.35069274902344 140.07493591308594 45.51253128051757
  endloop
endfacet
facet normal -1.0 0.0 0.0
  outer loop
    vertex 167.35069274902344 145.47563171386716 -0.00017089843458961693
    vertex 167.35069274902344 140.07493591308594 45.51253128051757
    vertex 167.35069274902344 141.40113830566406 43.01792907714844
  endloop
endfacet
facet normal -1.0 0.0 0.0
  outer loop
    vertex 167.35069274902344 145.47563171386716 -0.00017089843458961693
    vertex 167.35069274902344 141.40113830566406 43.01792907714844
    vertex 167.35069274902344 142.55084228515625 40.434219360351555
  endloop
endfacet
facet normal -1.0 0.0 0.0
  outer loop
    vertex 167.35069274902344 145.47563171386716 -0.00017089843458961693
    vertex 167.35069274902344 142.55084228515625 40.434219360351555
    vertex 167.35069274902344 143.5181427001953 37.7784194946289
  endloop
endfacet
facet normal -1.0 0.0 0.0
  outer loop
    vertex 167.35069274902344 145.47563171386716 -0.00017089843458961693
    vertex 167.35069274902344 143.5181427001953 37.7784194946289
    vertex 167.35069274902344 144.2970428466797 35.061519622802734
  endloop
endfacet
facet normal -1.0 0.0 0.0
  outer loop
    vertex 167.35069274902344 145.47563171386716 -0.00017089843458961693
    vertex 167.35069274902344 144.2970428466797 35.061519622802734
    vertex 167.35069274902344 144.88423156738278 32.29626083374023
  endloop
endfacet
facet normal -1.0 0.0 0.0
  outer loop
    vertex 167.35069274902344 145.47563171386716 -0.00017089843458961693
    vertex 167.35069274902344 144.88423156738278 32.29626083374023
    vertex 167.35069274902344 145.2779388427734 29.497060775756836
  endloop
endfacet
facet normal -1.0 0.0 0.0
  outer loop
    vertex 167.35069274902344 145.47563171386716 -0.00017089843458961693
    vertex 167.35069274902344 145.2779388427734 29.497060775756836
    vertex 167.35069274902344 145.47563171386716 26.675790786743164
  endloop
endfacet
facet normal 2.561603050575697e-30 0.16490852696414113 0.9863088652823299
  outer loop
    vertex 80.14869689941405 109.57810974121094 60.183929443359375
    vertex 73.14939880371094 112.00396728515625 59.77833175659179
    vertex 73.14939880371094 109.57810974121094 60.183929443359375
  endloop
endfacet
facet normal 2.561603050575697e-30 0.16490852696414113 0.9863088652823299
  outer loop
    vertex 73.14939880371094 112.00396728515625 59.77833175659179
    vertex 80.14869689941405 109.57810974121094 60.183929443359375
    vertex 80.14869689941405 112.00396728515625 59.77833175659179
  endloop
endfacet
facet normal -5.020937908354854e-30 0.1649085269641411 0.9863088652823299
  outer loop
    vertex 45.14980316162109 109.57810974121094 60.183929443359375
    vertex 40.1504020690918 112.00396728515625 59.77833175659179
    vertex 40.1504020690918 109.57810974121094 60.183929443359375
  endloop
endfacet
facet normal -5.020937908354854e-30 0.1649085269641411 0.9863088652823299
  outer loop
    vertex 40.1504020690918 112.00396728515625 59.77833175659179
    vertex 45.14980316162109 109.57810974121094 60.183929443359375
    vertex 45.14980316162109 112.00396728515625 59.77833175659179
  endloop
endfacet
facet normal 1.0875928817247583e-18 0.8035933560928753 0.5951787278149223
  outer loop
    vertex 40.1504020690918 132.5504455566406 47.20183181762695
    vertex 75.14929962158202 134.0140380859375 45.225730895996094
    vertex 40.1504020690918 134.0140380859375 45.225730895996094
  endloop
endfacet
facet normal 1.0875928817247583e-18 0.8035933560928753 0.5951787278149223
  outer loop
    vertex 75.14929962158202 134.0140380859375 45.225730895996094
    vertex 40.1504020690918 132.5504455566406 47.20183181762695
    vertex 75.14929962158202 132.5504455566406 47.20183181762695
  endloop
endfacet
facet normal -3.734929675441514e-30 0.23277556689743883 0.972530480476358
  outer loop
    vertex 80.14869689941405 112.00396728515625 59.77833175659179
    vertex 73.14939880371094 114.39334869384766 59.2064323425293
    vertex 73.14939880371094 112.00396728515625 59.77833175659179
  endloop
endfacet
facet normal -3.734929675441514e-30 0.23277556689743883 0.972530480476358
  outer loop
    vertex 73.14939880371094 114.39334869384766 59.2064323425293
    vertex 80.14869689941405 112.00396728515625 59.77833175659179
    vertex 80.14869689941405 114.39334869384766 59.2064323425293
  endloop
endfacet
facet normal -7.32074783727684e-30 0.2327755668974388 0.9725304804763583
  outer loop
    vertex 45.14980316162109 112.00396728515625 59.77833175659179
    vertex 40.1504020690918 114.39334869384766 59.2064323425293
    vertex 40.1504020690918 112.00396728515625 59.77833175659179
  endloop
endfacet
facet normal -7.32074783727684e-30 0.2327755668974388 0.9725304804763583
  outer loop
    vertex 40.1504020690918 114.39334869384766 59.2064323425293
    vertex 45.14980316162109 112.00396728515625 59.77833175659179
    vertex 45.14980316162109 114.39334869384766 59.2064323425293
  endloop
endfacet
facet normal -2.8753574104972384e-19 0.025172892593970615 0.999683112530392
  outer loop
    vertex 80.14869689941405 104.67378234863281 60.480030059814446
    vertex 73.14939880371094 107.1318893432617 60.418132781982415
    vertex 73.14939880371094 104.67378234863281 60.480030059814446
  endloop
endfacet
facet normal -2.8753574104972384e-19 0.025172892593970615 0.999683112530392
  outer loop
    vertex 73.14939880371094 107.1318893432617 60.418132781982415
    vertex 80.14869689941405 104.67378234863281 60.480030059814446
    vertex 80.14869689941405 107.1318893432617 60.418132781982415
  endloop
endfacet
facet normal -5.63592045192294e-19 0.025172892593970615 0.999683112530392
  outer loop
    vertex 45.14980316162109 104.67378234863281 60.480030059814446
    vertex 40.1504020690918 107.1318893432617 60.418132781982415
    vertex 40.1504020690918 104.67378234863281 60.480030059814446
  endloop
endfacet
facet normal -5.63592045192294e-19 0.025172892593970615 0.999683112530392
  outer loop
    vertex 40.1504020690918 107.1318893432617 60.418132781982415
    vertex 45.14980316162109 104.67378234863281 60.480030059814446
    vertex 45.14980316162109 107.1318893432617 60.418132781982415
  endloop
endfacet
facet normal -2.5159966188403448e-05 0.9095690744367366 0.41555276222794457
  outer loop
    vertex 40.14959716796874 136.51034545898438 40.99338150024413
    vertex 75.14929962158202 137.53193664550778 38.759281158447266
    vertex 40.1504020690918 137.53193664550778 38.75674057006835
  endloop
endfacet
facet normal -2.5159966188403448e-05 0.9095690744367366 0.41555276222794457
  outer loop
    vertex 75.14929962158202 137.53193664550778 38.759281158447266
    vertex 40.14959716796874 136.51034545898438 40.99338150024413
    vertex 75.14929962158202 136.51034545898438 40.99507904052734
  endloop
endfacet
facet normal -2.4773399094917877e-30 0.30023730558693223 0.95386453982413
  outer loop
    vertex 80.14869689941405 114.39334869384766 59.2064323425293
    vertex 73.14939880371094 116.73863983154297 58.46823120117187
    vertex 73.14939880371094 114.39334869384766 59.2064323425293
  endloop
endfacet
facet normal -2.4773399094917877e-30 0.30023730558693223 0.95386453982413
  outer loop
    vertex 73.14939880371094 116.73863983154297 58.46823120117187
    vertex 80.14869689941405 114.39334869384766 59.2064323425293
    vertex 80.14869689941405 116.73863983154297 58.46823120117187
  endloop
endfacet
facet normal -5.338981851492879e-18 0.3002373055869323 0.95386453982413
  outer loop
    vertex 45.14980316162109 114.39334869384766 59.2064323425293
    vertex 40.1504020690918 116.73863983154297 58.46823120117187
    vertex 40.1504020690918 114.39334869384766 59.2064323425293
  endloop
endfacet
facet normal -5.338981851492879e-18 0.3002373055869323 0.95386453982413
  outer loop
    vertex 40.1504020690918 116.73863983154297 58.46823120117187
    vertex 45.14980316162109 114.39334869384766 59.2064323425293
    vertex 45.14980316162109 116.73863983154297 58.46823120117187
  endloop
endfacet
facet normal -1.1578857656203423e-05 0.8786576763582769 0.47745228834157233
  outer loop
    vertex 40.1504020690918 135.33602905273438 43.15533065795898
    vertex 75.14929962158202 136.51034545898438 40.99507904052734
    vertex 40.14959716796874 136.51034545898438 40.99338150024413
  endloop
endfacet
facet normal -1.1578857656203423e-05 0.8786576763582769 0.47745228834157233
  outer loop
    vertex 75.14929962158202 136.51034545898438 40.99507904052734
    vertex 40.1504020690918 135.33602905273438 43.15533065795898
    vertex 75.14929962158202 135.33602905273438 43.15533065795898
  endloop
endfacet
facet normal 1.2933695457232727e-18 -0.11323062844247211 0.9935687317858404
  outer loop
    vertex 80.14869689941405 99.77708435058592 60.09313201904296
    vertex 73.14939880371094 102.2190704345703 60.371429443359375
    vertex 73.14939880371094 99.77708435058592 60.09313201904296
  endloop
endfacet
facet normal 1.2933695457232727e-18 -0.11323062844247211 0.9935687317858404
  outer loop
    vertex 73.14939880371094 102.2190704345703 60.371429443359375
    vertex 80.14869689941405 99.77708435058592 60.09313201904296
    vertex 80.14869689941405 102.2190704345703 60.371429443359375
  endloop
endfacet
facet normal 2.5351032355205182e-18 -0.11323062844247216 0.9935687317858404
  outer loop
    vertex 45.14980316162109 99.77708435058592 60.09313201904296
    vertex 40.1504020690918 102.2190704345703 60.371429443359375
    vertex 40.1504020690918 99.77708435058592 60.09313201904296
  endloop
endfacet
facet normal 2.5351032355205182e-18 -0.11323062844247216 0.9935687317858404
  outer loop
    vertex 40.1504020690918 102.2190704345703 60.371429443359375
    vertex 45.14980316162109 99.77708435058592 60.09313201904296
    vertex 45.14980316162109 102.2190704345703 60.371429443359375
  endloop
endfacet
facet normal 1.389380153574133e-18 0.7603300151655201 0.6495369643356721
  outer loop
    vertex 40.1504020690918 130.9535369873047 49.07112884521484
    vertex 75.14929962158202 132.5504455566406 47.20183181762695
    vertex 40.1504020690918 132.5504455566406 47.20183181762695
  endloop
endfacet
facet normal 1.389380153574133e-18 0.7603300151655201 0.6495369643356721
  outer loop
    vertex 75.14929962158202 132.5504455566406 47.20183181762695
    vertex 40.1504020690918 130.9535369873047 49.07112884521484
    vertex 75.14929962158202 130.9535369873047 49.07112884521484
  endloop
endfacet
facet normal -0.0 -0.1831831840050806 0.9830787969932832
  outer loop
    vertex 80.14869689941405 97.35885620117186 59.64252853393555
    vertex 73.14939880371094 99.77708435058592 60.09313201904296
    vertex 73.14939880371094 97.35885620117186 59.64252853393555
  endloop
endfacet
facet normal -0.0 -0.1831831840050806 0.9830787969932832
  outer loop
    vertex 73.14939880371094 99.77708435058592 60.09313201904296
    vertex 80.14869689941405 97.35885620117186 59.64252853393555
    vertex 80.14869689941405 99.77708435058592 60.09313201904296
  endloop
endfacet
facet normal -0.0 -0.1831831840050806 0.9830787969932832
  outer loop
    vertex 45.14980316162109 97.35885620117186 59.64252853393555
    vertex 40.1504020690918 99.77708435058592 60.09313201904296
    vertex 40.1504020690918 97.35885620117186 59.64252853393555
  endloop
endfacet
facet normal -0.0 -0.1831831840050806 0.9830787969932832
  outer loop
    vertex 40.1504020690918 99.77708435058592 60.09313201904296
    vertex 45.14980316162109 97.35885620117186 59.64252853393555
    vertex 45.14980316162109 99.77708435058592 60.09313201904296
  endloop
endfacet
facet normal -1.2719147677932947e-05 0.9365869207306833 0.3504353574547524
  outer loop
    vertex 40.1504020690918 137.53193664550778 38.75674057006835
    vertex 75.14929962158202 138.39314270019528 36.456462860107415
    vertex 40.1504020690918 138.39314270019528 36.456462860107415
  endloop
endfacet
facet normal -1.2719147677932947e-05 0.9365869207306833 0.3504353574547524
  outer loop
    vertex 75.14929962158202 138.39314270019528 36.456462860107415
    vertex 40.1504020690918 137.53193664550778 38.75674057006835
    vertex 75.14929962158202 137.53193664550778 38.759281158447266
  endloop
endfacet
facet normal 2.9428869394954747e-31 0.8428374752259624 0.538168180362538
  outer loop
    vertex 40.1504020690918 134.0140380859375 45.225730895996094
    vertex 75.14929962158202 135.33602905273438 43.15533065795898
    vertex 40.1504020690918 135.33602905273438 43.15533065795898
  endloop
endfacet
facet normal 2.9428869394954747e-31 0.8428374752259624 0.538168180362538
  outer loop
    vertex 75.14929962158202 135.33602905273438 43.15533065795898
    vertex 40.1504020690918 134.0140380859375 45.225730895996094
    vertex 75.14929962158202 134.0140380859375 45.225730895996094
  endloop
endfacet
facet normal -2.2958105000071914e-31 -0.044198460972640796 0.9990227705351115
  outer loop
    vertex 80.14869689941405 102.2190704345703 60.371429443359375
    vertex 73.14939880371094 104.67378234863281 60.480030059814446
    vertex 73.14939880371094 102.2190704345703 60.371429443359375
  endloop
endfacet
facet normal -2.2958105000071914e-31 -0.044198460972640796 0.9990227705351115
  outer loop
    vertex 73.14939880371094 104.67378234863281 60.480030059814446
    vertex 80.14869689941405 102.2190704345703 60.371429443359375
    vertex 80.14869689941405 104.67378234863281 60.480030059814446
  endloop
endfacet
facet normal -9.895525880044792e-19 -0.044198460972640796 0.9990227705351115
  outer loop
    vertex 45.14980316162109 102.2190704345703 60.371429443359375
    vertex 40.1504020690918 104.67378234863281 60.480030059814446
    vertex 40.1504020690918 102.2190704345703 60.371429443359375
  endloop
endfacet
facet normal -9.895525880044792e-19 -0.044198460972640796 0.9990227705351115
  outer loop
    vertex 40.1504020690918 104.67378234863281 60.480030059814446
    vertex 45.14980316162109 102.2190704345703 60.371429443359375
    vertex 45.14980316162109 104.67378234863281 60.480030059814446
  endloop
endfacet
facet normal -4.95045384009534e-31 0.0953050963255148 0.9954481094534182
  outer loop
    vertex 80.14869689941405 107.1318893432617 60.418132781982415
    vertex 73.14939880371094 109.57810974121094 60.183929443359375
    vertex 73.14939880371094 107.1318893432617 60.418132781982415
  endloop
endfacet
facet normal -4.95045384009534e-31 0.0953050963255148 0.9954481094534182
  outer loop
    vertex 73.14939880371094 109.57810974121094 60.183929443359375
    vertex 80.14869689941405 107.1318893432617 60.418132781982415
    vertex 80.14869689941405 109.57810974121094 60.183929443359375
  endloop
endfacet
facet normal 2.1337712364514653e-18 0.0953050963255148 0.9954481094534182
  outer loop
    vertex 45.14980316162109 107.1318893432617 60.418132781982415
    vertex 40.1504020690918 109.57810974121094 60.183929443359375
    vertex 40.1504020690918 107.1318893432617 60.418132781982415
  endloop
endfacet
facet normal 2.1337712364514653e-18 0.0953050963255148 0.9954481094534182
  outer loop
    vertex 40.1504020690918 109.57810974121094 60.183929443359375
    vertex 45.14980316162109 107.1318893432617 60.418132781982415
    vertex 45.14980316162109 109.57810974121094 60.183929443359375
  endloop
endfacet
facet normal 2.398979684213001e-19 0.6622893442215306 0.7492481728577087
  outer loop
    vertex 40.1504020690918 127.38723754882811 52.45153045654297
    vertex 75.14929962158202 129.23023986816406 50.82242965698242
    vertex 40.14959716796874 129.23023986816406 50.82242965698242
  endloop
endfacet
facet normal 2.398979684213001e-19 0.6622893442215306 0.7492481728577087
  outer loop
    vertex 75.14929962158202 129.23023986816406 50.82242965698242
    vertex 40.1504020690918 127.38723754882811 52.45153045654297
    vertex 75.14929962158202 127.38723754882811 52.45153045654297
  endloop
endfacet
facet normal -1.8611773727509765e-30 -0.2512915361555537 0.9679114442223432
  outer loop
    vertex 80.14869689941405 94.9796371459961 59.02482986450195
    vertex 73.14939880371094 97.35885620117186 59.64252853393555
    vertex 73.14939880371094 94.9796371459961 59.02482986450195
  endloop
endfacet
facet normal -1.8611773727509765e-30 -0.2512915361555537 0.9679114442223432
  outer loop
    vertex 73.14939880371094 97.35885620117186 59.64252853393555
    vertex 80.14869689941405 94.9796371459961 59.02482986450195
    vertex 80.14869689941405 97.35885620117186 59.64252853393555
  endloop
endfacet
facet normal 3.648050006388577e-30 -0.25129153615555383 0.9679114442223432
  outer loop
    vertex 45.14980316162109 94.9796371459961 59.02482986450195
    vertex 40.1504020690918 97.35885620117186 59.64252853393555
    vertex 40.1504020690918 94.9796371459961 59.02482986450195
  endloop
endfacet
facet normal 3.648050006388577e-30 -0.25129153615555383 0.9679114442223432
  outer loop
    vertex 40.1504020690918 97.35885620117186 59.64252853393555
    vertex 45.14980316162109 94.9796371459961 59.02482986450195
    vertex 45.14980316162109 97.35885620117186 59.64252853393555
  endloop
endfacet
facet normal -9.54904296543453e-19 0.7127825935131089 0.7013850400348772
  outer loop
    vertex 40.14959716796874 129.23023986816406 50.82242965698242
    vertex 75.14929962158202 130.9535369873047 49.07112884521484
    vertex 40.1504020690918 130.9535369873047 49.07112884521484
  endloop
endfacet
facet normal -9.54904296543453e-19 0.7127825935131089 0.7013850400348772
  outer loop
    vertex 75.14929962158202 130.9535369873047 49.07112884521484
    vertex 40.14959716796874 129.23023986816406 50.82242965698242
    vertex 75.14929962158202 129.23023986816406 50.82242965698242
  endloop
endfacet
facet normal -1.8432495708057123e-31 -0.887268369082786 0.4612535541599366
  outer loop
    vertex 75.14929962158202 74.33824157714842 42.59025955200195
    vertex 40.1504020690918 73.2037353515625 40.40792083740234
    vertex 75.14929962158202 73.2037353515625 40.40792083740234
  endloop
endfacet
facet normal -1.8432495708057123e-31 -0.887268369082786 0.4612535541599366
  outer loop
    vertex 40.1504020690918 73.2037353515625 40.40792083740234
    vertex 75.14929962158202 74.33824157714842 42.59025955200195
    vertex 40.1504020690918 74.33824157714842 42.59025955200195
  endloop
endfacet
facet normal -1.7905194192569108e-05 -0.6762608089116167 0.7366622821955865
  outer loop
    vertex 75.14929962158202 80.30233764648438 50.37013244628906
    vertex 40.1504020690918 82.11303710937499 52.031532287597656
    vertex 40.1504020690918 80.30233764648438 50.368431091308594
  endloop
endfacet
facet normal -1.7905194192569108e-05 -0.6762608089116167 0.7366622821955865
  outer loop
    vertex 40.1504020690918 82.11303710937499 52.031532287597656
    vertex 75.14929962158202 80.30233764648438 50.37013244628906
    vertex 75.14929962158202 82.11303710937499 52.031532287597656
  endloop
endfacet
facet normal 8.06508477283664e-32 -0.9429336775126271 0.33298059975396954
  outer loop
    vertex 75.14929962158202 72.22463989257812 38.15346145629882
    vertex 40.1504020690918 71.40573883056639 35.83449935913086
    vertex 75.14929962158202 71.40573883056639 35.83449935913086
  endloop
endfacet
facet normal 8.06508477283664e-32 -0.9429336775126271 0.33298059975396954
  outer loop
    vertex 40.1504020690918 71.40573883056639 35.83449935913086
    vertex 75.14929962158202 72.22463989257812 38.15346145629882
    vertex 40.1504020690918 72.22463989257812 38.15346145629882
  endloop
endfacet
facet normal -1.4917291132598248e-31 -0.9172342608271178 0.39834822801781233
  outer loop
    vertex 75.14929962158202 73.2037353515625 40.40792083740234
    vertex 40.1504020690918 72.22463989257812 38.15346145629882
    vertex 75.14929962158202 72.22463989257812 38.15346145629882
  endloop
endfacet
facet normal -1.4917291132598248e-31 -0.9172342608271178 0.39834822801781233
  outer loop
    vertex 40.1504020690918 72.22463989257812 38.15346145629882
    vertex 75.14929962158202 73.2037353515625 40.40792083740234
    vertex 40.1504020690918 73.2037353515625 40.40792083740234
  endloop
endfacet
facet normal 2.5128209874424915e-18 -0.8526597993492054 0.5224665219645874
  outer loop
    vertex 75.14929962158202 75.62193298339842 44.685230255126946
    vertex 40.1504020690918 74.33824157714842 42.59025955200195
    vertex 75.14929962158202 74.33824157714842 42.59025955200195
  endloop
endfacet
facet normal 2.5128209874424915e-18 -0.8526597993492054 0.5224665219645874
  outer loop
    vertex 40.1504020690918 74.33824157714842 42.59025955200195
    vertex 75.14929962158202 75.62193298339842 44.685230255126946
    vertex 40.1504020690918 75.62193298339842 44.685230255126946
  endloop
endfacet
facet normal 1.2050132049302358e-18 -0.5081215327279175 0.8612853812635114
  outer loop
    vertex 80.14869689941405 86.06273651123047 54.956329345703125
    vertex 40.1504020690918 88.17984008789062 56.205329895019524
    vertex 40.1504020690918 86.06273651123047 54.956329345703125
  endloop
endfacet
facet normal 1.2050132049302358e-18 -0.5081215327279175 0.8612853812635114
  outer loop
    vertex 40.1504020690918 88.17984008789062 56.205329895019524
    vertex 80.14869689941405 86.06273651123047 54.956329345703125
    vertex 80.14869689941405 88.17984008789062 56.205329895019524
  endloop
endfacet
facet normal -8.137544124057965e-31 -0.3174716016135244 0.9482677797800281
  outer loop
    vertex 80.14869689941405 92.64804077148436 58.24423217773437
    vertex 73.14939880371094 94.9796371459961 59.02482986450195
    vertex 73.14939880371094 92.64804077148436 58.24423217773437
  endloop
endfacet
facet normal -8.137544124057965e-31 -0.3174716016135244 0.9482677797800281
  outer loop
    vertex 73.14939880371094 94.9796371459961 59.02482986450195
    vertex 80.14869689941405 92.64804077148436 58.24423217773437
    vertex 80.14869689941405 94.9796371459961 59.02482986450195
  endloop
endfacet
facet normal -1.8001675701610616e-18 -0.3174716016135244 0.9482677797800281
  outer loop
    vertex 45.14980316162109 92.64804077148436 58.24423217773437
    vertex 40.1504020690918 94.9796371459961 59.02482986450195
    vertex 40.1504020690918 92.64804077148436 58.24423217773437
  endloop
endfacet
facet normal -1.8001675701610616e-18 -0.3174716016135244 0.9482677797800281
  outer loop
    vertex 40.1504020690918 94.9796371459961 59.02482986450195
    vertex 45.14980316162109 92.64804077148436 58.24423217773437
    vertex 45.14980316162109 94.9796371459961 59.02482986450195
  endloop
endfacet
facet normal -1.4111778575504307e-18 -0.7722586788593905 0.6353082188405473
  outer loop
    vertex 75.14929962158202 78.61123657226561 48.58663177490234
    vertex 40.1504020690918 77.04833984375 46.68682861328125
    vertex 75.14929962158202 77.04833984375 46.68682861328125
  endloop
endfacet
facet normal -1.4111778575504307e-18 -0.7722586788593905 0.6353082188405473
  outer loop
    vertex 40.1504020690918 77.04833984375 46.68682861328125
    vertex 75.14929962158202 78.61123657226561 48.58663177490234
    vertex 40.1504020690918 78.61123657226561 48.58663177490234
  endloop
endfacet
facet normal 3.0140953223862385e-32 -0.814369217552506 0.5803471181137364
  outer loop
    vertex 75.14929962158202 77.04833984375 46.68682861328125
    vertex 40.1504020690918 75.62193298339842 44.685230255126946
    vertex 75.14929962158202 75.62193298339842 44.685230255126946
  endloop
endfacet
facet normal 3.0140953223862385e-32 -0.814369217552506 0.5803471181137364
  outer loop
    vertex 40.1504020690918 75.62193298339842 44.685230255126946
    vertex 75.14929962158202 77.04833984375 46.68682861328125
    vertex 40.1504020690918 77.04833984375 46.68682861328125
  endloop
endfacet
facet normal -1.6727981814102774e-05 -0.7254935506517454 0.6882289645771226
  outer loop
    vertex 75.14929962158202 80.30233764648438 50.37013244628906
    vertex 40.1504020690918 78.61123657226561 48.58663177490234
    vertex 75.14929962158202 78.61123657226561 48.58663177490234
  endloop
endfacet
facet normal -1.6727981814102774e-05 -0.7254935506517454 0.6882289645771226
  outer loop
    vertex 40.1504020690918 78.61123657226561 48.58663177490234
    vertex 75.14929962158202 80.30233764648438 50.37013244628906
    vertex 40.1504020690918 80.30233764648438 50.368431091308594
  endloop
endfacet
facet normal 1.1389164883933042e-18 -0.6232652659282059 0.7820104911620066
  outer loop
    vertex 75.14929962158202 82.11303710937499 52.031532287597656
    vertex 40.1504020690918 84.03573608398436 53.5639305114746
    vertex 40.1504020690918 82.11303710937499 52.031532287597656
  endloop
endfacet
facet normal 1.1389164883933042e-18 -0.6232652659282059 0.7820104911620066
  outer loop
    vertex 40.1504020690918 84.03573608398436 53.5639305114746
    vertex 75.14929962158202 82.11303710937499 52.031532287597656
    vertex 75.14929962158202 84.03573608398436 53.5639305114746
  endloop
endfacet
facet normal 4.608114006240223e-19 0.5307416246525773 0.8475336735853878
  outer loop
    vertex 209.85040283203125 123.5266342163086 54.91213226318359
    vertex 172.35009765625 124.56173706054686 54.263931274414055
    vertex 172.35009765625 123.5266342163086 54.91213226318359
  endloop
endfacet
facet normal 4.608114006240223e-19 0.5307416246525773 0.8475336735853878
  outer loop
    vertex 172.35009765625 124.56173706054686 54.263931274414055
    vertex 209.85040283203125 123.5266342163086 54.91213226318359
    vertex 209.85040283203125 124.56173706054686 54.263931274414055
  endloop
endfacet
facet normal 1.0 -0.0 -0.0
  outer loop
    vertex 172.35009765625 148.7974395751953 -0.00017089843458961693
    vertex 172.35009765625 139.98153686523438 25.26304054260254
    vertex 172.35009765625 139.98153686523438 -0.00017089843458961693
  endloop
endfacet
facet normal 1.0 -0.0 -0.0
  outer loop
    vertex 172.35009765625 139.98153686523438 25.26304054260254
    vertex 172.35009765625 148.7974395751953 -0.00017089843458961693
    vertex 172.35009765625 140.46014404296875 52.96823120117187
  endloop
endfacet
facet normal 1.0 -0.0 -0.0
  outer loop
    vertex 172.35009765625 140.46014404296875 52.96823120117187
    vertex 172.35009765625 148.7974395751953 -0.00017089843458961693
    vertex 172.35009765625 142.30734252929688 50.42703247070312
  endloop
endfacet
facet normal 1.0 -0.0 -0.0
  outer loop
    vertex 172.35009765625 142.30734252929688 50.42703247070312
    vertex 172.35009765625 148.7974395751953 -0.00017089843458961693
    vertex 172.35009765625 143.97204589843747 47.76272964477538
  endloop
endfacet
facet normal 1.0 -0.0 -0.0
  outer loop
    vertex 172.35009765625 143.97204589843747 47.76272964477538
    vertex 172.35009765625 148.7974395751953 -0.00017089843458961693
    vertex 172.35009765625 145.44503784179685 44.989830017089844
  endloop
endfacet
facet normal 1.0 -0.0 -0.0
  outer loop
    vertex 172.35009765625 145.44503784179685 44.989830017089844
    vertex 172.35009765625 148.7974395751953 -0.00017089843458961693
    vertex 172.35009765625 146.72293090820312 42.11935043334961
  endloop
endfacet
facet normal 1.0 -0.0 -0.0
  outer loop
    vertex 172.35009765625 146.72293090820312 42.11935043334961
    vertex 172.35009765625 148.7974395751953 -0.00017089843458961693
    vertex 172.35009765625 147.79884338378906 39.169109344482415
  endloop
endfacet
facet normal 1.0 -0.0 -0.0
  outer loop
    vertex 172.35009765625 147.79884338378906 39.169109344482415
    vertex 172.35009765625 148.7974395751953 -0.00017089843458961693
    vertex 172.35009765625 148.7974395751953 39.169109344482415
  endloop
endfacet
facet normal 1.0 -0.0 -0.0
  outer loop
    vertex 172.35009765625 126.53794097900389 52.82913208007812
    vertex 172.35009765625 125.48833465576172 65.30802917480469
    vertex 172.35009765625 125.48833465576172 53.59193038940429
  endloop
endfacet
facet normal 1.0 -0.0 -0.0
  outer loop
    vertex 172.35009765625 125.48833465576172 65.30802917480469
    vertex 172.35009765625 126.53794097900389 52.82913208007812
    vertex 172.35009765625 126.12643432617186 64.99492645263672
  endloop
endfacet
facet normal 1.0 -0.0 -0.0
  outer loop
    vertex 172.35009765625 126.12643432617186 64.99492645263672
    vertex 172.35009765625 126.53794097900389 52.82913208007812
    vertex 172.35009765625 128.84674072265622 63.42512893676757
  endloop
endfacet
facet normal 1.0 -0.0 -0.0
  outer loop
    vertex 172.35009765625 128.84674072265622 63.42512893676757
    vertex 172.35009765625 126.53794097900389 52.82913208007812
    vertex 172.35009765625 127.47213745117186 52.04343032836913
  endloop
endfacet
facet normal 1.0 -0.0 -0.0
  outer loop
    vertex 172.35009765625 128.84674072265622 63.42512893676757
    vertex 172.35009765625 127.47213745117186 52.04343032836913
    vertex 172.35009765625 128.4071350097656 51.25852966308593
  endloop
endfacet
facet normal 1.0 -0.0 -0.0
  outer loop
    vertex 172.35009765625 128.84674072265622 63.42512893676757
    vertex 172.35009765625 128.4071350097656 51.25852966308593
    vertex 172.35009765625 130.16444396972656 49.563232421875
  endloop
endfacet
facet normal 1.0 -0.0 -0.0
  outer loop
    vertex 172.35009765625 128.84674072265622 63.42512893676757
    vertex 172.35009765625 130.16444396972656 49.563232421875
    vertex 172.35009765625 131.45074462890625 61.66883087158203
  endloop
endfacet
facet normal 1.0 -0.0 -0.0
  outer loop
    vertex 172.35009765625 131.45074462890625 61.66883087158203
    vertex 172.35009765625 130.16444396972656 49.563232421875
    vertex 172.35009765625 131.79772949218747 47.74913024902343
  endloop
endfacet
facet normal 1.0 -0.0 -0.0
  outer loop
    vertex 172.35009765625 131.45074462890625 61.66883087158203
    vertex 172.35009765625 131.79772949218747 47.74913024902343
    vertex 172.35009765625 133.92494201660156 59.73593139648437
  endloop
endfacet
facet normal 1.0 -0.0 -0.0
  outer loop
    vertex 172.35009765625 133.92494201660156 59.73593139648437
    vertex 172.35009765625 131.79772949218747 47.74913024902343
    vertex 172.35009765625 133.30133056640625 45.82563018798828
  endloop
endfacet
facet normal 1.0 -0.0 -0.0
  outer loop
    vertex 172.35009765625 133.92494201660156 59.73593139648437
    vertex 172.35009765625 133.30133056640625 45.82563018798828
    vertex 172.35009765625 134.66574096679685 43.80102920532226
  endloop
endfacet
facet normal 1.0 -0.0 -0.0
  outer loop
    vertex 172.35009765625 133.92494201660156 59.73593139648437
    vertex 172.35009765625 134.66574096679685 43.80102920532226
    vertex 172.35009765625 136.26004028320312 57.63243103027344
  endloop
endfacet
facet normal 1.0 -0.0 -0.0
  outer loop
    vertex 172.35009765625 136.26004028320312 57.63243103027344
    vertex 172.35009765625 134.66574096679685 43.80102920532226
    vertex 172.35009765625 135.27743530273435 42.7430305480957
  endloop
endfacet
facet normal 1.0 -0.0 -0.0
  outer loop
    vertex 172.35009765625 136.26004028320312 57.63243103027344
    vertex 172.35009765625 135.27743530273435 42.7430305480957
    vertex 172.35009765625 135.88673400878906 41.685760498046875
  endloop
endfacet
facet normal 1.0 -0.0 -0.0
  outer loop
    vertex 172.35009765625 136.26004028320312 57.63243103027344
    vertex 172.35009765625 135.88673400878906 41.685760498046875
    vertex 172.35009765625 136.42123413085938 40.587799072265625
  endloop
endfacet
facet normal 1.0 -0.0 -0.0
  outer loop
    vertex 172.35009765625 136.26004028320312 57.63243103027344
    vertex 172.35009765625 136.42123413085938 40.587799072265625
    vertex 172.35009765625 138.44152832031247 55.37372970581055
  endloop
endfacet
facet normal 1.0 -0.0 -0.0
  outer loop
    vertex 172.35009765625 138.44152832031247 55.37372970581055
    vertex 172.35009765625 136.42123413085938 40.587799072265625
    vertex 172.35009765625 136.95834350585938 39.491539001464844
  endloop
endfacet
facet normal 1.0 -0.0 -0.0
  outer loop
    vertex 172.35009765625 138.44152832031247 55.37372970581055
    vertex 172.35009765625 136.95834350585938 39.491539001464844
    vertex 172.35009765625 137.8730316162109 37.22689056396484
  endloop
endfacet
facet normal 1.0 -0.0 -0.0
  outer loop
    vertex 172.35009765625 138.44152832031247 55.37372970581055
    vertex 172.35009765625 137.8730316162109 37.22689056396484
    vertex 172.35009765625 138.62733459472656 34.90625
  endloop
endfacet
facet normal 1.0 -0.0 -0.0
  outer loop
    vertex 172.35009765625 138.44152832031247 55.37372970581055
    vertex 172.35009765625 138.62733459472656 34.90625
    vertex 172.35009765625 140.46014404296875 52.96823120117187
  endloop
endfacet
facet normal 1.0 -0.0 -0.0
  outer loop
    vertex 172.35009765625 140.46014404296875 52.96823120117187
    vertex 172.35009765625 138.62733459472656 34.90625
    vertex 172.35009765625 139.217041015625 32.53638458251953
  endloop
endfacet
facet normal 1.0 -0.0 -0.0
  outer loop
    vertex 172.35009765625 140.46014404296875 52.96823120117187
    vertex 172.35009765625 139.217041015625 32.53638458251953
    vertex 172.35009765625 139.64044189453125 30.130891799926754
  endloop
endfacet
facet normal 1.0 -0.0 -0.0
  outer loop
    vertex 172.35009765625 140.46014404296875 52.96823120117187
    vertex 172.35009765625 139.64044189453125 30.130891799926754
    vertex 172.35009765625 139.7703399658203 28.91753005981445
  endloop
endfacet
facet normal 1.0 -0.0 -0.0
  outer loop
    vertex 172.35009765625 140.46014404296875 52.96823120117187
    vertex 172.35009765625 139.7703399658203 28.91753005981445
    vertex 172.35009765625 139.896728515625 27.70248031616211
  endloop
endfacet
facet normal 1.0 -0.0 -0.0
  outer loop
    vertex 172.35009765625 140.46014404296875 52.96823120117187
    vertex 172.35009765625 139.896728515625 27.70248031616211
    vertex 172.35009765625 139.98153686523438 25.26304054260254
  endloop
endfacet
facet normal -1.0 0.0 0.0
  outer loop
    vertex 172.35009765625 122.49143981933592 55.55792999267578
    vertex 172.35009765625 121.47403717041014 50.31583023071289
    vertex 172.35009765625 121.47403717041014 56.098430633544915
  endloop
endfacet
facet normal -1.0 0.0 0.0
  outer loop
    vertex 172.35009765625 121.47403717041014 50.31583023071289
    vertex 172.35009765625 122.49143981933592 55.55792999267578
    vertex 172.35009765625 122.63483428955078 49.532730102539055
  endloop
endfacet
facet normal -1.0 0.0 0.0
  outer loop
    vertex 172.35009765625 122.63483428955078 49.532730102539055
    vertex 172.35009765625 122.49143981933592 55.55792999267578
    vertex 172.35009765625 123.5266342163086 54.91213226318359
  endloop
endfacet
facet normal -1.0 0.0 0.0
  outer loop
    vertex 172.35009765625 122.63483428955078 49.532730102539055
    vertex 172.35009765625 123.5266342163086 54.91213226318359
    vertex 172.35009765625 124.28343963623045 48.24552917480469
  endloop
endfacet
facet normal -1.0 0.0 0.0
  outer loop
    vertex 172.35009765625 124.28343963623045 48.24552917480469
    vertex 172.35009765625 123.5266342163086 54.91213226318359
    vertex 172.35009765625 124.56173706054686 54.263931274414055
  endloop
endfacet
facet normal -1.0 0.0 0.0
  outer loop
    vertex 172.35009765625 124.28343963623045 48.24552917480469
    vertex 172.35009765625 124.56173706054686 54.263931274414055
    vertex 172.35009765625 125.48833465576172 47.159431457519524
  endloop
endfacet
facet normal -1.0 0.0 0.0
  outer loop
    vertex 172.35009765625 125.48833465576172 47.159431457519524
    vertex 172.35009765625 124.56173706054686 54.263931274414055
    vertex 172.35009765625 125.48833465576172 53.59193038940429
  endloop
endfacet
facet normal 0.0 -0.1431588998999298 -0.989699716772437
  outer loop
    vertex 80.14869689941405 110.77704620361327 57.26082992553711
    vertex 73.14939880371094 108.53022003173828 57.585830688476555
    vertex 73.14939880371094 110.77704620361327 57.26082992553711
  endloop
endfacet
facet normal 0.0 -0.1431588998999298 -0.989699716772437
  outer loop
    vertex 73.14939880371094 108.53022003173828 57.585830688476555
    vertex 80.14869689941405 110.77704620361327 57.26082992553711
    vertex 80.14869689941405 108.53022003173828 57.585830688476555
  endloop
endfacet
facet normal -2.44481958123212e-30 0.3374511273407061 -0.941343049401485
  outer loop
    vertex 80.14869689941405 95.07809448242186 56.22732925415039
    vertex 73.14939880371094 92.94073486328125 55.46113204956054
    vertex 73.14939880371094 95.07809448242186 56.22732925415039
  endloop
endfacet
facet normal -2.44481958123212e-30 0.3374511273407061 -0.941343049401485
  outer loop
    vertex 73.14939880371094 92.94073486328125 55.46113204956054
    vertex 80.14869689941405 95.07809448242186 56.22732925415039
    vertex 80.14869689941405 92.94073486328125 55.46113204956054
  endloop
endfacet
facet normal 4.4618437268153174e-20 -0.004497458516978848 -0.9999898863823015
  outer loop
    vertex 80.14869689941405 106.26556396484375 57.75382995605469
    vertex 73.14939880371094 103.99752807617188 57.76403045654297
    vertex 73.14939880371094 106.26556396484375 57.75382995605469
  endloop
endfacet
facet normal 4.4618437268153174e-20 -0.004497458516978848 -0.9999898863823015
  outer loop
    vertex 73.14939880371094 103.99752807617188 57.76403045654297
    vertex 80.14869689941405 106.26556396484375 57.75382995605469
    vertex 80.14869689941405 103.99752807617188 57.76403045654297
  endloop
endfacet
facet normal 2.5915280417807974e-30 0.06582689123326699 -0.9978310580406704
  outer loop
    vertex 80.14869689941405 103.99752807617188 57.76403045654297
    vertex 73.14939880371094 101.73287963867186 57.614631652832024
    vertex 73.14939880371094 103.99752807617188 57.76403045654297
  endloop
endfacet
facet normal 2.5915280417807974e-30 0.06582689123326699 -0.9978310580406704
  outer loop
    vertex 73.14939880371094 101.73287963867186 57.614631652832024
    vertex 80.14869689941405 103.99752807617188 57.76403045654297
    vertex 80.14869689941405 101.73287963867186 57.614631652832024
  endloop
endfacet
facet normal -1.4146707518124764e-18 0.13532338290161794 -0.9908014846779664
  outer loop
    vertex 80.14869689941405 101.73287963867186 57.614631652832024
    vertex 73.14939880371094 99.48435974121092 57.30752944946289
    vertex 73.14939880371094 101.73287963867186 57.614631652832024
  endloop
endfacet
facet normal -1.4146707518124764e-18 0.13532338290161794 -0.9908014846779664
  outer loop
    vertex 73.14939880371094 99.48435974121092 57.30752944946289
    vertex 80.14869689941405 101.73287963867186 57.614631652832024
    vertex 80.14869689941405 99.48435974121092 57.30752944946289
  endloop
endfacet
facet normal -3.950865314378565e-18 -0.345886420411533 -0.9382763900764509
  outer loop
    vertex 80.14869689941405 117.30204010009764 55.36193084716797
    vertex 73.14939880371094 115.17314147949219 56.14672851562499
    vertex 73.14939880371094 117.30204010009764 55.36193084716797
  endloop
endfacet
facet normal -3.950865314378565e-18 -0.345886420411533 -0.9382763900764509
  outer loop
    vertex 73.14939880371094 115.17314147949219 56.14672851562499
    vertex 80.14869689941405 117.30204010009764 55.36193084716797
    vertex 80.14869689941405 115.17314147949219 56.14672851562499
  endloop
endfacet
facet normal 0.0 0.2721507370024047 -0.9622546317628448
  outer loop
    vertex 80.14869689941405 97.26213073730467 56.84503173828124
    vertex 73.14939880371094 95.07809448242186 56.22732925415039
    vertex 73.14939880371094 97.26213073730467 56.84503173828124
  endloop
endfacet
facet normal 0.0 0.2721507370024047 -0.9622546317628448
  outer loop
    vertex 73.14939880371094 95.07809448242186 56.22732925415039
    vertex 80.14869689941405 97.26213073730467 56.84503173828124
    vertex 80.14869689941405 95.07809448242186 56.22732925415039
  endloop
endfacet
facet normal 2.5616495330815264e-05 -0.21171964157061285 -0.9773304419268882
  outer loop
    vertex 80.14869689941405 112.99501800537108 56.78053283691406
    vertex 73.14939880371094 110.77704620361327 57.26082992553711
    vertex 73.14939880371094 112.99332427978514 56.78053283691406
  endloop
endfacet
facet normal 2.5616495330815264e-05 -0.21171964157061285 -0.9773304419268882
  outer loop
    vertex 73.14939880371094 110.77704620361327 57.26082992553711
    vertex 80.14869689941405 112.99501800537108 56.78053283691406
    vertex 80.14869689941405 110.77704620361327 57.26082992553711
  endloop
endfacet
facet normal 2.7957023324185848e-18 0.20375720912077433 -0.9790214500874397
  outer loop
    vertex 80.14869689941405 99.48435974121092 57.30752944946289
    vertex 73.14939880371094 97.26213073730467 56.84503173828124
    vertex 73.14939880371094 99.48435974121092 57.30752944946289
  endloop
endfacet
facet normal 2.7957023324185848e-18 0.20375720912077433 -0.9790214500874397
  outer loop
    vertex 73.14939880371094 97.26213073730467 56.84503173828124
    vertex 80.14869689941405 99.48435974121092 57.30752944946289
    vertex 80.14869689941405 97.26213073730467 56.84503173828124
  endloop
endfacet
facet normal -3.842751574558365e-31 -0.07397984524207894 -0.997259736727578
  outer loop
    vertex 80.14869689941405 108.53022003173828 57.585830688476555
    vertex 73.14939880371094 106.26556396484375 57.75382995605469
    vertex 73.14939880371094 108.53022003173828 57.585830688476555
  endloop
endfacet
facet normal -3.842751574558365e-31 -0.07397984524207894 -0.997259736727578
  outer loop
    vertex 73.14939880371094 106.26556396484375 57.75382995605469
    vertex 80.14869689941405 108.53022003173828 57.585830688476555
    vertex 80.14869689941405 106.26556396484375 57.75382995605469
  endloop
endfacet
facet normal 3.3792951180022005e-05 -0.2792978281787073 -0.9602045209395205
  outer loop
    vertex 80.14869689941405 115.17314147949219 56.14672851562499
    vertex 73.14939880371094 112.99332427978514 56.78053283691406
    vertex 73.14939880371094 115.17314147949219 56.14672851562499
  endloop
endfacet
facet normal 3.3792951180022005e-05 -0.2792978281787073 -0.9602045209395205
  outer loop
    vertex 73.14939880371094 112.99332427978514 56.78053283691406
    vertex 80.14869689941405 115.17314147949219 56.14672851562499
    vertex 80.14869689941405 112.99501800537108 56.78053283691406
  endloop
endfacet
facet normal -1.0 0.0 0.0
  outer loop
    vertex 152.34249877929688 63.278038024902344 42.11935043334961
    vertex 152.34249877929688 66.98933410644531 39.169109344482415
    vertex 152.34249877929688 62.202136993408196 39.169109344482415
  endloop
endfacet
facet normal -1.0 0.0 0.0
  outer loop
    vertex 152.34249877929688 66.98933410644531 39.169109344482415
    vertex 152.34249877929688 63.278038024902344 42.11935043334961
    vertex 152.34249877929688 64.55503845214844 44.989830017089844
  endloop
endfacet
facet normal -1.0 0.0 0.0
  outer loop
    vertex 152.34249877929688 66.98933410644531 39.169109344482415
    vertex 152.34249877929688 64.55503845214844 44.989830017089844
    vertex 152.34249877929688 66.02883911132812 47.76272964477538
  endloop
endfacet
facet normal -1.0 0.0 0.0
  outer loop
    vertex 152.34249877929688 66.98933410644531 39.169109344482415
    vertex 152.34249877929688 66.02883911132812 47.76272964477538
    vertex 152.34249877929688 67.69364166259766 50.42703247070312
  endloop
endfacet
facet normal -1.0 0.0 0.0
  outer loop
    vertex 152.34249877929688 66.98933410644531 39.169109344482415
    vertex 152.34249877929688 67.69364166259766 50.42703247070312
    vertex 152.34249877929688 67.44923400878906 40.434219360351555
  endloop
endfacet
facet normal -1.0 0.0 0.0
  outer loop
    vertex 152.34249877929688 67.44923400878906 40.434219360351555
    vertex 152.34249877929688 67.69364166259766 50.42703247070312
    vertex 152.34249877929688 68.59983825683592 43.01792907714844
  endloop
endfacet
facet normal -1.0 0.0 0.0
  outer loop
    vertex 152.34249877929688 68.59983825683592 43.01792907714844
    vertex 152.34249877929688 67.69364166259766 50.42703247070312
    vertex 152.34249877929688 69.54084014892578 52.96823120117187
  endloop
endfacet
facet normal -1.0 0.0 0.0
  outer loop
    vertex 152.34249877929688 68.59983825683592 43.01792907714844
    vertex 152.34249877929688 69.54084014892578 52.96823120117187
    vertex 152.34249877929688 69.92604064941406 45.51253128051757
  endloop
endfacet
facet normal -1.0 0.0 0.0
  outer loop
    vertex 152.34249877929688 69.92604064941406 45.51253128051757
    vertex 152.34249877929688 69.54084014892578 52.96823120117187
    vertex 152.34249877929688 71.55854034423828 55.37372970581055
  endloop
endfacet
facet normal -1.0 0.0 0.0
  outer loop
    vertex 152.34249877929688 69.92604064941406 45.51253128051757
    vertex 152.34249877929688 71.55854034423828 55.37372970581055
    vertex 152.34249877929688 71.42363739013672 47.91033172607421
  endloop
endfacet
facet normal -1.0 0.0 0.0
  outer loop
    vertex 152.34249877929688 71.42363739013672 47.91033172607421
    vertex 152.34249877929688 71.55854034423828 55.37372970581055
    vertex 152.34249877929688 73.08663940429688 50.197029113769524
  endloop
endfacet
facet normal -1.0 0.0 0.0
  outer loop
    vertex 152.34249877929688 73.08663940429688 50.197029113769524
    vertex 152.34249877929688 71.55854034423828 55.37372970581055
    vertex 152.34249877929688 73.74083709716795 57.63243103027344
  endloop
endfacet
facet normal -1.0 0.0 0.0
  outer loop
    vertex 152.34249877929688 73.08663940429688 50.197029113769524
    vertex 152.34249877929688 73.74083709716795 57.63243103027344
    vertex 152.34249877929688 74.90333557128905 52.362430572509766
  endloop
endfacet
facet normal -1.0 0.0 0.0
  outer loop
    vertex 152.34249877929688 74.90333557128905 52.362430572509766
    vertex 152.34249877929688 73.74083709716795 57.63243103027344
    vertex 152.34249877929688 76.07594299316406 59.73593139648437
  endloop
endfacet
facet normal -1.0 0.0 0.0
  outer loop
    vertex 152.34249877929688 74.90333557128905 52.362430572509766
    vertex 152.34249877929688 76.07594299316406 59.73593139648437
    vertex 152.34249877929688 76.86673736572266 54.397132873535156
  endloop
endfacet
facet normal -1.0 0.0 0.0
  outer loop
    vertex 152.34249877929688 76.86673736572266 54.397132873535156
    vertex 152.34249877929688 76.07594299316406 59.73593139648437
    vertex 152.34249877929688 78.55014038085938 61.66883087158203
  endloop
endfacet
facet normal -1.0 0.0 0.0
  outer loop
    vertex 152.34249877929688 76.86673736572266 54.397132873535156
    vertex 152.34249877929688 78.55014038085938 61.66883087158203
    vertex 152.34249877929688 78.9684371948242 56.2884292602539
  endloop
endfacet
facet normal -1.0 0.0 0.0
  outer loop
    vertex 152.34249877929688 78.9684371948242 56.2884292602539
    vertex 152.34249877929688 78.55014038085938 61.66883087158203
    vertex 152.34249877929688 81.15423583984375 63.42512893676757
  endloop
endfacet
facet normal -1.0 0.0 0.0
  outer loop
    vertex 152.34249877929688 78.9684371948242 56.2884292602539
    vertex 152.34249877929688 81.15423583984375 63.42512893676757
    vertex 152.34249877929688 81.19403839111328 58.02783203125
  endloop
endfacet
facet normal -1.0 0.0 0.0
  outer loop
    vertex 152.34249877929688 81.19403839111328 58.02783203125
    vertex 152.34249877929688 81.15423583984375 63.42512893676757
    vertex 152.34249877929688 83.8745346069336 64.99492645263672
  endloop
endfacet
facet normal -1.0 0.0 0.0
  outer loop
    vertex 152.34249877929688 81.19403839111328 58.02783203125
    vertex 152.34249877929688 83.8745346069336 64.99492645263672
    vertex 152.34249877929688 83.53933715820312 59.6086311340332
  endloop
endfacet
facet normal -1.0 0.0 0.0
  outer loop
    vertex 152.34249877929688 83.53933715820312 59.6086311340332
    vertex 152.34249877929688 83.8745346069336 64.99492645263672
    vertex 152.34249877929688 84.51253509521484 60.171131134033196
  endloop
endfacet
facet normal -1.0 0.0 0.0
  outer loop
    vertex 152.34249877929688 84.51253509521484 60.171131134033196
    vertex 152.34249877929688 83.8745346069336 64.99492645263672
    vertex 152.34249877929688 84.51253509521484 65.30802917480469
  endloop
endfacet
facet normal -1.0 0.0 0.0
  outer loop
    vertex 152.34249877929688 126.12643432617186 64.99492645263672
    vertex 152.34249877929688 125.48833465576172 60.171131134033196
    vertex 152.34249877929688 125.48833465576172 65.30802917480469
  endloop
endfacet
facet normal -1.0 0.0 0.0
  outer loop
    vertex 152.34249877929688 125.48833465576172 60.171131134033196
    vertex 152.34249877929688 126.12643432617186 64.99492645263672
    vertex 152.34249877929688 126.46154022216795 59.6086311340332
  endloop
endfacet
facet normal -1.0 0.0 0.0
  outer loop
    vertex 152.34249877929688 126.46154022216795 59.6086311340332
    vertex 152.34249877929688 126.12643432617186 64.99492645263672
    vertex 152.34249877929688 128.84674072265622 63.42512893676757
  endloop
endfacet
facet normal -1.0 0.0 0.0
  outer loop
    vertex 152.34249877929688 126.46154022216795 59.6086311340332
    vertex 152.34249877929688 128.84674072265622 63.42512893676757
    vertex 152.34249877929688 128.80683898925778 58.02783203125
  endloop
endfacet
facet normal -1.0 0.0 0.0
  outer loop
    vertex 152.34249877929688 128.80683898925778 58.02783203125
    vertex 152.34249877929688 128.84674072265622 63.42512893676757
    vertex 152.34249877929688 131.03244018554688 56.2884292602539
  endloop
endfacet
facet normal -1.0 0.0 0.0
  outer loop
    vertex 152.34249877929688 131.03244018554688 56.2884292602539
    vertex 152.34249877929688 128.84674072265622 63.42512893676757
    vertex 152.34249877929688 131.45074462890625 61.66883087158203
  endloop
endfacet
facet normal -1.0 0.0 0.0
  outer loop
    vertex 152.34249877929688 131.03244018554688 56.2884292602539
    vertex 152.34249877929688 131.45074462890625 61.66883087158203
    vertex 152.34249877929688 133.1333312988281 54.397132873535156
  endloop
endfacet
facet normal -1.0 0.0 0.0
  outer loop
    vertex 152.34249877929688 133.1333312988281 54.397132873535156
    vertex 152.34249877929688 131.45074462890625 61.66883087158203
    vertex 152.34249877929688 133.92494201660156 59.73593139648437
  endloop
endfacet
facet normal -1.0 0.0 0.0
  outer loop
    vertex 152.34249877929688 133.1333312988281 54.397132873535156
    vertex 152.34249877929688 133.92494201660156 59.73593139648437
    vertex 152.34249877929688 135.09764099121094 52.362430572509766
  endloop
endfacet
facet normal -1.0 0.0 0.0
  outer loop
    vertex 152.34249877929688 135.09764099121094 52.362430572509766
    vertex 152.34249877929688 133.92494201660156 59.73593139648437
    vertex 152.34249877929688 136.26004028320312 57.63243103027344
  endloop
endfacet
facet normal -1.0 0.0 0.0
  outer loop
    vertex 152.34249877929688 135.09764099121094 52.362430572509766
    vertex 152.34249877929688 136.26004028320312 57.63243103027344
    vertex 152.34249877929688 136.91424560546875 50.197029113769524
  endloop
endfacet
facet normal -1.0 0.0 0.0
  outer loop
    vertex 152.34249877929688 136.91424560546875 50.197029113769524
    vertex 152.34249877929688 136.26004028320312 57.63243103027344
    vertex 152.34249877929688 138.44152832031247 55.37372970581055
  endloop
endfacet
facet normal -1.0 0.0 0.0
  outer loop
    vertex 152.34249877929688 136.91424560546875 50.197029113769524
    vertex 152.34249877929688 138.44152832031247 55.37372970581055
    vertex 152.34249877929688 138.57733154296875 47.91033172607421
  endloop
endfacet
facet normal -1.0 0.0 0.0
  outer loop
    vertex 152.34249877929688 138.57733154296875 47.91033172607421
    vertex 152.34249877929688 138.44152832031247 55.37372970581055
    vertex 152.34249877929688 140.46014404296875 52.96823120117187
  endloop
endfacet
facet normal -1.0 0.0 0.0
  outer loop
    vertex 152.34249877929688 138.57733154296875 47.91033172607421
    vertex 152.34249877929688 140.46014404296875 52.96823120117187
    vertex 152.34249877929688 140.07493591308594 45.51253128051757
  endloop
endfacet
facet normal -1.0 0.0 0.0
  outer loop
    vertex 152.34249877929688 140.07493591308594 45.51253128051757
    vertex 152.34249877929688 140.46014404296875 52.96823120117187
    vertex 152.34249877929688 141.40113830566406 43.01792907714844
  endloop
endfacet
facet normal -1.0 0.0 0.0
  outer loop
    vertex 152.34249877929688 141.40113830566406 43.01792907714844
    vertex 152.34249877929688 140.46014404296875 52.96823120117187
    vertex 152.34249877929688 142.30734252929688 50.42703247070312
  endloop
endfacet
facet normal -1.0 0.0 0.0
  outer loop
    vertex 152.34249877929688 141.40113830566406 43.01792907714844
    vertex 152.34249877929688 142.30734252929688 50.42703247070312
    vertex 152.34249877929688 142.55084228515625 40.434219360351555
  endloop
endfacet
facet normal -1.0 0.0 0.0
  outer loop
    vertex 152.34249877929688 142.55084228515625 40.434219360351555
    vertex 152.34249877929688 142.30734252929688 50.42703247070312
    vertex 152.34249877929688 143.97204589843747 47.76272964477538
  endloop
endfacet
facet normal -1.0 0.0 0.0
  outer loop
    vertex 152.34249877929688 142.55084228515625 40.434219360351555
    vertex 152.34249877929688 143.97204589843747 47.76272964477538
    vertex 152.34249877929688 143.01153564453125 39.169109344482415
  endloop
endfacet
facet normal -1.0 0.0 0.0
  outer loop
    vertex 152.34249877929688 143.01153564453125 39.169109344482415
    vertex 152.34249877929688 143.97204589843747 47.76272964477538
    vertex 152.34249877929688 147.79884338378906 39.169109344482415
  endloop
endfacet
facet normal -1.0 0.0 0.0
  outer loop
    vertex 152.34249877929688 147.79884338378906 39.169109344482415
    vertex 152.34249877929688 143.97204589843747 47.76272964477538
    vertex 152.34249877929688 145.44503784179685 44.989830017089844
  endloop
endfacet
facet normal -1.0 0.0 0.0
  outer loop
    vertex 152.34249877929688 147.79884338378906 39.169109344482415
    vertex 152.34249877929688 145.44503784179685 44.989830017089844
    vertex 152.34249877929688 146.72293090820312 42.11935043334961
  endloop
endfacet
facet normal -0.0 -0.0 1.0
  outer loop
    vertex 152.34249877929688 143.01153564453125 39.169109344482415
    vertex 95.14929962158203 147.79884338378906 39.169109344482415
    vertex 95.14929962158203 143.01153564453125 39.169109344482415
  endloop
endfacet
facet normal -0.0 -0.0 1.0
  outer loop
    vertex 95.14929962158203 147.79884338378906 39.169109344482415
    vertex 75.14929962158202 148.7974395751953 39.169109344482415
    vertex 75.14929962158202 147.79884338378906 39.169109344482415
  endloop
endfacet
facet normal -0.0 -0.0 1.0
  outer loop
    vertex 75.14929962158202 148.7974395751953 39.169109344482415
    vertex 95.14929962158203 147.79884338378906 39.169109344482415
    vertex 172.35009765625 148.7974395751953 39.169109344482415
  endloop
endfacet
facet normal -0.0 -0.0 1.0
  outer loop
    vertex 172.35009765625 148.7974395751953 39.169109344482415
    vertex 95.14929962158203 147.79884338378906 39.169109344482415
    vertex 152.34249877929688 147.79884338378906 39.169109344482415
  endloop
endfacet
facet normal -0.0 -0.0 1.0
  outer loop
    vertex 152.34249877929688 147.79884338378906 39.169109344482415
    vertex 95.14929962158203 147.79884338378906 39.169109344482415
    vertex 152.34249877929688 143.01153564453125 39.169109344482415
  endloop
endfacet
facet normal -0.0 -0.0 1.0
  outer loop
    vertex 172.35009765625 148.7974395751953 39.169109344482415
    vertex 152.34249877929688 147.79884338378906 39.169109344482415
    vertex 172.35009765625 147.79884338378906 39.169109344482415
  endloop
endfacet
facet normal 1.0 -0.0 -0.0
  outer loop
    vertex 95.14929962158203 66.98933410644531 39.169109344482415
    vertex 95.14929962158203 63.278038024902344 42.11935043334961
    vertex 95.14929962158203 62.202136993408196 39.169109344482415
  endloop
endfacet
facet normal 1.0 -0.0 -0.0
  outer loop
    vertex 95.14929962158203 63.278038024902344 42.11935043334961
    vertex 95.14929962158203 66.98933410644531 39.169109344482415
    vertex 95.14929962158203 64.55503845214844 44.989830017089844
  endloop
endfacet
facet normal 1.0 -0.0 -0.0
  outer loop
    vertex 95.14929962158203 64.55503845214844 44.989830017089844
    vertex 95.14929962158203 66.98933410644531 39.169109344482415
    vertex 95.14929962158203 66.02883911132812 47.76272964477538
  endloop
endfacet
facet normal 1.0 -0.0 -0.0
  outer loop
    vertex 95.14929962158203 66.02883911132812 47.76272964477538
    vertex 95.14929962158203 66.98933410644531 39.169109344482415
    vertex 95.14929962158203 67.69364166259766 50.42703247070312
  endloop
endfacet
facet normal 1.0 -0.0 -0.0
  outer loop
    vertex 95.14929962158203 67.69364166259766 50.42703247070312
    vertex 95.14929962158203 66.98933410644531 39.169109344482415
    vertex 95.14929962158203 67.44923400878906 40.434219360351555
  endloop
endfacet
facet normal 1.0 -0.0 -0.0
  outer loop
    vertex 95.14929962158203 67.69364166259766 50.42703247070312
    vertex 95.14929962158203 67.44923400878906 40.434219360351555
    vertex 95.14929962158203 68.59983825683592 43.01792907714844
  endloop
endfacet
facet normal 1.0 -0.0 -0.0
  outer loop
    vertex 95.14929962158203 67.69364166259766 50.42703247070312
    vertex 95.14929962158203 68.59983825683592 43.01792907714844
    vertex 95.14929962158203 69.54084014892578 52.96823120117187
  endloop
endfacet
facet normal 1.0 -0.0 -0.0
  outer loop
    vertex 95.14929962158203 69.54084014892578 52.96823120117187
    vertex 95.14929962158203 68.59983825683592 43.01792907714844
    vertex 95.14929962158203 69.92604064941406 45.51253128051757
  endloop
endfacet
facet normal 1.0 -0.0 -0.0
  outer loop
    vertex 95.14929962158203 69.54084014892578 52.96823120117187
    vertex 95.14929962158203 69.92604064941406 45.51253128051757
    vertex 95.14929962158203 71.55854034423828 55.37372970581055
  endloop
endfacet
facet normal 1.0 -0.0 -0.0
  outer loop
    vertex 95.14929962158203 71.55854034423828 55.37372970581055
    vertex 95.14929962158203 69.92604064941406 45.51253128051757
    vertex 95.14929962158203 71.42363739013672 47.91033172607421
  endloop
endfacet
facet normal 1.0 -0.0 -0.0
  outer loop
    vertex 95.14929962158203 71.55854034423828 55.37372970581055
    vertex 95.14929962158203 71.42363739013672 47.91033172607421
    vertex 95.14929962158203 73.08663940429688 50.197029113769524
  endloop
endfacet
facet normal 1.0 -0.0 -0.0
  outer loop
    vertex 95.14929962158203 71.55854034423828 55.37372970581055
    vertex 95.14929962158203 73.08663940429688 50.197029113769524
    vertex 95.14929962158203 73.74083709716795 57.63243103027344
  endloop
endfacet
facet normal 1.0 -0.0 -0.0
  outer loop
    vertex 95.14929962158203 73.74083709716795 57.63243103027344
    vertex 95.14929962158203 73.08663940429688 50.197029113769524
    vertex 95.14929962158203 74.90333557128905 52.362430572509766
  endloop
endfacet
facet normal 1.0 -0.0 -0.0
  outer loop
    vertex 95.14929962158203 73.74083709716795 57.63243103027344
    vertex 95.14929962158203 74.90333557128905 52.362430572509766
    vertex 95.14929962158203 76.07594299316406 59.73593139648437
  endloop
endfacet
facet normal 1.0 -0.0 -0.0
  outer loop
    vertex 95.14929962158203 76.07594299316406 59.73593139648437
    vertex 95.14929962158203 74.90333557128905 52.362430572509766
    vertex 95.14929962158203 76.86673736572266 54.397132873535156
  endloop
endfacet
facet normal 1.0 -0.0 -0.0
  outer loop
    vertex 95.14929962158203 76.07594299316406 59.73593139648437
    vertex 95.14929962158203 76.86673736572266 54.397132873535156
    vertex 95.14929962158203 78.55014038085938 61.66883087158203
  endloop
endfacet
facet normal 1.0 -0.0 -0.0
  outer loop
    vertex 95.14929962158203 78.55014038085938 61.66883087158203
    vertex 95.14929962158203 76.86673736572266 54.397132873535156
    vertex 95.14929962158203 78.9684371948242 56.2884292602539
  endloop
endfacet
facet normal 1.0 -0.0 -0.0
  outer loop
    vertex 95.14929962158203 78.55014038085938 61.66883087158203
    vertex 95.14929962158203 78.9684371948242 56.2884292602539
    vertex 95.14929962158203 81.15423583984375 63.42512893676757
  endloop
endfacet
facet normal 1.0 -0.0 -0.0
  outer loop
    vertex 95.14929962158203 81.15423583984375 63.42512893676757
    vertex 95.14929962158203 78.9684371948242 56.2884292602539
    vertex 95.14929962158203 81.19403839111328 58.02783203125
  endloop
endfacet
facet normal 1.0 -0.0 -0.0
  outer loop
    vertex 95.14929962158203 81.15423583984375 63.42512893676757
    vertex 95.14929962158203 81.19403839111328 58.02783203125
    vertex 95.14929962158203 83.8745346069336 64.99492645263672
  endloop
endfacet
facet normal 1.0 -0.0 -0.0
  outer loop
    vertex 95.14929962158203 83.8745346069336 64.99492645263672
    vertex 95.14929962158203 81.19403839111328 58.02783203125
    vertex 95.14929962158203 83.53933715820312 59.6086311340332
  endloop
endfacet
facet normal 1.0 -0.0 -0.0
  outer loop
    vertex 95.14929962158203 83.8745346069336 64.99492645263672
    vertex 95.14929962158203 83.53933715820312 59.6086311340332
    vertex 95.14929962158203 84.51253509521484 60.171131134033196
  endloop
endfacet
facet normal 1.0 -0.0 -0.0
  outer loop
    vertex 95.14929962158203 83.8745346069336 64.99492645263672
    vertex 95.14929962158203 84.51253509521484 60.171131134033196
    vertex 95.14929962158203 84.51253509521484 65.30802917480469
  endloop
endfacet
facet normal 1.0 -0.0 -0.0
  outer loop
    vertex 95.14929962158203 126.46154022216795 59.6086311340332
    vertex 95.14929962158203 125.48833465576172 65.30802917480469
    vertex 95.14929962158203 125.48833465576172 60.171131134033196
  endloop
endfacet
facet normal 1.0 -0.0 -0.0
  outer loop
    vertex 95.14929962158203 125.48833465576172 65.30802917480469
    vertex 95.14929962158203 126.46154022216795 59.6086311340332
    vertex 95.14929962158203 126.12643432617186 64.99492645263672
  endloop
endfacet
facet normal 1.0 -0.0 -0.0
  outer loop
    vertex 95.14929962158203 126.12643432617186 64.99492645263672
    vertex 95.14929962158203 126.46154022216795 59.6086311340332
    vertex 95.14929962158203 128.84674072265622 63.42512893676757
  endloop
endfacet
facet normal 1.0 -0.0 -0.0
  outer loop
    vertex 95.14929962158203 128.84674072265622 63.42512893676757
    vertex 95.14929962158203 126.46154022216795 59.6086311340332
    vertex 95.14929962158203 128.80683898925778 58.02783203125
  endloop
endfacet
facet normal 1.0 -0.0 -0.0
  outer loop
    vertex 95.14929962158203 128.84674072265622 63.42512893676757
    vertex 95.14929962158203 128.80683898925778 58.02783203125
    vertex 95.14929962158203 131.03244018554688 56.2884292602539
  endloop
endfacet
facet normal 1.0 -0.0 -0.0
  outer loop
    vertex 95.14929962158203 128.84674072265622 63.42512893676757
    vertex 95.14929962158203 131.03244018554688 56.2884292602539
    vertex 95.14929962158203 131.45074462890625 61.66883087158203
  endloop
endfacet
facet normal 1.0 -0.0 -0.0
  outer loop
    vertex 95.14929962158203 131.45074462890625 61.66883087158203
    vertex 95.14929962158203 131.03244018554688 56.2884292602539
    vertex 95.14929962158203 133.1333312988281 54.397132873535156
  endloop
endfacet
facet normal 1.0 -0.0 -0.0
  outer loop
    vertex 95.14929962158203 131.45074462890625 61.66883087158203
    vertex 95.14929962158203 133.1333312988281 54.397132873535156
    vertex 95.14929962158203 133.92494201660156 59.73593139648437
  endloop
endfacet
facet normal 1.0 -0.0 -0.0
  outer loop
    vertex 95.14929962158203 133.92494201660156 59.73593139648437
    vertex 95.14929962158203 133.1333312988281 54.397132873535156
    vertex 95.14929962158203 135.09764099121094 52.362430572509766
  endloop
endfacet
facet normal 1.0 -0.0 -0.0
  outer loop
    vertex 95.14929962158203 133.92494201660156 59.73593139648437
    vertex 95.14929962158203 135.09764099121094 52.362430572509766
    vertex 95.14929962158203 136.26004028320312 57.63243103027344
  endloop
endfacet
facet normal 1.0 -0.0 -0.0
  outer loop
    vertex 95.14929962158203 136.26004028320312 57.63243103027344
    vertex 95.14929962158203 135.09764099121094 52.362430572509766
    vertex 95.14929962158203 136.91424560546875 50.197029113769524
  endloop
endfacet
facet normal 1.0 -0.0 -0.0
  outer loop
    vertex 95.14929962158203 136.26004028320312 57.63243103027344
    vertex 95.14929962158203 136.91424560546875 50.197029113769524
    vertex 95.14929962158203 138.44152832031247 55.37372970581055
  endloop
endfacet
facet normal 1.0 -0.0 -0.0
  outer loop
    vertex 95.14929962158203 138.44152832031247 55.37372970581055
    vertex 95.14929962158203 136.91424560546875 50.197029113769524
    vertex 95.14929962158203 138.57733154296875 47.91033172607421
  endloop
endfacet
facet normal 1.0 -0.0 -0.0
  outer loop
    vertex 95.14929962158203 138.44152832031247 55.37372970581055
    vertex 95.14929962158203 138.57733154296875 47.91033172607421
    vertex 95.14929962158203 140.46014404296875 52.96823120117187
  endloop
endfacet
facet normal 1.0 -0.0 -0.0
  outer loop
    vertex 95.14929962158203 140.46014404296875 52.96823120117187
    vertex 95.14929962158203 138.57733154296875 47.91033172607421
    vertex 95.14929962158203 140.07493591308594 45.51253128051757
  endloop
endfacet
facet normal 1.0 -0.0 -0.0
  outer loop
    vertex 95.14929962158203 140.46014404296875 52.96823120117187
    vertex 95.14929962158203 140.07493591308594 45.51253128051757
    vertex 95.14929962158203 141.40113830566406 43.01792907714844
  endloop
endfacet
facet normal 1.0 -0.0 -0.0
  outer loop
    vertex 95.14929962158203 140.46014404296875 52.96823120117187
    vertex 95.14929962158203 141.40113830566406 43.01792907714844
    vertex 95.14929962158203 142.30734252929688 50.42703247070312
  endloop
endfacet
facet normal 1.0 -0.0 -0.0
  outer loop
    vertex 95.14929962158203 142.30734252929688 50.42703247070312
    vertex 95.14929962158203 141.40113830566406 43.01792907714844
    vertex 95.14929962158203 142.55084228515625 40.434219360351555
  endloop
endfacet
facet normal 1.0 -0.0 -0.0
  outer loop
    vertex 95.14929962158203 142.30734252929688 50.42703247070312
    vertex 95.14929962158203 142.55084228515625 40.434219360351555
    vertex 95.14929962158203 143.97204589843747 47.76272964477538
  endloop
endfacet
facet normal 1.0 -0.0 -0.0
  outer loop
    vertex 95.14929962158203 143.97204589843747 47.76272964477538
    vertex 95.14929962158203 142.55084228515625 40.434219360351555
    vertex 95.14929962158203 143.01153564453125 39.169109344482415
  endloop
endfacet
facet normal 1.0 -0.0 -0.0
  outer loop
    vertex 95.14929962158203 143.97204589843747 47.76272964477538
    vertex 95.14929962158203 143.01153564453125 39.169109344482415
    vertex 95.14929962158203 147.79884338378906 39.169109344482415
  endloop
endfacet
facet normal 1.0 -0.0 -0.0
  outer loop
    vertex 95.14929962158203 143.97204589843747 47.76272964477538
    vertex 95.14929962158203 147.79884338378906 39.169109344482415
    vertex 95.14929962158203 145.44503784179685 44.989830017089844
  endloop
endfacet
facet normal 1.0 -0.0 -0.0
  outer loop
    vertex 95.14929962158203 145.44503784179685 44.989830017089844
    vertex 95.14929962158203 147.79884338378906 39.169109344482415
    vertex 95.14929962158203 146.72293090820312 42.11935043334961
  endloop
endfacet
facet normal -0.0 0.669300765385711 0.7429915783197689
  outer loop
    vertex 95.14929962158203 133.92494201660156 59.73593139648437
    vertex 75.14929962158202 136.26004028320312 57.63243103027344
    vertex 75.14929962158202 133.92494201660156 59.73593139648437
  endloop
endfacet
facet normal -0.0 0.669300765385711 0.7429915783197689
  outer loop
    vertex 75.14929962158202 136.26004028320312 57.63243103027344
    vertex 95.14929962158203 133.92494201660156 59.73593139648437
    vertex 95.14929962158203 136.26004028320312 57.63243103027344
  endloop
endfacet
facet normal -0.0 0.669300765385711 0.7429915783197689
  outer loop
    vertex 172.35009765625 133.92494201660156 59.73593139648437
    vertex 152.34249877929688 136.26004028320312 57.63243103027344
    vertex 152.34249877929688 133.92494201660156 59.73593139648437
  endloop
endfacet
facet normal -0.0 0.669300765385711 0.7429915783197689
  outer loop
    vertex 152.34249877929688 136.26004028320312 57.63243103027344
    vertex 172.35009765625 133.92494201660156 59.73593139648437
    vertex 172.35009765625 136.26004028320312 57.63243103027344
  endloop
endfacet
facet normal -0.0 0.7192943634946752 0.6947054186090605
  outer loop
    vertex 75.14929962158202 136.26004028320312 57.63243103027344
    vertex 95.14929962158203 138.44152832031247 55.37372970581055
    vertex 75.14929962158202 138.44152832031247 55.37372970581055
  endloop
endfacet
facet normal -0.0 0.7192943634946752 0.6947054186090605
  outer loop
    vertex 95.14929962158203 138.44152832031247 55.37372970581055
    vertex 75.14929962158202 136.26004028320312 57.63243103027344
    vertex 95.14929962158203 136.26004028320312 57.63243103027344
  endloop
endfacet
facet normal -0.0 0.7192943634946752 0.6947054186090607
  outer loop
    vertex 152.34249877929688 136.26004028320312 57.63243103027344
    vertex 172.35009765625 138.44152832031247 55.37372970581055
    vertex 152.34249877929688 138.44152832031247 55.37372970581055
  endloop
endfacet
facet normal -0.0 0.7192943634946752 0.6947054186090607
  outer loop
    vertex 172.35009765625 138.44152832031247 55.37372970581055
    vertex 152.34249877929688 136.26004028320312 57.63243103027344
    vertex 172.35009765625 136.26004028320312 57.63243103027344
  endloop
endfacet
facet normal 0.0 -0.7194421780775948 -0.69455233957058
  outer loop
    vertex 95.14929962158203 133.1333312988281 54.397132873535156
    vertex 80.14869689941405 135.09764099121094 52.362430572509766
    vertex 95.14929962158203 135.09764099121094 52.362430572509766
  endloop
endfacet
facet normal 0.0 -0.7194421780775948 -0.69455233957058
  outer loop
    vertex 80.14869689941405 135.09764099121094 52.362430572509766
    vertex 95.14929962158203 133.1333312988281 54.397132873535156
    vertex 80.14869689941405 133.1333312988281 54.397132873535156
  endloop
endfacet
facet normal 0.0 -0.7194421780775948 -0.69455233957058
  outer loop
    vertex 167.35069274902344 133.1333312988281 54.397132873535156
    vertex 152.34249877929688 135.09764099121094 52.362430572509766
    vertex 167.35069274902344 135.09764099121094 52.362430572509766
  endloop
endfacet
facet normal 0.0 -0.7194421780775948 -0.69455233957058
  outer loop
    vertex 152.34249877929688 135.09764099121094 52.362430572509766
    vertex 167.35069274902344 133.1333312988281 54.397132873535156
    vertex 152.34249877929688 133.1333312988281 54.397132873535156
  endloop
endfacet
facet normal -0.0 0.4405074285615333 0.8977489656814457
  outer loop
    vertex 95.14929962158203 125.48833465576172 65.30802917480469
    vertex 75.14929962158202 126.12643432617186 64.99492645263672
    vertex 75.14929962158202 125.48833465576172 65.30802917480469
  endloop
endfacet
facet normal -0.0 0.4405074285615333 0.8977489656814457
  outer loop
    vertex 75.14929962158202 126.12643432617186 64.99492645263672
    vertex 95.14929962158203 125.48833465576172 65.30802917480469
    vertex 95.14929962158203 126.12643432617186 64.99492645263672
  endloop
endfacet
facet normal -0.0 0.4405074285615333 0.8977489656814457
  outer loop
    vertex 172.35009765625 125.48833465576172 65.30802917480469
    vertex 152.34249877929688 126.12643432617186 64.99492645263672
    vertex 152.34249877929688 125.48833465576172 65.30802917480469
  endloop
endfacet
facet normal -0.0 0.4405074285615333 0.8977489656814457
  outer loop
    vertex 152.34249877929688 126.12643432617186 64.99492645263672
    vertex 172.35009765625 125.48833465576172 65.30802917480469
    vertex 172.35009765625 126.12643432617186 64.99492645263672
  endloop
endfacet
facet normal 0.0 -0.558919515482312 -0.829221909510969
  outer loop
    vertex 95.14929962158203 128.80683898925778 58.02783203125
    vertex 80.14869689941405 126.46154022216795 59.6086311340332
    vertex 80.14869689941405 128.80683898925778 58.02783203125
  endloop
endfacet
facet normal 0.0 -0.558919515482312 -0.829221909510969
  outer loop
    vertex 80.14869689941405 126.46154022216795 59.6086311340332
    vertex 95.14929962158203 128.80683898925778 58.02783203125
    vertex 95.14929962158203 126.46154022216795 59.6086311340332
  endloop
endfacet
facet normal 0.0 -0.558919515482312 -0.829221909510969
  outer loop
    vertex 167.35069274902344 128.80683898925778 58.02783203125
    vertex 152.34249877929688 126.46154022216795 59.6086311340332
    vertex 152.34249877929688 128.80683898925778 58.02783203125
  endloop
endfacet
facet normal 0.0 -0.558919515482312 -0.829221909510969
  outer loop
    vertex 152.34249877929688 126.46154022216795 59.6086311340332
    vertex 167.35069274902344 128.80683898925778 58.02783203125
    vertex 167.35069274902344 126.46154022216795 59.6086311340332
  endloop
endfacet
facet normal 0.0 -0.6690613517150017 -0.743207176796144
  outer loop
    vertex 95.14929962158203 133.1333312988281 54.397132873535156
    vertex 80.14869689941405 131.03244018554688 56.2884292602539
    vertex 80.14869689941405 133.1333312988281 54.397132873535156
  endloop
endfacet
facet normal 0.0 -0.6690613517150017 -0.743207176796144
  outer loop
    vertex 80.14869689941405 131.03244018554688 56.2884292602539
    vertex 95.14929962158203 133.1333312988281 54.397132873535156
    vertex 95.14929962158203 131.03244018554688 56.2884292602539
  endloop
endfacet
facet normal 0.0 -0.6690613517150018 -0.743207176796144
  outer loop
    vertex 167.35069274902344 133.1333312988281 54.397132873535156
    vertex 152.34249877929688 131.03244018554688 56.2884292602539
    vertex 152.34249877929688 133.1333312988281 54.397132873535156
  endloop
endfacet
facet normal 0.0 -0.6690613517150018 -0.743207176796144
  outer loop
    vertex 152.34249877929688 131.03244018554688 56.2884292602539
    vertex 167.35069274902344 133.1333312988281 54.397132873535156
    vertex 167.35069274902344 131.03244018554688 56.2884292602539
  endloop
endfacet
facet normal -0.0 0.8087446021449508 -0.5881599854643339
  outer loop
    vertex 80.14869689941405 73.08663940429688 50.197029113769524
    vertex 95.14929962158203 71.42363739013672 47.91033172607421
    vertex 80.14869689941405 71.42363739013672 47.91033172607421
  endloop
endfacet
facet normal -0.0 0.8087446021449508 -0.5881599854643339
  outer loop
    vertex 95.14929962158203 71.42363739013672 47.91033172607421
    vertex 80.14869689941405 73.08663940429688 50.197029113769524
    vertex 95.14929962158203 73.08663940429688 50.197029113769524
  endloop
endfacet
facet normal -0.0 0.8087446021449508 -0.5881599854643338
  outer loop
    vertex 152.34249877929688 73.08663940429688 50.197029113769524
    vertex 167.35069274902344 71.42363739013672 47.91033172607421
    vertex 152.34249877929688 71.42363739013672 47.91033172607421
  endloop
endfacet
facet normal -0.0 0.8087446021449508 -0.5881599854643338
  outer loop
    vertex 167.35069274902344 71.42363739013672 47.91033172607421
    vertex 152.34249877929688 73.08663940429688 50.197029113769524
    vertex 167.35069274902344 73.08663940429688 50.197029113769524
  endloop
endfacet
facet normal 0.0 -0.766111153175624 -0.6427080993576444
  outer loop
    vertex 95.14929962158203 135.09764099121094 52.362430572509766
    vertex 80.14869689941405 136.91424560546875 50.197029113769524
    vertex 95.14929962158203 136.91424560546875 50.197029113769524
  endloop
endfacet
facet normal 0.0 -0.766111153175624 -0.6427080993576444
  outer loop
    vertex 80.14869689941405 136.91424560546875 50.197029113769524
    vertex 95.14929962158203 135.09764099121094 52.362430572509766
    vertex 80.14869689941405 135.09764099121094 52.362430572509766
  endloop
endfacet
facet normal 0.0 -0.7661111531756242 -0.6427080993576444
  outer loop
    vertex 167.35069274902344 135.09764099121094 52.362430572509766
    vertex 152.34249877929688 136.91424560546875 50.197029113769524
    vertex 167.35069274902344 136.91424560546875 50.197029113769524
  endloop
endfacet
facet normal 0.0 -0.7661111531756242 -0.6427080993576444
  outer loop
    vertex 152.34249877929688 136.91424560546875 50.197029113769524
    vertex 167.35069274902344 135.09764099121094 52.362430572509766
    vertex 152.34249877929688 135.09764099121094 52.362430572509766
  endloop
endfacet
facet normal -0.0 0.6156307440926304 0.7880347625123872
  outer loop
    vertex 95.14929962158203 131.45074462890625 61.66883087158203
    vertex 75.14929962158202 133.92494201660156 59.73593139648437
    vertex 75.14929962158202 131.45074462890625 61.66883087158203
  endloop
endfacet
facet normal -0.0 0.6156307440926304 0.7880347625123872
  outer loop
    vertex 75.14929962158202 133.92494201660156 59.73593139648437
    vertex 95.14929962158203 131.45074462890625 61.66883087158203
    vertex 95.14929962158203 133.92494201660156 59.73593139648437
  endloop
endfacet
facet normal -0.0 0.6156307440926304 0.788034762512387
  outer loop
    vertex 172.35009765625 131.45074462890625 61.66883087158203
    vertex 152.34249877929688 133.92494201660156 59.73593139648437
    vertex 152.34249877929688 131.45074462890625 61.66883087158203
  endloop
endfacet
facet normal -0.0 0.6156307440926304 0.788034762512387
  outer loop
    vertex 152.34249877929688 133.92494201660156 59.73593139648437
    vertex 172.35009765625 131.45074462890625 61.66883087158203
    vertex 172.35009765625 133.92494201660156 59.73593139648437
  endloop
endfacet
facet normal -0.0 0.8829771007034342 -0.46941606239386163
  outer loop
    vertex 80.14869689941405 69.92604064941406 45.51253128051757
    vertex 95.14929962158203 68.59983825683592 43.01792907714844
    vertex 80.14869689941405 68.59983825683592 43.01792907714844
  endloop
endfacet
facet normal -0.0 0.8829771007034342 -0.46941606239386163
  outer loop
    vertex 95.14929962158203 68.59983825683592 43.01792907714844
    vertex 80.14869689941405 69.92604064941406 45.51253128051757
    vertex 95.14929962158203 69.92604064941406 45.51253128051757
  endloop
endfacet
facet normal -0.0 0.8829771007034342 -0.46941606239386163
  outer loop
    vertex 152.34249877929688 69.92604064941406 45.51253128051757
    vertex 167.35069274902344 68.59983825683592 43.01792907714844
    vertex 152.34249877929688 68.59983825683592 43.01792907714844
  endloop
endfacet
facet normal -0.0 0.8829771007034342 -0.46941606239386163
  outer loop
    vertex 167.35069274902344 68.59983825683592 43.01792907714844
    vertex 152.34249877929688 69.92604064941406 45.51253128051757
    vertex 167.35069274902344 69.92604064941406 45.51253128051757
  endloop
endfacet
facet normal 0.0 0.6157873325550234 -0.787912406974766
  outer loop
    vertex 167.35069274902344 81.19403839111328 58.02783203125
    vertex 152.34249877929688 78.9684371948242 56.2884292602539
    vertex 152.34249877929688 81.19403839111328 58.02783203125
  endloop
endfacet
facet normal 0.0 0.6157873325550234 -0.787912406974766
  outer loop
    vertex 152.34249877929688 78.9684371948242 56.2884292602539
    vertex 167.35069274902344 81.19403839111328 58.02783203125
    vertex 167.35069274902344 78.9684371948242 56.2884292602539
  endloop
endfacet
facet normal 0.0 0.6157873325550234 -0.787912406974766
  outer loop
    vertex 95.14929962158203 81.19403839111328 58.02783203125
    vertex 80.14869689941405 78.9684371948242 56.2884292602539
    vertex 80.14869689941405 81.19403839111328 58.02783203125
  endloop
endfacet
facet normal 0.0 0.6157873325550234 -0.787912406974766
  outer loop
    vertex 80.14869689941405 78.9684371948242 56.2884292602539
    vertex 95.14929962158203 81.19403839111328 58.02783203125
    vertex 95.14929962158203 78.9684371948242 56.2884292602539
  endloop
endfacet
facet normal 0.0 0.5589195154823101 -0.8292219095109702
  outer loop
    vertex 167.35069274902344 83.53933715820312 59.6086311340332
    vertex 152.34249877929688 81.19403839111328 58.02783203125
    vertex 152.34249877929688 83.53933715820312 59.6086311340332
  endloop
endfacet
facet normal 0.0 0.5589195154823101 -0.8292219095109702
  outer loop
    vertex 152.34249877929688 81.19403839111328 58.02783203125
    vertex 167.35069274902344 83.53933715820312 59.6086311340332
    vertex 167.35069274902344 81.19403839111328 58.02783203125
  endloop
endfacet
facet normal 0.0 0.5589195154823101 -0.8292219095109702
  outer loop
    vertex 95.14929962158203 83.53933715820312 59.6086311340332
    vertex 80.14869689941405 81.19403839111328 58.02783203125
    vertex 80.14869689941405 83.53933715820312 59.6086311340332
  endloop
endfacet
facet normal 0.0 0.5589195154823101 -0.8292219095109702
  outer loop
    vertex 80.14869689941405 81.19403839111328 58.02783203125
    vertex 95.14929962158203 83.53933715820312 59.6086311340332
    vertex 95.14929962158203 81.19403839111328 58.02783203125
  endloop
endfacet
facet normal 0.0 -0.5004132872654857 -0.8657866607474098
  outer loop
    vertex 95.14929962158203 126.46154022216795 59.6086311340332
    vertex 80.14869689941405 125.48833465576172 60.171131134033196
    vertex 80.14869689941405 126.46154022216795 59.6086311340332
  endloop
endfacet
facet normal 0.0 -0.5004132872654857 -0.8657866607474098
  outer loop
    vertex 80.14869689941405 125.48833465576172 60.171131134033196
    vertex 95.14929962158203 126.46154022216795 59.6086311340332
    vertex 95.14929962158203 125.48833465576172 60.171131134033196
  endloop
endfacet
facet normal 0.0 -0.5004132872654856 -0.8657866607474098
  outer loop
    vertex 167.35069274902344 126.46154022216795 59.6086311340332
    vertex 152.34249877929688 125.48833465576172 60.171131134033196
    vertex 152.34249877929688 126.46154022216795 59.6086311340332
  endloop
endfacet
facet normal 0.0 -0.5004132872654856 -0.8657866607474098
  outer loop
    vertex 152.34249877929688 125.48833465576172 60.171131134033196
    vertex 167.35069274902344 126.46154022216795 59.6086311340332
    vertex 167.35069274902344 125.48833465576172 60.171131134033196
  endloop
endfacet
facet normal -0.0 0.9135109594746511 -0.4068141183878732
  outer loop
    vertex 80.14869689941405 68.59983825683592 43.01792907714844
    vertex 95.14929962158203 67.44923400878906 40.434219360351555
    vertex 80.14869689941405 67.44923400878906 40.434219360351555
  endloop
endfacet
facet normal -0.0 0.9135109594746511 -0.4068141183878732
  outer loop
    vertex 95.14929962158203 67.44923400878906 40.434219360351555
    vertex 80.14869689941405 68.59983825683592 43.01792907714844
    vertex 95.14929962158203 68.59983825683592 43.01792907714844
  endloop
endfacet
facet normal -0.0 0.9135109594746512 -0.40681411838787324
  outer loop
    vertex 152.34249877929688 68.59983825683592 43.01792907714844
    vertex 167.35069274902344 67.44923400878906 40.434219360351555
    vertex 152.34249877929688 67.44923400878906 40.434219360351555
  endloop
endfacet
facet normal -0.0 0.9135109594746512 -0.40681411838787324
  outer loop
    vertex 167.35069274902344 67.44923400878906 40.434219360351555
    vertex 152.34249877929688 68.59983825683592 43.01792907714844
    vertex 167.35069274902344 68.59983825683592 43.01792907714844
  endloop
endfacet
facet normal -0.0 0.7660189126064737 0.6428180345394765
  outer loop
    vertex 75.14929962158202 138.44152832031247 55.37372970581055
    vertex 95.14929962158203 140.46014404296875 52.96823120117187
    vertex 75.14929962158202 140.46014404296875 52.96823120117187
  endloop
endfacet
facet normal -0.0 0.7660189126064737 0.6428180345394765
  outer loop
    vertex 95.14929962158203 140.46014404296875 52.96823120117187
    vertex 75.14929962158202 138.44152832031247 55.37372970581055
    vertex 95.14929962158203 138.44152832031247 55.37372970581055
  endloop
endfacet
facet normal -0.0 0.7660189126064738 0.6428180345394765
  outer loop
    vertex 152.34249877929688 138.44152832031247 55.37372970581055
    vertex 172.35009765625 140.46014404296875 52.96823120117187
    vertex 152.34249877929688 140.46014404296875 52.96823120117187
  endloop
endfacet
facet normal -0.0 0.7660189126064738 0.6428180345394765
  outer loop
    vertex 172.35009765625 140.46014404296875 52.96823120117187
    vertex 152.34249877929688 138.44152832031247 55.37372970581055
    vertex 172.35009765625 138.44152832031247 55.37372970581055
  endloop
endfacet
facet normal -0.0 0.7660952043900454 -0.6427271099079103
  outer loop
    vertex 80.14869689941405 74.90333557128905 52.362430572509766
    vertex 95.14929962158203 73.08663940429688 50.197029113769524
    vertex 80.14869689941405 73.08663940429688 50.197029113769524
  endloop
endfacet
facet normal -0.0 0.7660952043900454 -0.6427271099079103
  outer loop
    vertex 95.14929962158203 73.08663940429688 50.197029113769524
    vertex 80.14869689941405 74.90333557128905 52.362430572509766
    vertex 95.14929962158203 74.90333557128905 52.362430572509766
  endloop
endfacet
facet normal -0.0 0.7660952043900454 -0.6427271099079103
  outer loop
    vertex 152.34249877929688 74.90333557128905 52.362430572509766
    vertex 167.35069274902344 73.08663940429688 50.197029113769524
    vertex 152.34249877929688 73.08663940429688 50.197029113769524
  endloop
endfacet
facet normal -0.0 0.7660952043900454 -0.6427271099079103
  outer loop
    vertex 167.35069274902344 73.08663940429688 50.197029113769524
    vertex 152.34249877929688 74.90333557128905 52.362430572509766
    vertex 167.35069274902344 74.90333557128905 52.362430572509766
  endloop
endfacet
facet normal 0.0 -0.8829771007034342 -0.46941606239386163
  outer loop
    vertex 95.14929962158203 140.07493591308594 45.51253128051757
    vertex 80.14869689941405 141.40113830566406 43.01792907714844
    vertex 95.14929962158203 141.40113830566406 43.01792907714844
  endloop
endfacet
facet normal 0.0 -0.8829771007034342 -0.46941606239386163
  outer loop
    vertex 80.14869689941405 141.40113830566406 43.01792907714844
    vertex 95.14929962158203 140.07493591308594 45.51253128051757
    vertex 80.14869689941405 140.07493591308594 45.51253128051757
  endloop
endfacet
facet normal 0.0 -0.8829771007034342 -0.46941606239386163
  outer loop
    vertex 167.35069274902344 140.07493591308594 45.51253128051757
    vertex 152.34249877929688 141.40113830566406 43.01792907714844
    vertex 167.35069274902344 141.40113830566406 43.01792907714844
  endloop
endfacet
facet normal 0.0 -0.8829771007034342 -0.46941606239386163
  outer loop
    vertex 152.34249877929688 141.40113830566406 43.01792907714844
    vertex 167.35069274902344 140.07493591308594 45.51253128051757
    vertex 152.34249877929688 140.07493591308594 45.51253128051757
  endloop
endfacet
facet normal -0.0 0.8088793014688996 0.587974723653309
  outer loop
    vertex 75.14929962158202 140.46014404296875 52.96823120117187
    vertex 95.14929962158203 142.30734252929688 50.42703247070312
    vertex 75.14929962158202 142.30734252929688 50.42703247070312
  endloop
endfacet
facet normal -0.0 0.8088793014688996 0.587974723653309
  outer loop
    vertex 95.14929962158203 142.30734252929688 50.42703247070312
    vertex 75.14929962158202 140.46014404296875 52.96823120117187
    vertex 95.14929962158203 140.46014404296875 52.96823120117187
  endloop
endfacet
facet normal -0.0 0.8088793014688995 0.587974723653309
  outer loop
    vertex 152.34249877929688 140.46014404296875 52.96823120117187
    vertex 172.35009765625 142.30734252929688 50.42703247070312
    vertex 152.34249877929688 142.30734252929688 50.42703247070312
  endloop
endfacet
facet normal -0.0 0.8088793014688995 0.587974723653309
  outer loop
    vertex 172.35009765625 142.30734252929688 50.42703247070312
    vertex 152.34249877929688 140.46014404296875 52.96823120117187
    vertex 172.35009765625 140.46014404296875 52.96823120117187
  endloop
endfacet
facet normal 0.0 -0.7661624803416425 0.6426469121661927
  outer loop
    vertex 95.14929962158203 71.55854034423828 55.37372970581055
    vertex 75.14929962158202 69.54084014892578 52.96823120117187
    vertex 95.14929962158203 69.54084014892578 52.96823120117187
  endloop
endfacet
facet normal 0.0 -0.7661624803416425 0.6426469121661927
  outer loop
    vertex 75.14929962158202 69.54084014892578 52.96823120117187
    vertex 95.14929962158203 71.55854034423828 55.37372970581055
    vertex 75.14929962158202 71.55854034423828 55.37372970581055
  endloop
endfacet
facet normal -3.83521234105971e-06 -0.766173628223927 0.6426336214356316
  outer loop
    vertex 172.3415985107422 71.55854034423828 55.37372970581055
    vertex 152.34249877929688 69.54084014892578 52.96823120117187
    vertex 172.3415985107422 69.54084014892578 52.96823120117187
  endloop
endfacet
facet normal -3.83521234105971e-06 -0.766173628223927 0.6426336214356316
  outer loop
    vertex 152.34249877929688 69.54084014892578 52.96823120117187
    vertex 172.3415985107422 71.55854034423828 55.37372970581055
    vertex 152.34249877929688 71.55854034423828 55.37372970581055
  endloop
endfacet
facet normal 0.0 -0.6157873325550234 -0.787912406974766
  outer loop
    vertex 95.14929962158203 131.03244018554688 56.2884292602539
    vertex 80.14869689941405 128.80683898925778 58.02783203125
    vertex 80.14869689941405 131.03244018554688 56.2884292602539
  endloop
endfacet
facet normal 0.0 -0.6157873325550234 -0.787912406974766
  outer loop
    vertex 80.14869689941405 128.80683898925778 58.02783203125
    vertex 95.14929962158203 131.03244018554688 56.2884292602539
    vertex 95.14929962158203 128.80683898925778 58.02783203125
  endloop
endfacet
facet normal 0.0 -0.6157873325550234 -0.787912406974766
  outer loop
    vertex 167.35069274902344 131.03244018554688 56.2884292602539
    vertex 152.34249877929688 128.80683898925778 58.02783203125
    vertex 152.34249877929688 131.03244018554688 56.2884292602539
  endloop
endfacet
facet normal 0.0 -0.6157873325550234 -0.787912406974766
  outer loop
    vertex 152.34249877929688 128.80683898925778 58.02783203125
    vertex 167.35069274902344 131.03244018554688 56.2884292602539
    vertex 167.35069274902344 128.80683898925778 58.02783203125
  endloop
endfacet
facet normal -0.0 0.5591656056971804 0.829055984481932
  outer loop
    vertex 95.14929962158203 128.84674072265622 63.42512893676757
    vertex 75.14929962158202 131.45074462890625 61.66883087158203
    vertex 75.14929962158202 128.84674072265622 63.42512893676757
  endloop
endfacet
facet normal -0.0 0.5591656056971804 0.829055984481932
  outer loop
    vertex 75.14929962158202 131.45074462890625 61.66883087158203
    vertex 95.14929962158203 128.84674072265622 63.42512893676757
    vertex 95.14929962158203 131.45074462890625 61.66883087158203
  endloop
endfacet
facet normal -0.0 0.5591656056971805 0.8290559844819321
  outer loop
    vertex 172.35009765625 128.84674072265622 63.42512893676757
    vertex 152.34249877929688 131.45074462890625 61.66883087158203
    vertex 152.34249877929688 128.84674072265622 63.42512893676757
  endloop
endfacet
facet normal -0.0 0.5591656056971805 0.8290559844819321
  outer loop
    vertex 152.34249877929688 131.45074462890625 61.66883087158203
    vertex 172.35009765625 128.84674072265622 63.42512893676757
    vertex 172.35009765625 131.45074462890625 61.66883087158203
  endloop
endfacet
facet normal 0.0 -0.8481605654634194 -0.5297392332013672
  outer loop
    vertex 95.14929962158203 138.57733154296875 47.91033172607421
    vertex 80.14869689941405 140.07493591308594 45.51253128051757
    vertex 95.14929962158203 140.07493591308594 45.51253128051757
  endloop
endfacet
facet normal 0.0 -0.8481605654634194 -0.5297392332013672
  outer loop
    vertex 80.14869689941405 140.07493591308594 45.51253128051757
    vertex 95.14929962158203 138.57733154296875 47.91033172607421
    vertex 80.14869689941405 138.57733154296875 47.91033172607421
  endloop
endfacet
facet normal 0.0 -0.8481605654634194 -0.5297392332013672
  outer loop
    vertex 167.35069274902344 138.57733154296875 47.91033172607421
    vertex 152.34249877929688 140.07493591308594 45.51253128051757
    vertex 167.35069274902344 140.07493591308594 45.51253128051757
  endloop
endfacet
facet normal 0.0 -0.8481605654634194 -0.5297392332013672
  outer loop
    vertex 152.34249877929688 140.07493591308594 45.51253128051757
    vertex 167.35069274902344 138.57733154296875 47.91033172607421
    vertex 152.34249877929688 138.57733154296875 47.91033172607421
  endloop
endfacet
facet normal 0.0 -0.808730483535868 -0.5881793986530313
  outer loop
    vertex 95.14929962158203 136.91424560546875 50.197029113769524
    vertex 80.14869689941405 138.57733154296875 47.91033172607421
    vertex 95.14929962158203 138.57733154296875 47.91033172607421
  endloop
endfacet
facet normal 0.0 -0.808730483535868 -0.5881793986530313
  outer loop
    vertex 80.14869689941405 138.57733154296875 47.91033172607421
    vertex 95.14929962158203 136.91424560546875 50.197029113769524
    vertex 80.14869689941405 136.91424560546875 50.197029113769524
  endloop
endfacet
facet normal 0.0 -0.808730483535868 -0.5881793986530313
  outer loop
    vertex 167.35069274902344 136.91424560546875 50.197029113769524
    vertex 152.34249877929688 138.57733154296875 47.91033172607421
    vertex 167.35069274902344 138.57733154296875 47.91033172607421
  endloop
endfacet
facet normal 0.0 -0.808730483535868 -0.5881793986530313
  outer loop
    vertex 152.34249877929688 138.57733154296875 47.91033172607421
    vertex 167.35069274902344 136.91424560546875 50.197029113769524
    vertex 152.34249877929688 136.91424560546875 50.197029113769524
  endloop
endfacet
facet normal 0.0 -0.913629227215135 -0.4065484413674164
  outer loop
    vertex 95.14929962158203 141.40113830566406 43.01792907714844
    vertex 80.14869689941405 142.55084228515625 40.434219360351555
    vertex 95.14929962158203 142.55084228515625 40.434219360351555
  endloop
endfacet
facet normal 0.0 -0.913629227215135 -0.4065484413674164
  outer loop
    vertex 80.14869689941405 142.55084228515625 40.434219360351555
    vertex 95.14929962158203 141.40113830566406 43.01792907714844
    vertex 80.14869689941405 141.40113830566406 43.01792907714844
  endloop
endfacet
facet normal 0.0 -0.913629227215135 -0.40654844136741636
  outer loop
    vertex 167.35069274902344 141.40113830566406 43.01792907714844
    vertex 152.34249877929688 142.55084228515625 40.434219360351555
    vertex 167.35069274902344 142.55084228515625 40.434219360351555
  endloop
endfacet
facet normal 0.0 -0.913629227215135 -0.40654844136741636
  outer loop
    vertex 152.34249877929688 142.55084228515625 40.434219360351555
    vertex 167.35069274902344 141.40113830566406 43.01792907714844
    vertex 152.34249877929688 141.40113830566406 43.01792907714844
  endloop
endfacet
facet normal -0.0 0.49981561066593644 0.8661318348465419
  outer loop
    vertex 95.14929962158203 126.12643432617186 64.99492645263672
    vertex 75.14929962158202 128.84674072265622 63.42512893676757
    vertex 75.14929962158202 126.12643432617186 64.99492645263672
  endloop
endfacet
facet normal -0.0 0.49981561066593644 0.8661318348465419
  outer loop
    vertex 75.14929962158202 128.84674072265622 63.42512893676757
    vertex 95.14929962158203 126.12643432617186 64.99492645263672
    vertex 95.14929962158203 128.84674072265622 63.42512893676757
  endloop
endfacet
facet normal -0.0 0.49981561066593644 0.8661318348465419
  outer loop
    vertex 172.35009765625 126.12643432617186 64.99492645263672
    vertex 152.34249877929688 128.84674072265622 63.42512893676757
    vertex 152.34249877929688 126.12643432617186 64.99492645263672
  endloop
endfacet
facet normal -0.0 0.49981561066593644 0.8661318348465419
  outer loop
    vertex 152.34249877929688 128.84674072265622 63.42512893676757
    vertex 172.35009765625 126.12643432617186 64.99492645263672
    vertex 172.35009765625 128.84674072265622 63.42512893676757
  endloop
endfacet
facet normal 1.0323536743485225e-09 -0.9704022595971094 0.24149421228846196
  outer loop
    vertex 209.85040283203125 71.37353515625 34.90625
    vertex 172.35009765625 70.7838363647461 32.53638458251953
    vertex 209.85040283203125 70.7838363647461 32.53638458251953
  endloop
endfacet
facet normal 1.0323536743485225e-09 -0.9704022595971094 0.24149421228846196
  outer loop
    vertex 172.35009765625 70.7838363647461 32.53638458251953
    vertex 209.85040283203125 71.37353515625 34.90625
    vertex 172.3415985107422 71.37353515625 34.90625
  endloop
endfacet
facet normal 3.982129603906713e-19 -0.865683179314547 0.50059228225359
  outer loop
    vertex 209.85040283203125 75.33523559570312 43.80102920532226
    vertex 172.3415985107422 74.72343444824219 42.7430305480957
    vertex 209.85040283203125 74.72343444824219 42.7430305480957
  endloop
endfacet
facet normal 3.982129603906713e-19 -0.865683179314547 0.50059228225359
  outer loop
    vertex 172.3415985107422 74.72343444824219 42.7430305480957
    vertex 209.85040283203125 75.33523559570312 43.80102920532226
    vertex 172.3415985107422 75.33523559570312 43.80102920532226
  endloop
endfacet
facet normal 9.726842120810161e-11 -0.999396336053974 0.034741379965283085
  outer loop
    vertex 209.85040283203125 70.10334014892578 27.70248031616211
    vertex 172.35009765625 70.01853942871094 25.26304054260254
    vertex 209.85040283203125 70.01853942871094 25.26304054260254
  endloop
endfacet
facet normal 9.726842120810161e-11 -0.999396336053974 0.034741379965283085
  outer loop
    vertex 172.35009765625 70.01853942871094 25.26304054260254
    vertex 209.85040283203125 70.10334014892578 27.70248031616211
    vertex 172.3415985107422 70.10334014892578 27.70248031616211
  endloop
endfacet
facet normal 2.6967440717701213e-10 -0.9510310295233885 0.3090954235890334
  outer loop
    vertex 209.85040283203125 72.12783813476562 37.22689056396484
    vertex 172.3415985107422 71.37353515625 34.90625
    vertex 209.85040283203125 71.37353515625 34.90625
  endloop
endfacet
facet normal 2.6967440717701213e-10 -0.9510310295233885 0.3090954235890334
  outer loop
    vertex 172.3415985107422 71.37353515625 34.90625
    vertex 209.85040283203125 72.12783813476562 37.22689056396484
    vertex 172.3415985107422 72.12783813476562 37.22689056396484
  endloop
endfacet
facet normal 0.0 -0.8664591668902444 0.4992479465274382
  outer loop
    vertex 209.85040283203125 74.72343444824219 42.7430305480957
    vertex 172.3415985107422 74.11424255371092 41.685760498046875
    vertex 209.85040283203125 74.11424255371092 41.685760498046875
  endloop
endfacet
facet normal 0.0 -0.8664591668902444 0.4992479465274382
  outer loop
    vertex 172.3415985107422 74.11424255371092 41.685760498046875
    vertex 209.85040283203125 74.72343444824219 42.7430305480957
    vertex 172.3415985107422 74.72343444824219 42.7430305480957
  endloop
endfacet
facet normal -6.991137303328261e-19 -0.898278374931782 0.43942685526708186
  outer loop
    vertex 209.85040283203125 74.11424255371092 41.685760498046875
    vertex 172.3415985107422 73.57713317871094 40.587799072265625
    vertex 209.85040283203125 73.57713317871094 40.587799072265625
  endloop
endfacet
facet normal -6.991137303328261e-19 -0.898278374931782 0.43942685526708186
  outer loop
    vertex 172.3415985107422 73.57713317871094 40.587799072265625
    vertex 209.85040283203125 74.11424255371092 41.685760498046875
    vertex 172.3415985107422 74.11424255371092 41.685760498046875
  endloop
endfacet
facet normal 6.973472407629786e-19 -0.8988206821569604 0.43831653097607054
  outer loop
    vertex 209.85040283203125 73.57713317871094 40.587799072265625
    vertex 172.3415985107422 73.04253387451172 39.491539001464844
    vertex 209.85040283203125 73.04253387451172 39.491539001464844
  endloop
endfacet
facet normal 6.973472407629786e-19 -0.8988206821569604 0.43831653097607054
  outer loop
    vertex 172.3415985107422 73.04253387451172 39.491539001464844
    vertex 209.85040283203125 73.57713317871094 40.587799072265625
    vertex 172.3415985107422 73.57713317871094 40.587799072265625
  endloop
endfacet
facet normal 5.916074060971386e-06 -0.9272238895930607 0.374507487953066
  outer loop
    vertex 209.85040283203125 73.04253387451172 39.491539001464844
    vertex 172.3415985107422 72.12783813476562 37.22689056396484
    vertex 209.85040283203125 72.12783813476562 37.22689056396484
  endloop
endfacet
facet normal 5.916074060971386e-06 -0.9272238895930607 0.374507487953066
  outer loop
    vertex 172.3415985107422 72.12783813476562 37.22689056396484
    vertex 209.85040283203125 73.04253387451172 39.491539001464844
    vertex 172.3415985107422 73.04253387451172 39.491539001464844
  endloop
endfacet
facet normal -4.173410383168108e-10 -0.829285716446754 0.5588248388335955
  outer loop
    vertex 209.85040283203125 76.69953918457031 45.82563018798828
    vertex 172.3415985107422 75.33523559570312 43.80102920532226
    vertex 209.85040283203125 75.33523559570312 43.80102920532226
  endloop
endfacet
facet normal -4.173410383168108e-10 -0.829285716446754 0.5588248388335955
  outer loop
    vertex 172.3415985107422 75.33523559570312 43.80102920532226
    vertex 209.85040283203125 76.69953918457031 45.82563018798828
    vertex 172.3415985107422 76.69953918457031 45.82563018798828
  endloop
endfacet
facet normal -1.6577271041376975e-19 -0.9945567635146642 0.10419618105879266
  outer loop
    vertex 209.85040283203125 70.23063659667969 28.91753005981445
    vertex 172.3415985107422 70.10334014892578 27.70248031616211
    vertex 209.85040283203125 70.10334014892578 27.70248031616211
  endloop
endfacet
facet normal -1.6577271041376975e-19 -0.9945567635146642 0.10419618105879266
  outer loop
    vertex 172.3415985107422 70.10334014892578 27.70248031616211
    vertex 209.85040283203125 70.23063659667969 28.91753005981445
    vertex 172.3415985107422 70.23063659667969 28.91753005981445
  endloop
endfacet
facet normal -6.598442246251731e-11 -0.7878480869345721 0.6158696224961376
  outer loop
    vertex 209.85040283203125 78.20314025878905 47.74913024902343
    vertex 172.3415985107422 76.69953918457031 45.82563018798828
    vertex 209.85040283203125 76.69953918457031 45.82563018798828
  endloop
endfacet
facet normal -6.598442246251731e-11 -0.7878480869345721 0.6158696224961376
  outer loop
    vertex 172.3415985107422 76.69953918457031 45.82563018798828
    vertex 209.85040283203125 78.20314025878905 47.74913024902343
    vertex 172.3415985107422 78.20314025878905 47.74913024902343
  endloop
endfacet
facet normal -0.0 -0.6429501458913279 0.7659080296604288
  outer loop
    vertex 209.85040283203125 81.59373474121094 51.25852966308593
    vertex 172.3415985107422 82.52873992919922 52.04343032836913
    vertex 172.3415985107422 81.59373474121094 51.25852966308593
  endloop
endfacet
facet normal -0.0 -0.6429501458913279 0.7659080296604288
  outer loop
    vertex 172.3415985107422 82.52873992919922 52.04343032836913
    vertex 209.85040283203125 81.59373474121094 51.25852966308593
    vertex 209.85040283203125 82.52873992919922 52.04343032836913
  endloop
endfacet
facet normal -0.0 -0.6436610925085524 0.7653106545649924
  outer loop
    vertex 209.85040283203125 82.52873992919922 52.04343032836913
    vertex 172.3415985107422 83.46293640136717 52.82913208007812
    vertex 172.3415985107422 82.52873992919922 52.04343032836913
  endloop
endfacet
facet normal -0.0 -0.6436610925085524 0.7653106545649924
  outer loop
    vertex 172.3415985107422 83.46293640136717 52.82913208007812
    vertex 209.85040283203125 82.52873992919922 52.04343032836913
    vertex 209.85040283203125 83.46293640136717 52.82913208007812
  endloop
endfacet
facet normal 0.0 -0.9993860120433408 -0.03503710793012923
  outer loop
    vertex 45.14980316162109 125.43824005126952 26.691921234130856
    vertex 40.1504020690918 125.48833465576172 25.26304054260254
    vertex 45.14980316162109 125.48833465576172 25.26304054260254
  endloop
endfacet
facet normal 0.0 -0.9993860120433408 -0.03503710793012923
  outer loop
    vertex 40.1504020690918 125.48833465576172 25.26304054260254
    vertex 45.14980316162109 125.43824005126952 26.691921234130856
    vertex 40.1504020690918 125.43824005126952 26.691921234130856
  endloop
endfacet
facet normal 0.0 -0.7881641184620237 -0.6154651268504017
  outer loop
    vertex 45.14980316162109 120.69513702392577 38.43260955810546
    vertex 40.1504020690918 121.57503509521483 37.30581283569336
    vertex 45.14980316162109 121.57503509521483 37.30581283569336
  endloop
endfacet
facet normal 0.0 -0.7881641184620237 -0.6154651268504017
  outer loop
    vertex 40.1504020690918 121.57503509521483 37.30581283569336
    vertex 45.14980316162109 120.69513702392577 38.43260955810546
    vertex 40.1504020690918 120.69513702392577 38.43260955810546
  endloop
endfacet
facet normal 0.0 -0.9847783897658471 -0.17381462265927383
  outer loop
    vertex 45.14980316162109 125.04033660888672 29.523361206054688
    vertex 40.1504020690918 125.2889404296875 28.1148509979248
    vertex 45.14980316162109 125.2889404296875 28.1148509979248
  endloop
endfacet
facet normal 0.0 -0.9847783897658471 -0.17381462265927383
  outer loop
    vertex 40.1504020690918 125.2889404296875 28.1148509979248
    vertex 45.14980316162109 125.04033660888672 29.523361206054688
    vertex 40.1504020690918 125.04033660888672 29.523361206054688
  endloop
endfacet
facet normal 5.991206037173954e-30 -0.5884537646208287 -0.8085308694809213
  outer loop
    vertex 45.14980316162109 117.61254119873045 41.40745162963867
    vertex 40.1504020690918 116.45603942871094 42.24916076660156
    vertex 40.1504020690918 117.61254119873045 41.40745162963867
  endloop
endfacet
facet normal 5.991206037173954e-30 -0.5884537646208287 -0.8085308694809213
  outer loop
    vertex 40.1504020690918 116.45603942871094 42.24916076660156
    vertex 45.14980316162109 117.61254119873045 41.40745162963867
    vertex 45.14980316162109 116.45603942871094 42.24916076660156
  endloop
endfacet
facet normal 0.0 -0.47009161954728257 -0.8826176234539015
  outer loop
    vertex 45.14980316162109 115.24353790283202 43.00603103637695
    vertex 40.1504020690918 113.98182678222656 43.67803192138671
    vertex 40.1504020690918 115.24353790283202 43.00603103637695
  endloop
endfacet
facet normal 0.0 -0.47009161954728257 -0.8826176234539015
  outer loop
    vertex 40.1504020690918 113.98182678222656 43.67803192138671
    vertex 45.14980316162109 115.24353790283202 43.00603103637695
    vertex 45.14980316162109 113.98182678222656 43.67803192138671
  endloop
endfacet
facet normal 4.551890840407659e-18 -0.40662127935433556 -0.9135968121530653
  outer loop
    vertex 45.14980316162109 113.98182678222656 43.67803192138671
    vertex 40.1504020690918 112.67598724365234 44.259231567382805
    vertex 40.1504020690918 113.98182678222656 43.67803192138671
  endloop
endfacet
facet normal 4.551890840407659e-18 -0.40662127935433556 -0.9135968121530653
  outer loop
    vertex 40.1504020690918 112.67598724365234 44.259231567382805
    vertex 45.14980316162109 113.98182678222656 43.67803192138671
    vertex 45.14980316162109 112.67598724365234 44.259231567382805
  endloop
endfacet
facet normal 3.5642963806396808e-31 -0.27534475798242186 -0.9613455488281004
  outer loop
    vertex 45.14980316162109 111.33197021484375 44.74713134765624
    vertex 40.1504020690918 109.9573974609375 45.140830993652344
    vertex 40.1504020690918 111.33197021484375 44.74713134765624
  endloop
endfacet
facet normal 3.5642963806396808e-31 -0.27534475798242186 -0.9613455488281004
  outer loop
    vertex 40.1504020690918 109.9573974609375 45.140830993652344
    vertex 45.14980316162109 111.33197021484375 44.74713134765624
    vertex 45.14980316162109 109.9573974609375 45.140830993652344
  endloop
endfacet
facet normal 0.0 -0.9945405036971025 -0.1043512649943156
  outer loop
    vertex 45.14980316162109 125.2889404296875 28.1148509979248
    vertex 40.1504020690918 125.43824005126952 26.691921234130856
    vertex 45.14980316162109 125.43824005126952 26.691921234130856
  endloop
endfacet
facet normal 0.0 -0.9945405036971025 -0.1043512649943156
  outer loop
    vertex 40.1504020690918 125.43824005126952 26.691921234130856
    vertex 45.14980316162109 125.2889404296875 28.1148509979248
    vertex 40.1504020690918 125.2889404296875 28.1148509979248
  endloop
endfacet
facet normal 0.0 -0.07059371414879512 -0.9975051516271375
  outer loop
    vertex 45.14980316162109 107.1420669555664 45.63722991943359
    vertex 40.1504020690918 105.71488952636719 45.73823165893554
    vertex 40.1504020690918 107.1420669555664 45.63722991943359
  endloop
endfacet
facet normal 0.0 -0.07059371414879512 -0.9975051516271375
  outer loop
    vertex 40.1504020690918 105.71488952636719 45.73823165893554
    vertex 45.14980316162109 107.1420669555664 45.63722991943359
    vertex 45.14980316162109 105.71488952636719 45.73823165893554
  endloop
endfacet
facet normal 0.0 -0.9703584512086244 -0.24167018055192505
  outer loop
    vertex 45.14980316162109 124.69503784179686 30.909811019897457
    vertex 40.1504020690918 125.04033660888672 29.523361206054688
    vertex 45.14980316162109 125.04033660888672 29.523361206054688
  endloop
endfacet
facet normal 0.0 -0.9703584512086244 -0.24167018055192505
  outer loop
    vertex 40.1504020690918 125.04033660888672 29.523361206054688
    vertex 45.14980316162109 124.69503784179686 30.909811019897457
    vertex 40.1504020690918 124.69503784179686 30.909811019897457
  endloop
endfacet
facet normal 0.0 -0.8292993669600618 -0.558804581190635
  outer loop
    vertex 45.14980316162109 121.57503509521483 37.30581283569336
    vertex 40.1504020690918 122.37433624267578 36.11960220336914
    vertex 45.14980316162109 122.37433624267578 36.11960220336914
  endloop
endfacet
facet normal 0.0 -0.8292993669600618 -0.558804581190635
  outer loop
    vertex 40.1504020690918 122.37433624267578 36.11960220336914
    vertex 45.14980316162109 121.57503509521483 37.30581283569336
    vertex 40.1504020690918 121.57503509521483 37.30581283569336
  endloop
endfacet
facet normal -1.681586564952075e-05 -0.8990099233574886 -0.4379282560214505
  outer loop
    vertex 45.14980316162109 123.09043884277344 34.88164138793945
    vertex 40.1504020690918 123.71663665771484 33.59616470336914
    vertex 45.14980316162109 123.71663665771484 33.59616470336914
  endloop
endfacet
facet normal -1.681586564952075e-05 -0.8990099233574886 -0.4379282560214505
  outer loop
    vertex 40.1504020690918 123.71663665771484 33.59616470336914
    vertex 45.14980316162109 123.09043884277344 34.88164138793945
    vertex 40.1504020690918 123.09043884277344 34.88164138793945
  endloop
endfacet
facet normal 1.0 5.9935527496267294e-31 6.080445210664756e-31
  outer loop
    vertex 45.14980316162109 84.51253509521484 -0.00017089843458961693
    vertex 45.14980316162109 73.7205352783203 34.11714172363281
    vertex 45.14980316162109 73.7205352783203 -0.00017089843458961693
  endloop
endfacet
facet normal 1.0 5.9935527496267294e-31 6.080445210664756e-31
  outer loop
    vertex 45.14980316162109 73.7205352783203 34.11714172363281
    vertex 45.14980316162109 84.51253509521484 -0.00017089843458961693
    vertex 45.14980316162109 73.78073883056639 34.3513298034668
  endloop
endfacet
facet normal 1.0 5.9935527496267294e-31 6.080445210664756e-31
  outer loop
    vertex 45.14980316162109 73.78073883056639 34.3513298034668
    vertex 45.14980316162109 84.51253509521484 -0.00017089843458961693
    vertex 45.14980316162109 74.49173736572266 36.50651931762695
  endloop
endfacet
facet normal 1.0 5.9935527496267294e-31 6.080445210664756e-31
  outer loop
    vertex 45.14980316162109 74.49173736572266 36.50651931762695
    vertex 45.14980316162109 84.51253509521484 -0.00017089843458961693
    vertex 45.14980316162109 75.34963989257812 38.6073989868164
  endloop
endfacet
facet normal 1.0 5.9935527496267294e-31 6.080445210664756e-31
  outer loop
    vertex 45.14980316162109 75.34963989257812 38.6073989868164
    vertex 45.14980316162109 84.51253509521484 -0.00017089843458961693
    vertex 45.14980316162109 76.35253906249999 40.644649505615234
  endloop
endfacet
facet normal 1.0 5.9935527496267294e-31 6.080445210664756e-31
  outer loop
    vertex 45.14980316162109 76.35253906249999 40.644649505615234
    vertex 45.14980316162109 84.51253509521484 -0.00017089843458961693
    vertex 45.14980316162109 77.49463653564453 42.60383987426758
  endloop
endfacet
facet normal 1.0 5.9935527496267294e-31 6.080445210664756e-31
  outer loop
    vertex 45.14980316162109 77.49463653564453 42.60383987426758
    vertex 45.14980316162109 84.51253509521484 -0.00017089843458961693
    vertex 45.14980316162109 78.7724380493164 44.48073196411133
  endloop
endfacet
facet normal 1.0 5.9935527496267294e-31 6.080445210664756e-31
  outer loop
    vertex 45.14980316162109 78.7724380493164 44.48073196411133
    vertex 45.14980316162109 84.51253509521484 -0.00017089843458961693
    vertex 45.14980316162109 80.1767349243164 46.26343154907226
  endloop
endfacet
facet normal 1.0 5.9935527496267294e-31 6.080445210664756e-31
  outer loop
    vertex 45.14980316162109 80.1767349243164 46.26343154907226
    vertex 45.14980316162109 84.51253509521484 -0.00017089843458961693
    vertex 45.14980316162109 81.7006378173828 47.94433212280273
  endloop
endfacet
facet normal 1.0 5.9935527496267294e-31 6.080445210664756e-31
  outer loop
    vertex 45.14980316162109 81.7006378173828 47.94433212280273
    vertex 45.14980316162109 84.51253509521484 -0.00017089843458961693
    vertex 45.14980316162109 83.33993530273438 49.51483154296875
  endloop
endfacet
facet normal 1.0 5.9935527496267294e-31 6.080445210664756e-31
  outer loop
    vertex 45.14980316162109 83.33993530273438 49.51483154296875
    vertex 45.14980316162109 84.51253509521484 -0.00017089843458961693
    vertex 45.14980316162109 84.51253509521484 25.26304054260254
  endloop
endfacet
facet normal 1.0 5.9935527496267294e-31 6.080445210664756e-31
  outer loop
    vertex 45.14980316162109 83.33993530273438 49.51483154296875
    vertex 45.14980316162109 84.51253509521484 25.26304054260254
    vertex 45.14980316162109 85.08533477783203 50.9658317565918
  endloop
endfacet
facet normal 1.0 5.9935527496267294e-31 6.080445210664756e-31
  outer loop
    vertex 45.14980316162109 85.08533477783203 50.9658317565918
    vertex 45.14980316162109 84.51253509521484 25.26304054260254
    vertex 45.14980316162109 84.56263732910156 26.691921234130856
  endloop
endfacet
facet normal 1.0 5.9935527496267294e-31 6.080445210664756e-31
  outer loop
    vertex 45.14980316162109 85.08533477783203 50.9658317565918
    vertex 45.14980316162109 84.56263732910156 26.691921234130856
    vertex 45.14980316162109 84.7119369506836 28.1148509979248
  endloop
endfacet
facet normal 1.0 5.9935527496267294e-31 6.080445210664756e-31
  outer loop
    vertex 45.14980316162109 85.08533477783203 50.9658317565918
    vertex 45.14980316162109 84.7119369506836 28.1148509979248
    vertex 45.14980316162109 84.96054077148436 29.523361206054688
  endloop
endfacet
facet normal 1.0 5.9935527496267294e-31 6.080445210664756e-31
  outer loop
    vertex 45.14980316162109 85.08533477783203 50.9658317565918
    vertex 45.14980316162109 84.96054077148436 29.523361206054688
    vertex 45.14980316162109 85.30593872070312 30.909811019897457
  endloop
endfacet
facet normal 1.0 5.9935527496267294e-31 6.080445210664756e-31
  outer loop
    vertex 45.14980316162109 85.08533477783203 50.9658317565918
    vertex 45.14980316162109 85.30593872070312 30.909811019897457
    vertex 45.14980316162109 86.9265365600586 52.29373168945312
  endloop
endfacet
facet normal 1.0 5.9935527496267294e-31 6.080445210664756e-31
  outer loop
    vertex 45.14980316162109 86.9265365600586 52.29373168945312
    vertex 45.14980316162109 85.30593872070312 30.909811019897457
    vertex 45.14980316162109 85.74794006347656 32.26995849609375
  endloop
endfacet
facet normal 1.0 5.9935527496267294e-31 6.080445210664756e-31
  outer loop
    vertex 45.14980316162109 86.9265365600586 52.29373168945312
    vertex 45.14980316162109 85.74794006347656 32.26995849609375
    vertex 45.14980316162109 86.28424072265625 33.596160888671875
  endloop
endfacet
facet normal 1.0 5.9935527496267294e-31 6.080445210664756e-31
  outer loop
    vertex 45.14980316162109 86.9265365600586 52.29373168945312
    vertex 45.14980316162109 86.28424072265625 33.596160888671875
    vertex 45.14980316162109 86.91043853759766 34.88164138793945
  endloop
endfacet
facet normal 1.0 5.9935527496267294e-31 6.080445210664756e-31
  outer loop
    vertex 45.14980316162109 86.9265365600586 52.29373168945312
    vertex 45.14980316162109 86.91043853759766 34.88164138793945
    vertex 45.14980316162109 87.6265411376953 36.11960220336914
  endloop
endfacet
facet normal 1.0 5.9935527496267294e-31 6.080445210664756e-31
  outer loop
    vertex 45.14980316162109 86.9265365600586 52.29373168945312
    vertex 45.14980316162109 87.6265411376953 36.11960220336914
    vertex 45.14980316162109 88.85604095458984 53.48923110961914
  endloop
endfacet
facet normal 1.0 5.9935527496267294e-31 6.080445210664756e-31
  outer loop
    vertex 45.14980316162109 88.85604095458984 53.48923110961914
    vertex 45.14980316162109 87.6265411376953 36.11960220336914
    vertex 45.14980316162109 88.42583465576172 37.305809020996094
  endloop
endfacet
facet normal 1.0 5.9935527496267294e-31 6.080445210664756e-31
  outer loop
    vertex 45.14980316162109 88.85604095458984 53.48923110961914
    vertex 45.14980316162109 88.42583465576172 37.305809020996094
    vertex 45.14980316162109 89.30574035644531 38.43260955810546
  endloop
endfacet
facet normal 1.0 5.9935527496267294e-31 6.080445210664756e-31
  outer loop
    vertex 45.14980316162109 88.85604095458984 53.48923110961914
    vertex 45.14980316162109 89.30574035644531 38.43260955810546
    vertex 45.14980316162109 90.86444091796874 54.54483032226562
  endloop
endfacet
facet normal 1.0 5.9935527496267294e-31 6.080445210664756e-31
  outer loop
    vertex 45.14980316162109 90.86444091796874 54.54483032226562
    vertex 45.14980316162109 89.30574035644531 38.43260955810546
    vertex 45.14980316162109 90.2628402709961 39.49578094482422
  endloop
endfacet
facet normal 1.0 5.9935527496267294e-31 6.080445210664756e-31
  outer loop
    vertex 45.14980316162109 90.86444091796874 54.54483032226562
    vertex 45.14980316162109 90.2628402709961 39.49578094482422
    vertex 45.14980316162109 91.29213714599608 40.488529205322266
  endloop
endfacet
facet normal 1.0 5.9935527496267294e-31 6.080445210664756e-31
  outer loop
    vertex 45.14980316162109 136.2923431396484 -0.00017089843458961693
    vertex 45.14980316162109 125.48833465576172 25.26304054260254
    vertex 45.14980316162109 125.48833465576172 -0.00017089843458961693
  endloop
endfacet
facet normal 1.0 5.9935527496267294e-31 6.080445210664756e-31
  outer loop
    vertex 45.14980316162109 125.48833465576172 25.26304054260254
    vertex 45.14980316162109 136.2923431396484 -0.00017089843458961693
    vertex 45.14980316162109 126.85443878173827 49.33922958374023
  endloop
endfacet
facet normal 1.0 5.9935527496267294e-31 6.080445210664756e-31
  outer loop
    vertex 45.14980316162109 126.85443878173827 49.33922958374023
    vertex 45.14980316162109 136.2923431396484 -0.00017089843458961693
    vertex 45.14980316162109 128.48184204101562 47.755130767822266
  endloop
endfacet
facet normal 1.0 5.9935527496267294e-31 6.080445210664756e-31
  outer loop
    vertex 45.14980316162109 128.48184204101562 47.755130767822266
    vertex 45.14980316162109 136.2923431396484 -0.00017089843458961693
    vertex 45.14980316162109 129.9930419921875 46.06312942504883
  endloop
endfacet
facet normal 1.0 5.9935527496267294e-31 6.080445210664756e-31
  outer loop
    vertex 45.14980316162109 129.9930419921875 46.06312942504883
    vertex 45.14980316162109 136.2923431396484 -0.00017089843458961693
    vertex 45.14980316162109 131.3837432861328 44.26943206787109
  endloop
endfacet
facet normal 1.0 5.9935527496267294e-31 6.080445210664756e-31
  outer loop
    vertex 45.14980316162109 131.3837432861328 44.26943206787109
    vertex 45.14980316162109 136.2923431396484 -0.00017089843458961693
    vertex 45.14980316162109 132.64543151855466 42.382381439208984
  endloop
endfacet
facet normal 1.0 5.9935527496267294e-31 6.080445210664756e-31
  outer loop
    vertex 45.14980316162109 132.64543151855466 42.382381439208984
    vertex 45.14980316162109 136.2923431396484 -0.00017089843458961693
    vertex 45.14980316162109 133.7714385986328 40.41215896606445
  endloop
endfacet
facet normal 1.0 5.9935527496267294e-31 6.080445210664756e-31
  outer loop
    vertex 45.14980316162109 133.7714385986328 40.41215896606445
    vertex 45.14980316162109 136.2923431396484 -0.00017089843458961693
    vertex 45.14980316162109 134.75823974609375 38.36728286743164
  endloop
endfacet
facet normal 1.0 5.9935527496267294e-31 6.080445210664756e-31
  outer loop
    vertex 45.14980316162109 134.75823974609375 38.36728286743164
    vertex 45.14980316162109 136.2923431396484 -0.00017089843458961693
    vertex 45.14980316162109 135.59994506835938 36.260452270507805
  endloop
endfacet
facet normal 1.0 5.9935527496267294e-31 6.080445210664756e-31
  outer loop
    vertex 45.14980316162109 135.59994506835938 36.260452270507805
    vertex 45.14980316162109 136.2923431396484 -0.00017089843458961693
    vertex 45.14980316162109 136.2923431396484 34.098472595214844
  endloop
endfacet
facet normal 1.0 5.9935527496267294e-31 6.080445210664756e-31
  outer loop
    vertex 45.14980316162109 118.7088394165039 40.488529205322266
    vertex 45.14980316162109 118.41183471679688 54.86122894287109
    vertex 45.14980316162109 117.61254119873045 41.40745162963867
  endloop
endfacet
facet normal 1.0 5.9935527496267294e-31 6.080445210664756e-31
  outer loop
    vertex 45.14980316162109 118.41183471679688 54.86122894287109
    vertex 45.14980316162109 118.7088394165039 40.488529205322266
    vertex 45.14980316162109 119.37323760986327 54.4294319152832
  endloop
endfacet
facet normal 1.0 5.9935527496267294e-31 6.080445210664756e-31
  outer loop
    vertex 45.14980316162109 119.37323760986327 54.4294319152832
    vertex 45.14980316162109 118.7088394165039 40.488529205322266
    vertex 45.14980316162109 119.73803710937499 39.49578094482422
  endloop
endfacet
facet normal 1.0 5.9935527496267294e-31 6.080445210664756e-31
  outer loop
    vertex 45.14980316162109 119.37323760986327 54.4294319152832
    vertex 45.14980316162109 119.73803710937499 39.49578094482422
    vertex 45.14980316162109 121.3705368041992 53.357730865478516
  endloop
endfacet
facet normal 1.0 5.9935527496267294e-31 6.080445210664756e-31
  outer loop
    vertex 45.14980316162109 121.3705368041992 53.357730865478516
    vertex 45.14980316162109 119.73803710937499 39.49578094482422
    vertex 45.14980316162109 120.69513702392577 38.43260955810546
  endloop
endfacet
facet normal 1.0 5.9935527496267294e-31 6.080445210664756e-31
  outer loop
    vertex 45.14980316162109 121.3705368041992 53.357730865478516
    vertex 45.14980316162109 120.69513702392577 38.43260955810546
    vertex 45.14980316162109 121.57503509521483 37.30581283569336
  endloop
endfacet
facet normal 1.0 5.9935527496267294e-31 6.080445210664756e-31
  outer loop
    vertex 45.14980316162109 121.3705368041992 53.357730865478516
    vertex 45.14980316162109 121.57503509521483 37.30581283569336
    vertex 45.14980316162109 123.2924346923828 52.14693069458007
  endloop
endfacet
facet normal 1.0 5.9935527496267294e-31 6.080445210664756e-31
  outer loop
    vertex 45.14980316162109 123.2924346923828 52.14693069458007
    vertex 45.14980316162109 121.57503509521483 37.30581283569336
    vertex 45.14980316162109 122.37433624267578 36.11960220336914
  endloop
endfacet
facet normal 1.0 5.9935527496267294e-31 6.080445210664756e-31
  outer loop
    vertex 45.14980316162109 123.2924346923828 52.14693069458007
    vertex 45.14980316162109 122.37433624267578 36.11960220336914
    vertex 45.14980316162109 123.09043884277344 34.88164138793945
  endloop
endfacet
facet normal 1.0 5.9935527496267294e-31 6.080445210664756e-31
  outer loop
    vertex 45.14980316162109 123.2924346923828 52.14693069458007
    vertex 45.14980316162109 123.09043884277344 34.88164138793945
    vertex 45.14980316162109 123.71663665771484 33.59616470336914
  endloop
endfacet
facet normal 1.0 5.9935527496267294e-31 6.080445210664756e-31
  outer loop
    vertex 45.14980316162109 123.2924346923828 52.14693069458007
    vertex 45.14980316162109 123.71663665771484 33.59616470336914
    vertex 45.14980316162109 125.1226348876953 50.80463027954101
  endloop
endfacet
facet normal 1.0 5.9935527496267294e-31 6.080445210664756e-31
  outer loop
    vertex 45.14980316162109 125.1226348876953 50.80463027954101
    vertex 45.14980316162109 123.71663665771484 33.59616470336914
    vertex 45.14980316162109 124.25293731689452 32.26995849609375
  endloop
endfacet
facet normal 1.0 5.9935527496267294e-31 6.080445210664756e-31
  outer loop
    vertex 45.14980316162109 125.1226348876953 50.80463027954101
    vertex 45.14980316162109 124.25293731689452 32.26995849609375
    vertex 45.14980316162109 124.69503784179686 30.909811019897457
  endloop
endfacet
facet normal 1.0 5.9935527496267294e-31 6.080445210664756e-31
  outer loop
    vertex 45.14980316162109 125.1226348876953 50.80463027954101
    vertex 45.14980316162109 124.69503784179686 30.909811019897457
    vertex 45.14980316162109 125.04033660888672 29.523361206054688
  endloop
endfacet
facet normal 1.0 5.9935527496267294e-31 6.080445210664756e-31
  outer loop
    vertex 45.14980316162109 125.1226348876953 50.80463027954101
    vertex 45.14980316162109 125.04033660888672 29.523361206054688
    vertex 45.14980316162109 125.2889404296875 28.1148509979248
  endloop
endfacet
facet normal 1.0 5.9935527496267294e-31 6.080445210664756e-31
  outer loop
    vertex 45.14980316162109 125.1226348876953 50.80463027954101
    vertex 45.14980316162109 125.2889404296875 28.1148509979248
    vertex 45.14980316162109 126.85443878173827 49.33922958374023
  endloop
endfacet
facet normal 1.0 5.9935527496267294e-31 6.080445210664756e-31
  outer loop
    vertex 45.14980316162109 126.85443878173827 49.33922958374023
    vertex 45.14980316162109 125.2889404296875 28.1148509979248
    vertex 45.14980316162109 125.43824005126952 26.691921234130856
  endloop
endfacet
facet normal 1.0 5.9935527496267294e-31 6.080445210664756e-31
  outer loop
    vertex 45.14980316162109 126.85443878173827 49.33922958374023
    vertex 45.14980316162109 125.43824005126952 26.691921234130856
    vertex 45.14980316162109 125.48833465576172 25.26304054260254
  endloop
endfacet
facet normal 1.0 5.9935527496267294e-31 6.080445210664756e-31
  outer loop
    vertex 45.14980316162109 90.86444091796874 54.54483032226562
    vertex 45.14980316162109 92.64804077148436 58.24423217773437
    vertex 45.14980316162109 90.37743377685545 57.30323028564453
  endloop
endfacet
facet normal 1.0 5.9935527496267294e-31 6.080445210664756e-31
  outer loop
    vertex 45.14980316162109 92.64804077148436 58.24423217773437
    vertex 45.14980316162109 90.86444091796874 54.54483032226562
    vertex 45.14980316162109 91.29213714599608 40.488529205322266
  endloop
endfacet
facet normal 1.0 5.9935527496267294e-31 6.080445210664756e-31
  outer loop
    vertex 45.14980316162109 92.64804077148436 58.24423217773437
    vertex 45.14980316162109 91.29213714599608 40.488529205322266
    vertex 45.14980316162109 92.38753509521484 41.40745162963867
  endloop
endfacet
facet normal 1.0 5.9935527496267294e-31 6.080445210664756e-31
  outer loop
    vertex 45.14980316162109 92.64804077148436 58.24423217773437
    vertex 45.14980316162109 92.38753509521484 41.40745162963867
    vertex 45.14980316162109 93.54403686523436 42.24916076660156
  endloop
endfacet
facet normal 1.0 5.9935527496267294e-31 6.080445210664756e-31
  outer loop
    vertex 45.14980316162109 92.64804077148436 58.24423217773437
    vertex 45.14980316162109 93.54403686523436 42.24916076660156
    vertex 45.14980316162109 94.9796371459961 59.02482986450195
  endloop
endfacet
facet normal 1.0 5.9935527496267294e-31 6.080445210664756e-31
  outer loop
    vertex 45.14980316162109 94.9796371459961 59.02482986450195
    vertex 45.14980316162109 93.54403686523436 42.24916076660156
    vertex 45.14980316162109 94.75733947753906 43.00603103637695
  endloop
endfacet
facet normal 1.0 5.9935527496267294e-31 6.080445210664756e-31
  outer loop
    vertex 45.14980316162109 94.9796371459961 59.02482986450195
    vertex 45.14980316162109 94.75733947753906 43.00603103637695
    vertex 45.14980316162109 96.01908111572266 43.67803192138671
  endloop
endfacet
facet normal 1.0 5.9935527496267294e-31 6.080445210664756e-31
  outer loop
    vertex 45.14980316162109 94.9796371459961 59.02482986450195
    vertex 45.14980316162109 96.01908111572266 43.67803192138671
    vertex 45.14980316162109 97.35885620117186 59.64252853393555
  endloop
endfacet
facet normal 1.0 5.9935527496267294e-31 6.080445210664756e-31
  outer loop
    vertex 45.14980316162109 97.35885620117186 59.64252853393555
    vertex 45.14980316162109 96.01908111572266 43.67803192138671
    vertex 45.14980316162109 97.3249282836914 44.259231567382805
  endloop
endfacet
facet normal 1.0 5.9935527496267294e-31 6.080445210664756e-31
  outer loop
    vertex 45.14980316162109 97.35885620117186 59.64252853393555
    vertex 45.14980316162109 97.3249282836914 44.259231567382805
    vertex 45.14980316162109 98.66894531249999 44.74713134765624
  endloop
endfacet
facet normal 1.0 5.9935527496267294e-31 6.080445210664756e-31
  outer loop
    vertex 45.14980316162109 97.35885620117186 59.64252853393555
    vertex 45.14980316162109 98.66894531249999 44.74713134765624
    vertex 45.14980316162109 99.77708435058592 60.09313201904296
  endloop
endfacet
facet normal 1.0 5.9935527496267294e-31 6.080445210664756e-31
  outer loop
    vertex 45.14980316162109 99.77708435058592 60.09313201904296
    vertex 45.14980316162109 98.66894531249999 44.74713134765624
    vertex 45.14980316162109 100.04351806640625 45.140830993652344
  endloop
endfacet
facet normal 1.0 5.9935527496267294e-31 6.080445210664756e-31
  outer loop
    vertex 45.14980316162109 99.77708435058592 60.09313201904296
    vertex 45.14980316162109 100.04351806640625 45.140830993652344
    vertex 45.14980316162109 102.2190704345703 60.371429443359375
  endloop
endfacet
facet normal 1.0 5.9935527496267294e-31 6.080445210664756e-31
  outer loop
    vertex 45.14980316162109 102.2190704345703 60.371429443359375
    vertex 45.14980316162109 100.04351806640625 45.140830993652344
    vertex 45.14980316162109 101.44184875488281 45.439529418945305
  endloop
endfacet
facet normal 1.0 5.9935527496267294e-31 6.080445210664756e-31
  outer loop
    vertex 45.14980316162109 102.2190704345703 60.371429443359375
    vertex 45.14980316162109 101.44184875488281 45.439529418945305
    vertex 45.14980316162109 102.8588409423828 45.63722991943359
  endloop
endfacet
facet normal 1.0 5.9935527496267294e-31 6.080445210664756e-31
  outer loop
    vertex 45.14980316162109 102.2190704345703 60.371429443359375
    vertex 45.14980316162109 102.8588409423828 45.63722991943359
    vertex 45.14980316162109 104.67378234863281 60.480030059814446
  endloop
endfacet
facet normal 1.0 5.9935527496267294e-31 6.080445210664756e-31
  outer loop
    vertex 45.14980316162109 104.67378234863281 60.480030059814446
    vertex 45.14980316162109 102.8588409423828 45.63722991943359
    vertex 45.14980316162109 104.28601837158202 45.73823165893554
  endloop
endfacet
facet normal 1.0 5.9935527496267294e-31 6.080445210664756e-31
  outer loop
    vertex 45.14980316162109 104.67378234863281 60.480030059814446
    vertex 45.14980316162109 104.28601837158202 45.73823165893554
    vertex 45.14980316162109 105.71488952636719 45.73823165893554
  endloop
endfacet
facet normal 1.0 5.9935527496267294e-31 6.080445210664756e-31
  outer loop
    vertex 45.14980316162109 104.67378234863281 60.480030059814446
    vertex 45.14980316162109 105.71488952636719 45.73823165893554
    vertex 45.14980316162109 107.1318893432617 60.418132781982415
  endloop
endfacet
facet normal 1.0 5.9935527496267294e-31 6.080445210664756e-31
  outer loop
    vertex 45.14980316162109 107.1318893432617 60.418132781982415
    vertex 45.14980316162109 105.71488952636719 45.73823165893554
    vertex 45.14980316162109 107.1420669555664 45.63722991943359
  endloop
endfacet
facet normal 1.0 5.9935527496267294e-31 6.080445210664756e-31
  outer loop
    vertex 45.14980316162109 107.1318893432617 60.418132781982415
    vertex 45.14980316162109 107.1420669555664 45.63722991943359
    vertex 45.14980316162109 109.57810974121094 60.183929443359375
  endloop
endfacet
facet normal 1.0 5.9935527496267294e-31 6.080445210664756e-31
  outer loop
    vertex 45.14980316162109 109.57810974121094 60.183929443359375
    vertex 45.14980316162109 107.1420669555664 45.63722991943359
    vertex 45.14980316162109 108.5590591430664 45.439529418945305
  endloop
endfacet
facet normal 1.0 5.9935527496267294e-31 6.080445210664756e-31
  outer loop
    vertex 45.14980316162109 109.57810974121094 60.183929443359375
    vertex 45.14980316162109 108.5590591430664 45.439529418945305
    vertex 45.14980316162109 109.9573974609375 45.140830993652344
  endloop
endfacet
facet normal 1.0 5.9935527496267294e-31 6.080445210664756e-31
  outer loop
    vertex 45.14980316162109 109.57810974121094 60.183929443359375
    vertex 45.14980316162109 109.9573974609375 45.140830993652344
    vertex 45.14980316162109 112.00396728515625 59.77833175659179
  endloop
endfacet
facet normal 1.0 5.9935527496267294e-31 6.080445210664756e-31
  outer loop
    vertex 45.14980316162109 112.00396728515625 59.77833175659179
    vertex 45.14980316162109 109.9573974609375 45.140830993652344
    vertex 45.14980316162109 111.33197021484375 44.74713134765624
  endloop
endfacet
facet normal 1.0 5.9935527496267294e-31 6.080445210664756e-31
  outer loop
    vertex 45.14980316162109 112.00396728515625 59.77833175659179
    vertex 45.14980316162109 111.33197021484375 44.74713134765624
    vertex 45.14980316162109 112.67598724365234 44.259231567382805
  endloop
endfacet
facet normal 1.0 5.9935527496267294e-31 6.080445210664756e-31
  outer loop
    vertex 45.14980316162109 112.00396728515625 59.77833175659179
    vertex 45.14980316162109 112.67598724365234 44.259231567382805
    vertex 45.14980316162109 114.39334869384766 59.2064323425293
  endloop
endfacet
facet normal 1.0 5.9935527496267294e-31 6.080445210664756e-31
  outer loop
    vertex 45.14980316162109 114.39334869384766 59.2064323425293
    vertex 45.14980316162109 112.67598724365234 44.259231567382805
    vertex 45.14980316162109 113.98182678222656 43.67803192138671
  endloop
endfacet
facet normal 1.0 5.9935527496267294e-31 6.080445210664756e-31
  outer loop
    vertex 45.14980316162109 114.39334869384766 59.2064323425293
    vertex 45.14980316162109 113.98182678222656 43.67803192138671
    vertex 45.14980316162109 115.24353790283202 43.00603103637695
  endloop
endfacet
facet normal 1.0 5.9935527496267294e-31 6.080445210664756e-31
  outer loop
    vertex 45.14980316162109 114.39334869384766 59.2064323425293
    vertex 45.14980316162109 115.24353790283202 43.00603103637695
    vertex 45.14980316162109 116.73863983154297 58.46823120117187
  endloop
endfacet
facet normal 1.0 5.9935527496267294e-31 6.080445210664756e-31
  outer loop
    vertex 45.14980316162109 116.73863983154297 58.46823120117187
    vertex 45.14980316162109 115.24353790283202 43.00603103637695
    vertex 45.14980316162109 116.45603942871094 42.24916076660156
  endloop
endfacet
facet normal 1.0 5.9935527496267294e-31 6.080445210664756e-31
  outer loop
    vertex 45.14980316162109 116.73863983154297 58.46823120117187
    vertex 45.14980316162109 116.45603942871094 42.24916076660156
    vertex 45.14980316162109 117.61254119873045 41.40745162963867
  endloop
endfacet
facet normal 1.0 5.9935527496267294e-31 6.080445210664756e-31
  outer loop
    vertex 45.14980316162109 116.73863983154297 58.46823120117187
    vertex 45.14980316162109 117.61254119873045 41.40745162963867
    vertex 45.14980316162109 118.41183471679688 54.86122894287109
  endloop
endfacet
facet normal 1.0 5.9935527496267294e-31 6.080445210664756e-31
  outer loop
    vertex 45.14980316162109 116.73863983154297 58.46823120117187
    vertex 45.14980316162109 118.41183471679688 54.86122894287109
    vertex 45.14980316162109 119.02533721923827 57.56803131103515
  endloop
endfacet
facet normal 0.0 -0.8656116441878356 -0.500715968835059
  outer loop
    vertex 45.14980316162109 122.37433624267578 36.11960220336914
    vertex 40.1504020690918 123.09043884277344 34.88164138793945
    vertex 45.14980316162109 123.09043884277344 34.88164138793945
  endloop
endfacet
facet normal 0.0 -0.8656116441878356 -0.500715968835059
  outer loop
    vertex 40.1504020690918 123.09043884277344 34.88164138793945
    vertex 45.14980316162109 122.37433624267578 36.11960220336914
    vertex 40.1504020690918 122.37433624267578 36.11960220336914
  endloop
endfacet
facet normal 0.0 -0.20889683305760404 -0.9779376836682917
  outer loop
    vertex 45.14980316162109 109.9573974609375 45.140830993652344
    vertex 40.1504020690918 108.5590591430664 45.439529418945305
    vertex 40.1504020690918 109.9573974609375 45.140830993652344
  endloop
endfacet
facet normal 0.0 -0.20889683305760404 -0.9779376836682917
  outer loop
    vertex 40.1504020690918 108.5590591430664 45.439529418945305
    vertex 45.14980316162109 109.9573974609375 45.140830993652344
    vertex 45.14980316162109 108.5590591430664 45.439529418945305
  endloop
endfacet
facet normal 0.0 0.07059371414879512 -0.9975051516271375
  outer loop
    vertex 45.14980316162109 104.28601837158202 45.73823165893554
    vertex 40.1504020690918 102.8588409423828 45.63722991943359
    vertex 40.1504020690918 104.28601837158202 45.73823165893554
  endloop
endfacet
facet normal 0.0 0.07059371414879512 -0.9975051516271375
  outer loop
    vertex 40.1504020690918 102.8588409423828 45.63722991943359
    vertex 45.14980316162109 104.28601837158202 45.73823165893554
    vertex 45.14980316162109 102.8588409423828 45.63722991943359
  endloop
endfacet
facet normal 7.068315799519173e-30 -0.6942470373991534 -0.7197367929059195
  outer loop
    vertex 45.14980316162109 119.73803710937499 39.49578094482422
    vertex 40.1504020690918 118.7088394165039 40.488529205322266
    vertex 40.1504020690918 119.73803710937499 39.49578094482422
  endloop
endfacet
facet normal 7.068315799519173e-30 -0.6942470373991534 -0.7197367929059195
  outer loop
    vertex 40.1504020690918 118.7088394165039 40.488529205322266
    vertex 45.14980316162109 119.73803710937499 39.49578094482422
    vertex 45.14980316162109 118.7088394165039 40.488529205322266
  endloop
endfacet
facet normal 0.0 0.0 -1.0
  outer loop
    vertex 45.14980316162109 105.71488952636719 45.73823165893554
    vertex 40.1504020690918 104.28601837158202 45.73823165893554
    vertex 40.1504020690918 105.71488952636719 45.73823165893554
  endloop
endfacet
facet normal 0.0 0.0 -1.0
  outer loop
    vertex 40.1504020690918 104.28601837158202 45.73823165893554
    vertex 45.14980316162109 105.71488952636719 45.73823165893554
    vertex 45.14980316162109 104.28601837158202 45.73823165893554
  endloop
endfacet
facet normal -1.5468764891120955e-18 0.13818277262321269 -0.9904067454082497
  outer loop
    vertex 45.14980316162109 102.8588409423828 45.63722991943359
    vertex 40.1504020690918 101.44184875488281 45.439529418945305
    vertex 40.1504020690918 102.8588409423828 45.63722991943359
  endloop
endfacet
facet normal -1.5468764891120955e-18 0.13818277262321269 -0.9904067454082497
  outer loop
    vertex 40.1504020690918 101.44184875488281 45.439529418945305
    vertex 45.14980316162109 102.8588409423828 45.63722991943359
    vertex 45.14980316162109 101.44184875488281 45.439529418945305
  endloop
endfacet
facet normal 0.0 -0.9270676149150369 -0.37489416823384325
  outer loop
    vertex 45.14980316162109 123.71663665771484 33.59616470336914
    vertex 40.1504020690918 124.25293731689452 32.26995849609375
    vertex 45.14980316162109 124.25293731689452 32.26995849609375
  endloop
endfacet
facet normal 0.0 -0.9270676149150369 -0.37489416823384325
  outer loop
    vertex 40.1504020690918 124.25293731689452 32.26995849609375
    vertex 45.14980316162109 123.71663665771484 33.59616470336914
    vertex 40.1504020690918 123.71663665771484 33.59616470336914
  endloop
endfacet
facet normal 0.0 -0.7432087481467785 -0.6690596062221201
  outer loop
    vertex 45.14980316162109 119.73803710937499 39.49578094482422
    vertex 40.1504020690918 120.69513702392577 38.43260955810546
    vertex 45.14980316162109 120.69513702392577 38.43260955810546
  endloop
endfacet
facet normal 0.0 -0.7432087481467785 -0.6690596062221201
  outer loop
    vertex 40.1504020690918 120.69513702392577 38.43260955810546
    vertex 45.14980316162109 119.73803710937499 39.49578094482422
    vertex 40.1504020690918 119.73803710937499 39.49578094482422
  endloop
endfacet
facet normal 0.0 -0.9510232581354024 -0.3091193337297491
  outer loop
    vertex 45.14980316162109 124.25293731689452 32.26995849609375
    vertex 40.1504020690918 124.69503784179686 30.909811019897457
    vertex 45.14980316162109 124.69503784179686 30.909811019897457
  endloop
endfacet
facet normal 0.0 -0.9510232581354024 -0.3091193337297491
  outer loop
    vertex 40.1504020690918 124.69503784179686 30.909811019897457
    vertex 45.14980316162109 124.25293731689452 32.26995849609375
    vertex 40.1504020690918 124.25293731689452 32.26995849609375
  endloop
endfacet
facet normal 1.9506853663506722e-30 -0.6423850856184511 -0.7663820207800909
  outer loop
    vertex 45.14980316162109 118.7088394165039 40.488529205322266
    vertex 40.1504020690918 117.61254119873045 41.40745162963867
    vertex 40.1504020690918 118.7088394165039 40.488529205322266
  endloop
endfacet
facet normal 1.9506853663506722e-30 -0.6423850856184511 -0.7663820207800909
  outer loop
    vertex 40.1504020690918 117.61254119873045 41.40745162963867
    vertex 45.14980316162109 118.7088394165039 40.488529205322266
    vertex 45.14980316162109 117.61254119873045 41.40745162963867
  endloop
endfacet
facet normal -2.520899359090312e-30 -0.13818277262321163 -0.9904067454082499
  outer loop
    vertex 45.14980316162109 108.5590591430664 45.439529418945305
    vertex 40.1504020690918 107.1420669555664 45.63722991943359
    vertex 40.1504020690918 108.5590591430664 45.439529418945305
  endloop
endfacet
facet normal -2.520899359090312e-30 -0.13818277262321163 -0.9904067454082499
  outer loop
    vertex 40.1504020690918 107.1420669555664 45.63722991943359
    vertex 45.14980316162109 108.5590591430664 45.439529418945305
    vertex 45.14980316162109 107.1420669555664 45.63722991943359
  endloop
endfacet
facet normal 0.0 -0.3412280431766833 -0.9399805437081195
  outer loop
    vertex 45.14980316162109 112.67598724365234 44.259231567382805
    vertex 40.1504020690918 111.33197021484375 44.74713134765624
    vertex 40.1504020690918 112.67598724365234 44.259231567382805
  endloop
endfacet
facet normal 0.0 -0.3412280431766833 -0.9399805437081195
  outer loop
    vertex 40.1504020690918 111.33197021484375 44.74713134765624
    vertex 45.14980316162109 112.67598724365234 44.259231567382805
    vertex 45.14980316162109 111.33197021484375 44.74713134765624
  endloop
endfacet
facet normal -5.927719773254539e-18 -0.5295243410623808 -0.8482947437196883
  outer loop
    vertex 45.14980316162109 116.45603942871094 42.24916076660156
    vertex 40.1504020690918 115.24353790283202 43.00603103637695
    vertex 40.1504020690918 116.45603942871094 42.24916076660156
  endloop
endfacet
facet normal -5.927719773254539e-18 -0.5295243410623808 -0.8482947437196883
  outer loop
    vertex 40.1504020690918 115.24353790283202 43.00603103637695
    vertex 45.14980316162109 116.45603942871094 42.24916076660156
    vertex 45.14980316162109 115.24353790283202 43.00603103637695
  endloop
endfacet
facet normal 5.013146816934105e-30 0.9847783897658484 -0.1738146226592662
  outer loop
    vertex 40.1504020690918 84.96054077148436 29.523361206054688
    vertex 45.14980316162109 84.7119369506836 28.1148509979248
    vertex 40.1504020690918 84.7119369506836 28.1148509979248
  endloop
endfacet
facet normal 5.013146816934105e-30 0.9847783897658484 -0.1738146226592662
  outer loop
    vertex 45.14980316162109 84.7119369506836 28.1148509979248
    vertex 40.1504020690918 84.96054077148436 29.523361206054688
    vertex 45.14980316162109 84.96054077148436 29.523361206054688
  endloop
endfacet
facet normal -1.0452498782455714e-30 0.2753447579824198 -0.961345548828101
  outer loop
    vertex 45.14980316162109 100.04351806640625 45.140830993652344
    vertex 40.1504020690918 98.66894531249999 44.74713134765624
    vertex 40.1504020690918 100.04351806640625 45.140830993652344
  endloop
endfacet
facet normal -1.0452498782455714e-30 0.2753447579824198 -0.961345548828101
  outer loop
    vertex 40.1504020690918 98.66894531249999 44.74713134765624
    vertex 45.14980316162109 100.04351806640625 45.140830993652344
    vertex 45.14980316162109 98.66894531249999 44.74713134765624
  endloop
endfacet
facet normal -0.0 0.788162540507417 -0.6154671475723902
  outer loop
    vertex 40.1504020690918 89.30574035644531 38.43260955810546
    vertex 45.14980316162109 88.42583465576172 37.305809020996094
    vertex 40.1504020690918 88.42583465576172 37.305809020996094
  endloop
endfacet
facet normal -0.0 0.788162540507417 -0.6154671475723902
  outer loop
    vertex 45.14980316162109 88.42583465576172 37.305809020996094
    vertex 40.1504020690918 89.30574035644531 38.43260955810546
    vertex 45.14980316162109 89.30574035644531 38.43260955810546
  endloop
endfacet
facet normal -1.7029689471908053e-30 0.7432087481467785 -0.6690596062221201
  outer loop
    vertex 40.1504020690918 90.2628402709961 39.49578094482422
    vertex 45.14980316162109 89.30574035644531 38.43260955810546
    vertex 40.1504020690918 89.30574035644531 38.43260955810546
  endloop
endfacet
facet normal -1.7029689471908053e-30 0.7432087481467785 -0.6690596062221201
  outer loop
    vertex 45.14980316162109 89.30574035644531 38.43260955810546
    vertex 40.1504020690918 90.2628402709961 39.49578094482422
    vertex 45.14980316162109 90.2628402709961 39.49578094482422
  endloop
endfacet
facet normal 2.0699502070533208e-30 0.40661929646898043 -0.9135976946879144
  outer loop
    vertex 45.14980316162109 97.3249282836914 44.259231567382805
    vertex 40.1504020690918 96.01908111572266 43.67803192138671
    vertex 40.1504020690918 97.3249282836914 44.259231567382805
  endloop
endfacet
facet normal 2.0699502070533208e-30 0.40661929646898043 -0.9135976946879144
  outer loop
    vertex 40.1504020690918 96.01908111572266 43.67803192138671
    vertex 45.14980316162109 97.3249282836914 44.259231567382805
    vertex 45.14980316162109 96.01908111572266 43.67803192138671
  endloop
endfacet
facet normal -3.459710599825631e-18 0.9510436436235971 -0.3090566095768746
  outer loop
    vertex 40.1504020690918 85.74794006347656 32.26995849609375
    vertex 45.14980316162109 85.30593872070312 30.909811019897457
    vertex 40.1504020690918 85.30593872070312 30.909811019897457
  endloop
endfacet
facet normal -3.459710599825631e-18 0.9510436436235971 -0.3090566095768746
  outer loop
    vertex 45.14980316162109 85.30593872070312 30.909811019897457
    vertex 40.1504020690918 85.74794006347656 32.26995849609375
    vertex 45.14980316162109 85.74794006347656 32.26995849609375
  endloop
endfacet
facet normal 7.7713074510285e-18 0.6942123809174887 -0.7197702204043119
  outer loop
    vertex 45.14980316162109 91.29213714599608 40.488529205322266
    vertex 40.1504020690918 90.2628402709961 39.49578094482422
    vertex 40.1504020690918 91.29213714599608 40.488529205322266
  endloop
endfacet
facet normal 7.7713074510285e-18 0.6942123809174887 -0.7197702204043119
  outer loop
    vertex 40.1504020690918 90.2628402709961 39.49578094482422
    vertex 45.14980316162109 91.29213714599608 40.488529205322266
    vertex 45.14980316162109 90.2628402709961 39.49578094482422
  endloop
endfacet
facet normal -2.3930195125921554e-30 0.4700827620544301 -0.8826223409926118
  outer loop
    vertex 45.14980316162109 96.01908111572266 43.67803192138671
    vertex 40.1504020690918 94.75733947753906 43.00603103637695
    vertex 40.1504020690918 96.01908111572266 43.67803192138671
  endloop
endfacet
facet normal -2.3930195125921554e-30 0.4700827620544301 -0.8826223409926118
  outer loop
    vertex 40.1504020690918 94.75733947753906 43.00603103637695
    vertex 45.14980316162109 96.01908111572266 43.67803192138671
    vertex 45.14980316162109 94.75733947753906 43.00603103637695
  endloop
endfacet
facet normal -0.0 0.9703421706927498 -0.24173554098494227
  outer loop
    vertex 40.1504020690918 85.30593872070312 30.909811019897457
    vertex 45.14980316162109 84.96054077148436 29.523361206054688
    vertex 40.1504020690918 84.96054077148436 29.523361206054688
  endloop
endfacet
facet normal -0.0 0.9703421706927498 -0.24173554098494227
  outer loop
    vertex 45.14980316162109 84.96054077148436 29.523361206054688
    vertex 40.1504020690918 85.30593872070312 30.909811019897457
    vertex 45.14980316162109 85.30593872070312 30.909811019897457
  endloop
endfacet
facet normal 5.991206037173954e-30 0.5884537646208287 -0.8085308694809213
  outer loop
    vertex 45.14980316162109 93.54403686523436 42.24916076660156
    vertex 40.1504020690918 92.38753509521484 41.40745162963867
    vertex 40.1504020690918 93.54403686523436 42.24916076660156
  endloop
endfacet
facet normal 5.991206037173954e-30 0.5884537646208287 -0.8085308694809213
  outer loop
    vertex 40.1504020690918 92.38753509521484 41.40745162963867
    vertex 45.14980316162109 93.54403686523436 42.24916076660156
    vertex 45.14980316162109 92.38753509521484 41.40745162963867
  endloop
endfacet
facet normal -1.3217015493875976e-30 0.6426950168159604 -0.7661221282275642
  outer loop
    vertex 45.14980316162109 92.38753509521484 41.40745162963867
    vertex 40.1504020690918 91.29213714599608 40.488529205322266
    vertex 40.1504020690918 92.38753509521484 41.40745162963867
  endloop
endfacet
facet normal -1.3217015493875976e-30 0.6426950168159604 -0.7661221282275642
  outer loop
    vertex 40.1504020690918 91.29213714599608 40.488529205322266
    vertex 45.14980316162109 92.38753509521484 41.40745162963867
    vertex 45.14980316162109 91.29213714599608 40.488529205322266
  endloop
endfacet
facet normal -0.0 0.8990069170148046 -0.4379344279221907
  outer loop
    vertex 40.1504020690918 86.91043853759766 34.88164138793945
    vertex 45.14980316162109 86.28424072265625 33.596160888671875
    vertex 40.1504020690918 86.28424072265625 33.596160888671875
  endloop
endfacet
facet normal -0.0 0.8990069170148046 -0.4379344279221907
  outer loop
    vertex 45.14980316162109 86.28424072265625 33.596160888671875
    vertex 40.1504020690918 86.91043853759766 34.88164138793945
    vertex 45.14980316162109 86.91043853759766 34.88164138793945
  endloop
endfacet
facet normal 4.221668287583227e-30 0.8293010059725934 -0.5588021487904685
  outer loop
    vertex 40.1504020690918 88.42583465576172 37.305809020996094
    vertex 45.14980316162109 87.6265411376953 36.11960220336914
    vertex 40.1504020690918 87.6265411376953 36.11960220336914
  endloop
endfacet
facet normal 4.221668287583227e-30 0.8293010059725934 -0.5588021487904685
  outer loop
    vertex 45.14980316162109 87.6265411376953 36.11960220336914
    vertex 40.1504020690918 88.42583465576172 37.305809020996094
    vertex 45.14980316162109 88.42583465576172 37.305809020996094
  endloop
endfacet
facet normal -1.7370672389618467e-30 0.3412280431766858 -0.9399805437081185
  outer loop
    vertex 45.14980316162109 98.66894531249999 44.74713134765624
    vertex 40.1504020690918 97.3249282836914 44.259231567382805
    vertex 40.1504020690918 98.66894531249999 44.74713134765624
  endloop
endfacet
facet normal -1.7370672389618467e-30 0.3412280431766858 -0.9399805437081185
  outer loop
    vertex 40.1504020690918 97.3249282836914 44.259231567382805
    vertex 45.14980316162109 98.66894531249999 44.74713134765624
    vertex 45.14980316162109 97.3249282836914 44.259231567382805
  endloop
endfacet
facet normal 0.0 0.5292726833077552 -0.8484517821916627
  outer loop
    vertex 45.14980316162109 94.75733947753906 43.00603103637695
    vertex 40.1504020690918 93.54403686523436 42.24916076660156
    vertex 40.1504020690918 94.75733947753906 43.00603103637695
  endloop
endfacet
facet normal 0.0 0.5292726833077552 -0.8484517821916627
  outer loop
    vertex 40.1504020690918 93.54403686523436 42.24916076660156
    vertex 45.14980316162109 94.75733947753906 43.00603103637695
    vertex 45.14980316162109 93.54403686523436 42.24916076660156
  endloop
endfacet
facet normal -0.0 0.8656116441878356 -0.500715968835059
  outer loop
    vertex 40.1504020690918 87.6265411376953 36.11960220336914
    vertex 45.14980316162109 86.91043853759766 34.88164138793945
    vertex 40.1504020690918 86.91043853759766 34.88164138793945
  endloop
endfacet
facet normal -0.0 0.8656116441878356 -0.500715968835059
  outer loop
    vertex 45.14980316162109 86.91043853759766 34.88164138793945
    vertex 40.1504020690918 87.6265411376953 36.11960220336914
    vertex 45.14980316162109 87.6265411376953 36.11960220336914
  endloop
endfacet
facet normal 1.0634229680719323e-30 0.2088979230770576 -0.9779374508290866
  outer loop
    vertex 45.14980316162109 101.44184875488281 45.439529418945305
    vertex 40.1504020690918 100.04351806640625 45.140830993652344
    vertex 40.1504020690918 101.44184875488281 45.439529418945305
  endloop
endfacet
facet normal 1.0634229680719323e-30 0.2088979230770576 -0.9779374508290866
  outer loop
    vertex 40.1504020690918 100.04351806640625 45.140830993652344
    vertex 45.14980316162109 101.44184875488281 45.439529418945305
    vertex 45.14980316162109 100.04351806640625 45.140830993652344
  endloop
endfacet
facet normal 5.1889916896305654e-18 0.9270672401324411 -0.3748950950242197
  outer loop
    vertex 40.1504020690918 86.28424072265625 33.596160888671875
    vertex 45.14980316162109 85.74794006347656 32.26995849609375
    vertex 40.1504020690918 85.74794006347656 32.26995849609375
  endloop
endfacet
facet normal 5.1889916896305654e-18 0.9270672401324411 -0.3748950950242197
  outer loop
    vertex 45.14980316162109 85.74794006347656 32.26995849609375
    vertex 40.1504020690918 86.28424072265625 33.596160888671875
    vertex 45.14980316162109 86.28424072265625 33.596160888671875
  endloop
endfacet
facet normal -0.0 0.9945405036971009 -0.10435126499433123
  outer loop
    vertex 40.1504020690918 84.7119369506836 28.1148509979248
    vertex 45.14980316162109 84.56263732910156 26.691921234130856
    vertex 40.1504020690918 84.56263732910156 26.691921234130856
  endloop
endfacet
facet normal -0.0 0.9945405036971009 -0.10435126499433123
  outer loop
    vertex 45.14980316162109 84.56263732910156 26.691921234130856
    vertex 40.1504020690918 84.7119369506836 28.1148509979248
    vertex 45.14980316162109 84.7119369506836 28.1148509979248
  endloop
endfacet
facet normal -2.514859278330227e-19 -0.6154148142268943 -0.7882034042238573
  outer loop
    vertex 202.35049438476562 124.28343963623045 48.24552917480469
    vertex 172.35009765625 122.63483428955078 49.532730102539055
    vertex 172.35009765625 124.28343963623045 48.24552917480469
  endloop
endfacet
facet normal -2.514859278330227e-19 -0.6154148142268943 -0.7882034042238573
  outer loop
    vertex 172.35009765625 122.63483428955078 49.532730102539055
    vertex 202.35049438476562 124.28343963623045 48.24552917480469
    vertex 202.35049438476562 122.63483428955078 49.532730102539055
  endloop
endfacet
facet normal 6.235858973810608e-19 -0.9399648398445635 -0.341271299490573
  outer loop
    vertex 202.35049438476562 132.81683349609375 36.50057983398437
    vertex 167.35069274902344 133.5312347412109 34.532901763916016
    vertex 202.35049438476562 133.5312347412109 34.532901763916016
  endloop
endfacet
facet normal 6.235858973810608e-19 -0.9399648398445635 -0.341271299490573
  outer loop
    vertex 167.35069274902344 133.5312347412109 34.532901763916016
    vertex 202.35049438476562 132.81683349609375 36.50057983398437
    vertex 167.35069274902344 132.81683349609375 36.50057983398437
  endloop
endfacet
facet normal -7.747790301733136e-19 0.848030231457144 -0.5299478526560356
  outer loop
    vertex 167.35069274902344 80.12833404541016 42.03874206542969
    vertex 202.35049438476562 79.01853942871092 40.26283264160156
    vertex 167.35069274902344 79.01853942871092 40.26283264160156
  endloop
endfacet
facet normal -7.747790301733136e-19 0.848030231457144 -0.5299478526560356
  outer loop
    vertex 202.35049438476562 79.01853942871092 40.26283264160156
    vertex 167.35069274902344 80.12833404541016 42.03874206542969
    vertex 202.35049438476562 80.12833404541016 42.03874206542969
  endloop
endfacet
facet normal 0.0 0.615416583597449 -0.7882020227284653
  outer loop
    vertex 202.35049438476562 87.36603546142578 49.532730102539055
    vertex 172.35009765625 85.71743774414061 48.24552917480469
    vertex 172.35009765625 87.36603546142578 49.532730102539055
  endloop
endfacet
facet normal 0.0 0.615416583597449 -0.7882020227284653
  outer loop
    vertex 172.35009765625 85.71743774414061 48.24552917480469
    vertex 202.35049438476562 87.36603546142578 49.532730102539055
    vertex 202.35049438476562 85.71743774414061 48.24552917480469
  endloop
endfacet
facet normal -9.249218632196163e-31 -0.848565529253194 -0.5290902971735987
  outer loop
    vertex 202.35049438476562 129.87254333496094 42.03874206542969
    vertex 167.35069274902344 130.97984313964844 40.26283264160156
    vertex 202.35049438476562 130.97984313964844 40.26283264160156
  endloop
endfacet
facet normal -9.249218632196163e-31 -0.848565529253194 -0.5290902971735987
  outer loop
    vertex 167.35069274902344 130.97984313964844 40.26283264160156
    vertex 202.35049438476562 129.87254333496094 42.03874206542969
    vertex 167.35069274902344 129.87254333496094 42.03874206542969
  endloop
endfacet
facet normal 6.23585897382623e-19 0.9399648398445635 -0.341271299490573
  outer loop
    vertex 167.35069274902344 77.18403625488281 36.50057983398437
    vertex 202.35049438476562 76.46963500976562 34.532901763916016
    vertex 167.35069274902344 76.46963500976562 34.532901763916016
  endloop
endfacet
facet normal 6.23585897382623e-19 0.9399648398445635 -0.341271299490573
  outer loop
    vertex 202.35049438476562 76.46963500976562 34.532901763916016
    vertex 167.35069274902344 77.18403625488281 36.50057983398437
    vertex 202.35049438476562 77.18403625488281 36.50057983398437
  endloop
endfacet
facet normal 1.399634826658283e-18 0.765981395845028 -0.6428627390192267
  outer loop
    vertex 167.35069274902344 82.70613861083983 45.33683013916015
    vertex 202.35049438476562 81.35953521728516 43.73233032226562
    vertex 167.35069274902344 81.35953521728516 43.73233032226562
  endloop
endfacet
facet normal 1.399634826658283e-18 0.765981395845028 -0.6428627390192267
  outer loop
    vertex 202.35049438476562 81.35953521728516 43.73233032226562
    vertex 167.35069274902344 82.70613861083983 45.33683013916015
    vertex 202.35049438476562 82.70613861083983 45.33683013916015
  endloop
endfacet
facet normal 0.0 0.5592554541900946 -0.8289953781286304
  outer loop
    vertex 202.35049438476562 88.52684020996094 50.31583023071289
    vertex 172.35009765625 87.36603546142578 49.532730102539055
    vertex 172.35009765625 88.52684020996094 50.31583023071289
  endloop
endfacet
facet normal 0.0 0.5592554541900946 -0.8289953781286304
  outer loop
    vertex 172.35009765625 87.36603546142578 49.532730102539055
    vertex 202.35049438476562 88.52684020996094 50.31583023071289
    vertex 202.35049438476562 87.36603546142578 49.532730102539055
  endloop
endfacet
facet normal 3.7188684753226735e-20 -0.9975539407037554 -0.06990089689273384
  outer loop
    vertex 167.35069274902344 145.2779388427734 29.497060775756836
    vertex 80.14869689941405 145.47563171386716 26.675790786743164
    vertex 167.35069274902344 145.47563171386716 26.675790786743164
  endloop
endfacet
facet normal 3.7188684753226735e-20 -0.9975539407037554 -0.06990089689273384
  outer loop
    vertex 80.14869689941405 145.47563171386716 26.675790786743164
    vertex 167.35069274902344 145.2779388427734 29.497060775756836
    vertex 80.14869689941405 145.2779388427734 29.497060775756836
  endloop
endfacet
facet normal 0.0 -0.9612765397802707 -0.27558558392642707
  outer loop
    vertex 167.35069274902344 143.5181427001953 37.7784194946289
    vertex 80.14869689941405 144.2970428466797 35.061519622802734
    vertex 167.35069274902344 144.2970428466797 35.061519622802734
  endloop
endfacet
facet normal 0.0 -0.9612765397802707 -0.27558558392642707
  outer loop
    vertex 80.14869689941405 144.2970428466797 35.061519622802734
    vertex 167.35069274902344 143.5181427001953 37.7784194946289
    vertex 80.14869689941405 143.5181427001953 37.7784194946289
  endloop
endfacet
facet normal 2.278366838268799e-19 0.9975096805432142 -0.07052969036210781
  outer loop
    vertex 167.35069274902344 75.16554260253906 28.399101257324215
    vertex 202.35049438476562 75.01783752441406 26.310091018676758
    vertex 167.35069274902344 75.01783752441406 26.310091018676758
  endloop
endfacet
facet normal 2.278366838268799e-19 0.9975096805432142 -0.07052969036210781
  outer loop
    vertex 202.35049438476562 75.01783752441406 26.310091018676758
    vertex 167.35069274902344 75.16554260253906 28.399101257324215
    vertex 202.35049438476562 75.16554260253906 28.399101257324215
  endloop
endfacet
facet normal -1.3353840676970367e-31 -0.7660047117505485 -0.6428349567159203
  outer loop
    vertex 202.35049438476562 127.29483795166016 45.33683013916015
    vertex 167.35069274902344 128.64134216308594 43.73233032226562
    vertex 202.35049438476562 128.64134216308594 43.73233032226562
  endloop
endfacet
facet normal -1.3353840676970367e-31 -0.7660047117505485 -0.6428349567159203
  outer loop
    vertex 167.35069274902344 128.64134216308594 43.73233032226562
    vertex 202.35049438476562 127.29483795166016 45.33683013916015
    vertex 167.35069274902344 127.29483795166016 45.33683013916015
  endloop
endfacet
facet normal -1.4779653415103402e-18 0.8088495182730887 -0.5880156943393541
  outer loop
    vertex 167.35069274902344 81.35953521728516 43.73233032226562
    vertex 202.35049438476562 80.12833404541016 42.03874206542969
    vertex 167.35069274902344 80.12833404541016 42.03874206542969
  endloop
endfacet
facet normal -1.4779653415103402e-18 0.8088495182730887 -0.5880156943393541
  outer loop
    vertex 202.35049438476562 80.12833404541016 42.03874206542969
    vertex 167.35069274902344 81.35953521728516 43.73233032226562
    vertex 202.35049438476562 81.35953521728516 43.73233032226562
  endloop
endfacet
facet normal -4.495744519322322e-31 0.9781547070215653 -0.2078782555525132
  outer loop
    vertex 167.35069274902344 75.89183807373045 32.520263671875
    vertex 202.35049438476562 75.45653533935547 30.47198104858398
    vertex 167.35069274902344 75.45653533935547 30.47198104858398
  endloop
endfacet
facet normal -4.495744519322322e-31 0.9781547070215653 -0.2078782555525132
  outer loop
    vertex 202.35049438476562 75.45653533935547 30.47198104858398
    vertex 167.35069274902344 75.89183807373045 32.520263671875
    vertex 202.35049438476562 75.89183807373045 32.520263671875
  endloop
endfacet
facet normal 7.590940364258188e-31 0.9135427661845754 -0.40674268813567444
  outer loop
    vertex 167.35069274902344 78.03593444824219 38.4139404296875
    vertex 202.35049438476562 77.18403625488281 36.50057983398437
    vertex 167.35069274902344 77.18403625488281 36.50057983398437
  endloop
endfacet
facet normal 7.590940364258188e-31 0.9135427661845754 -0.40674268813567444
  outer loop
    vertex 202.35049438476562 77.18403625488281 36.50057983398437
    vertex 167.35069274902344 78.03593444824219 38.4139404296875
    vertex 202.35049438476562 78.03593444824219 38.4139404296875
  endloop
endfacet
facet normal -1.2649869702420928e-30 -0.5592579802686892 -0.8289936739841786
  outer loop
    vertex 202.35049438476562 122.63483428955078 49.532730102539055
    vertex 172.35009765625 121.47403717041014 50.31583023071289
    vertex 172.35009765625 122.63483428955078 49.532730102539055
  endloop
endfacet
facet normal -1.2649869702420928e-30 -0.5592579802686892 -0.8289936739841786
  outer loop
    vertex 172.35009765625 121.47403717041014 50.31583023071289
    vertex 202.35049438476562 122.63483428955078 49.532730102539055
    vertex 202.35049438476562 121.47403717041014 50.31583023071289
  endloop
endfacet
facet normal 8.575203187766373e-19 0.8830403169718019 -0.4692971325315547
  outer loop
    vertex 167.35069274902344 79.01853942871092 40.26283264160156
    vertex 202.35049438476562 78.03593444824219 38.4139404296875
    vertex 167.35069274902344 78.03593444824219 38.4139404296875
  endloop
endfacet
facet normal 8.575203187766373e-19 0.8830403169718019 -0.4692971325315547
  outer loop
    vertex 202.35049438476562 78.03593444824219 38.4139404296875
    vertex 167.35069274902344 79.01853942871092 40.26283264160156
    vertex 202.35049438476562 79.01853942871092 40.26283264160156
  endloop
endfacet
facet normal 5.733472099289627e-32 -0.5307079065824111 0.8475547875452741
  outer loop
    vertex 209.85040283203125 85.43914031982422 54.263931274414055
    vertex 172.35009765625 86.47433471679686 54.91213226318359
    vertex 172.35009765625 85.43914031982422 54.263931274414055
  endloop
endfacet
facet normal 5.733472099289627e-32 -0.5307079065824111 0.8475547875452741
  outer loop
    vertex 172.35009765625 86.47433471679686 54.91213226318359
    vertex 209.85040283203125 85.43914031982422 54.263931274414055
    vertex 209.85040283203125 86.47433471679686 54.91213226318359
  endloop
endfacet
facet normal -4.133443753670421e-30 -0.4064723136131268 0.9136630988860129
  outer loop
    vertex 209.85040283203125 89.66553497314453 56.704231262207024
    vertex 202.35049438476562 90.78133392333984 57.200630187988274
    vertex 202.35049438476562 89.66553497314453 56.704231262207024
  endloop
endfacet
facet normal -4.133443753670421e-30 -0.4064723136131268 0.9136630988860129
  outer loop
    vertex 202.35049438476562 90.78133392333984 57.200630187988274
    vertex 209.85040283203125 89.66553497314453 56.704231262207024
    vertex 209.85040283203125 90.78133392333984 57.200630187988274
  endloop
endfacet
facet normal -0.0 0.529292236244386 0.8484395845618102
  outer loop
    vertex 209.85040283203125 122.49143981933592 55.55792999267578
    vertex 172.35009765625 123.5266342163086 54.91213226318359
    vertex 172.35009765625 122.49143981933592 55.55792999267578
  endloop
endfacet
facet normal -0.0 0.529292236244386 0.8484395845618102
  outer loop
    vertex 172.35009765625 123.5266342163086 54.91213226318359
    vertex 209.85040283203125 122.49143981933592 55.55792999267578
    vertex 209.85040283203125 123.5266342163086 54.91213226318359
  endloop
endfacet
facet normal -0.0 0.643661092508548 0.7653106545649961
  outer loop
    vertex 209.85040283203125 126.53794097900389 52.82913208007812
    vertex 172.35009765625 127.47213745117186 52.04343032836913
    vertex 172.35009765625 126.53794097900389 52.82913208007812
  endloop
endfacet
facet normal -0.0 0.643661092508548 0.7653106545649961
  outer loop
    vertex 172.35009765625 127.47213745117186 52.04343032836913
    vertex 209.85040283203125 126.53794097900389 52.82913208007812
    vertex 209.85040283203125 127.47213745117186 52.04343032836913
  endloop
endfacet
facet normal -1.3859367947206555e-31 0.6429532234613587 0.7659054461489669
  outer loop
    vertex 209.85040283203125 127.47213745117186 52.04343032836913
    vertex 172.35009765625 128.4071350097656 51.25852966308593
    vertex 172.35009765625 127.47213745117186 52.04343032836913
  endloop
endfacet
facet normal -1.3859367947206555e-31 0.6429532234613587 0.7659054461489669
  outer loop
    vertex 172.35009765625 128.4071350097656 51.25852966308593
    vertex 209.85040283203125 127.47213745117186 52.04343032836913
    vertex 209.85040283203125 128.4071350097656 51.25852966308593
  endloop
endfacet
facet normal -4.133443753670421e-30 0.4064723136131268 0.9136630988860129
  outer loop
    vertex 209.85040283203125 119.21963500976562 57.200630187988274
    vertex 202.35049438476562 120.33543395996094 56.704231262207024
    vertex 202.35049438476562 119.21963500976562 57.200630187988274
  endloop
endfacet
facet normal -4.133443753670421e-30 0.4064723136131268 0.9136630988860129
  outer loop
    vertex 202.35049438476562 120.33543395996094 56.704231262207024
    vertex 209.85040283203125 119.21963500976562 57.200630187988274
    vertex 209.85040283203125 120.33543395996094 56.704231262207024
  endloop
endfacet
facet normal 4.467965793830881e-19 -0.9780775985725138 -0.20824075290544075
  outer loop
    vertex 202.35049438476562 134.10824584960938 32.520263671875
    vertex 167.35069274902344 134.54434204101562 30.47198104858398
    vertex 202.35049438476562 134.54434204101562 30.47198104858398
  endloop
endfacet
facet normal 4.467965793830881e-19 -0.9780775985725138 -0.20824075290544075
  outer loop
    vertex 167.35069274902344 134.54434204101562 30.47198104858398
    vertex 202.35049438476562 134.10824584960938 32.520263671875
    vertex 167.35069274902344 134.10824584960938 32.520263671875
  endloop
endfacet
facet normal 8.78241755604052e-19 -0.9612748025918252 -0.27559164338210174
  outer loop
    vertex 202.35049438476562 133.5312347412109 34.532901763916016
    vertex 167.35069274902344 134.10824584960938 32.520263671875
    vertex 202.35049438476562 134.10824584960938 32.520263671875
  endloop
endfacet
facet normal 8.78241755604052e-19 -0.9612748025918252 -0.27559164338210174
  outer loop
    vertex 167.35069274902344 134.10824584960938 32.520263671875
    vertex 202.35049438476562 133.5312347412109 34.532901763916016
    vertex 167.35069274902344 133.5312347412109 34.532901763916016
  endloop
endfacet
facet normal -2.8888315478841807e-32 -0.9902833599656113 -0.13906425484365043
  outer loop
    vertex 202.35049438476562 134.54434204101562 30.47198104858398
    vertex 167.35069274902344 134.83543395996094 28.399101257324215
    vertex 202.35049438476562 134.83543395996094 28.399101257324215
  endloop
endfacet
facet normal -2.8888315478841807e-32 -0.9902833599656113 -0.13906425484365043
  outer loop
    vertex 167.35069274902344 134.83543395996094 28.399101257324215
    vertex 202.35049438476562 134.54434204101562 30.47198104858398
    vertex 167.35069274902344 134.54434204101562 30.47198104858398
  endloop
endfacet
facet normal -1.1211375097996817e-31 0.9496567077507881 -0.3132924152033278
  outer loop
    vertex 45.14980316162109 74.49173736572266 36.50651931762695
    vertex 75.14929962158202 73.78073883056639 34.3513298034668
    vertex 45.14980316162109 73.78073883056639 34.3513298034668
  endloop
endfacet
facet normal -1.1211375097996817e-31 0.9496567077507881 -0.3132924152033278
  outer loop
    vertex 75.14929962158202 73.78073883056639 34.3513298034668
    vertex 45.14980316162109 74.49173736572266 36.50651931762695
    vertex 75.14929962158202 74.49173736572266 36.50651931762695
  endloop
endfacet
facet normal 2.1316024056251752e-05 0.8640518228400688 -0.5034028674852595
  outer loop
    vertex 45.14980316162109 77.49463653564453 42.60383987426758
    vertex 75.14929962158202 76.35253906249999 40.644649505615234
    vertex 45.14980316162109 76.35253906249999 40.644649505615234
  endloop
endfacet
facet normal 2.1316024056251752e-05 0.8640518228400688 -0.5034028674852595
  outer loop
    vertex 75.14929962158202 76.35253906249999 40.644649505615234
    vertex 45.14980316162109 77.49463653564453 42.60383987426758
    vertex 75.14929962158202 77.49463653564453 42.606380462646484
  endloop
endfacet
facet normal 2.383950006283491e-05 0.8264584563199946 -0.5629977081737103
  outer loop
    vertex 45.14980316162109 78.7724380493164 44.48073196411133
    vertex 75.14929962158202 77.49463653564453 42.606380462646484
    vertex 45.14980316162109 77.49463653564453 42.60383987426758
  endloop
endfacet
facet normal 2.383950006283491e-05 0.8264584563199946 -0.5629977081737103
  outer loop
    vertex 75.14929962158202 77.49463653564453 42.606380462646484
    vertex 45.14980316162109 78.7724380493164 44.48073196411133
    vertex 75.14929962158202 78.7724380493164 44.48073196411133
  endloop
endfacet
facet normal -1.1512782607292421e-18 0.9257858643840079 -0.37804832139126837
  outer loop
    vertex 45.14980316162109 75.34963989257812 38.6073989868164
    vertex 75.14929962158202 74.49173736572266 36.50651931762695
    vertex 45.14980316162109 74.49173736572266 36.50651931762695
  endloop
endfacet
facet normal -1.1512782607292421e-18 0.9257858643840079 -0.37804832139126837
  outer loop
    vertex 75.14929962158202 74.49173736572266 36.50651931762695
    vertex 45.14980316162109 75.34963989257812 38.6073989868164
    vertex 75.14929962158202 75.34963989257812 38.6073989868164
  endloop
endfacet
facet normal -1.1157052308948868e-18 0.8971802619877423 -0.44166455313915165
  outer loop
    vertex 45.14980316162109 76.35253906249999 40.644649505615234
    vertex 75.14929962158202 75.34963989257812 38.6073989868164
    vertex 45.14980316162109 75.34963989257812 38.6073989868164
  endloop
endfacet
facet normal -1.1157052308948868e-18 0.8971802619877423 -0.44166455313915165
  outer loop
    vertex 75.14929962158202 75.34963989257812 38.6073989868164
    vertex 45.14980316162109 76.35253906249999 40.644649505615234
    vertex 75.14929962158202 76.35253906249999 40.644649505615234
  endloop
endfacet
facet normal 5.132104991280741e-30 0.9993858251809774 -0.03504243751991309
  outer loop
    vertex 40.1504020690918 84.56263732910156 26.691921234130856
    vertex 45.14980316162109 84.51253509521484 25.26304054260254
    vertex 40.1504020690918 84.51253509521484 25.26304054260254
  endloop
endfacet
facet normal 5.132104991280741e-30 0.9993858251809774 -0.03504243751991309
  outer loop
    vertex 45.14980316162109 84.51253509521484 25.26304054260254
    vertex 40.1504020690918 84.56263732910156 26.691921234130856
    vertex 45.14980316162109 84.56263732910156 26.691921234130856
  endloop
endfacet
facet normal -0.0002522254760814897 -0.671327712287566 -0.7411606027690978
  outer loop
    vertex 172.35009765625 125.48833465576172 47.159431457519524
    vertex 167.35069274902344 125.48833465576172 47.16113281249999
    vertex 167.35069274902344 125.83963775634764 46.84292984008789
  endloop
endfacet
facet normal -0.0001249990571331893 -0.6712561942696826 -0.7412254083811604
  outer loop
    vertex 202.35049438476562 124.28343963623045 48.24552917480469
    vertex 172.35009765625 125.48833465576172 47.159431457519524
    vertex 184.85018920898435 125.06153869628906 47.54383087158203
  endloop
endfacet
facet normal -1.2316303877475404e-08 -0.6695410712041159 -0.7427750359098272
  outer loop
    vertex 202.35049438476562 124.28343963623045 48.24552917480469
    vertex 172.35009765625 124.28343963623045 48.24552917480469
    vertex 172.35009765625 125.48833465576172 47.159431457519524
  endloop
endfacet
facet normal -6.850002175366724e-06 0.6395110374370028 -0.7687819150769133
  outer loop
    vertex 80.14869689941405 85.08533477783203 50.9658317565918
    vertex 45.14980316162109 83.33993530273438 49.51483154296875
    vertex 45.14980316162109 85.08533477783203 50.9658317565918
  endloop
endfacet
facet normal -6.850002175366724e-06 0.6395110374370028 -0.7687819150769133
  outer loop
    vertex 45.14980316162109 83.33993530273438 49.51483154296875
    vertex 80.14869689941405 85.08533477783203 50.9658317565918
    vertex 75.14929962158202 84.51253509521484 50.48983001708984
  endloop
endfacet
facet normal -6.850002175366724e-06 0.6395110374370028 -0.7687819150769133
  outer loop
    vertex 75.14929962158202 84.51253509521484 50.48983001708984
    vertex 80.14869689941405 85.08533477783203 50.9658317565918
    vertex 80.14869689941405 84.51253509521484 50.48983001708984
  endloop
endfacet
facet normal -6.850002175366724e-06 0.6395110374370028 -0.7687819150769133
  outer loop
    vertex 75.14929962158202 83.34163665771484 49.51483154296875
    vertex 45.14980316162109 83.33993530273438 49.51483154296875
    vertex 75.14929962158202 84.51253509521484 50.48983001708984
  endloop
endfacet
facet normal 2.5957304738407867e-05 0.9685091290877639 -0.24897804361003337
  outer loop
    vertex 75.14929962158202 73.78073883056639 34.3513298034668
    vertex 75.14929962158202 73.7205352783203 34.11714172363281
    vertex 60.149497985839844 73.75103759765624 34.2342300415039
  endloop
endfacet
facet normal -2.5957489578119245e-05 0.9685091290877591 -0.24897804361003215
  outer loop
    vertex 45.14980316162109 73.78073883056639 34.3513298034668
    vertex 60.149497985839844 73.75103759765624 34.2342300415039
    vertex 45.14980316162109 73.7205352783203 34.11714172363281
  endloop
endfacet
facet normal -1.3534327316725641e-20 -0.5641670889963679 0.8256606419670037
  outer loop
    vertex 75.14929962158202 84.03573608398436 53.5639305114746
    vertex 57.64990234375 84.27413940429686 53.72682952880859
    vertex 40.1504020690918 84.03573608398436 53.5639305114746
  endloop
endfacet
facet normal -0.0 0.49182198555685014 0.870695776102605
  outer loop
    vertex 80.14869689941405 121.24583435058592 56.509929656982415
    vertex 40.1504020690918 123.3849411010742 55.301631927490234
    vertex 40.1504020690918 121.24583435058592 56.509929656982415
  endloop
endfacet
facet normal -0.0 0.49182198555685014 0.870695776102605
  outer loop
    vertex 40.1504020690918 123.3849411010742 55.301631927490234
    vertex 80.14869689941405 121.24583435058592 56.509929656982415
    vertex 80.14869689941405 123.3849411010742 55.301631927490234
  endloop
endfacet
facet normal -1.1629577162297116e-18 0.5510339622310869 0.8344828173592965
  outer loop
    vertex 80.14869689941405 123.3849411010742 55.301631927490234
    vertex 40.1504020690918 125.43573760986327 53.94742965698242
    vertex 40.1504020690918 123.3849411010742 55.301631927490234
  endloop
endfacet
facet normal -1.1629577162297116e-18 0.5510339622310869 0.8344828173592965
  outer loop
    vertex 40.1504020690918 125.43573760986327 53.94742965698242
    vertex 80.14869689941405 123.3849411010742 55.301631927490234
    vertex 80.14869689941405 125.43573760986327 53.94742965698242
  endloop
endfacet
facet normal -6.651737315482394e-30 -0.3828520896487317 0.9238096543398968
  outer loop
    vertex 45.14980316162109 90.37743377685545 57.30323028564453
    vertex 40.1504020690918 92.64804077148436 58.24423217773437
    vertex 40.1504020690918 90.37743377685545 57.30323028564453
  endloop
endfacet
facet normal -6.651737315482394e-30 -0.3828520896487317 0.9238096543398968
  outer loop
    vertex 40.1504020690918 92.64804077148436 58.24423217773437
    vertex 45.14980316162109 90.37743377685545 57.30323028564453
    vertex 45.14980316162109 92.64804077148436 58.24423217773437
  endloop
endfacet
facet normal 4.3731032855590846e-18 -0.38285208964873163 0.9238096543398968
  outer loop
    vertex 80.14869689941405 90.37743377685545 57.30323028564453
    vertex 73.14939880371094 92.64804077148436 58.24423217773437
    vertex 73.14939880371094 90.37743377685545 57.30323028564453
  endloop
endfacet
facet normal 4.3731032855590846e-18 -0.38285208964873163 0.9238096543398968
  outer loop
    vertex 73.14939880371094 92.64804077148436 58.24423217773437
    vertex 80.14869689941405 90.37743377685545 57.30323028564453
    vertex 80.14869689941405 92.64804077148436 58.24423217773437
  endloop
endfacet
facet normal 0.0 0.4037470533041635 -0.9148706558569935
  outer loop
    vertex 80.14869689941405 92.94073486328125 55.46113204956054
    vertex 73.14939880371094 90.86444091796874 54.54483032226562
    vertex 73.14939880371094 92.94073486328125 55.46113204956054
  endloop
endfacet
facet normal 0.0 0.4037470533041635 -0.9148706558569935
  outer loop
    vertex 73.14939880371094 90.86444091796874 54.54483032226562
    vertex 80.14869689941405 92.94073486328125 55.46113204956054
    vertex 80.14869689941405 90.86444091796874 54.54483032226562
  endloop
endfacet
facet normal -4.964057792486701e-19 0.9847694615387795 0.17386519956742996
  outer loop
    vertex 45.14980316162109 90.37743377685545 57.30323028564453
    vertex 73.14939880371094 90.86444091796874 54.54483032226562
    vertex 45.14980316162109 90.86444091796874 54.54483032226562
  endloop
endfacet
facet normal -4.964057792486701e-19 0.9847694615387795 0.17386519956742996
  outer loop
    vertex 73.14939880371094 90.86444091796874 54.54483032226562
    vertex 45.14980316162109 90.37743377685545 57.30323028564453
    vertex 73.14939880371094 90.37743377685545 57.30323028564453
  endloop
endfacet
facet normal -1.0 0.0 0.0
  outer loop
    vertex 73.14939880371094 92.64804077148436 58.24423217773437
    vertex 73.14939880371094 90.86444091796874 54.54483032226562
    vertex 73.14939880371094 90.37743377685545 57.30323028564453
  endloop
endfacet
facet normal -1.0 0.0 0.0
  outer loop
    vertex 73.14939880371094 90.86444091796874 54.54483032226562
    vertex 73.14939880371094 92.64804077148436 58.24423217773437
    vertex 73.14939880371094 92.94073486328125 55.46113204956054
  endloop
endfacet
facet normal -1.0 0.0 0.0
  outer loop
    vertex 73.14939880371094 92.94073486328125 55.46113204956054
    vertex 73.14939880371094 92.64804077148436 58.24423217773437
    vertex 73.14939880371094 94.9796371459961 59.02482986450195
  endloop
endfacet
facet normal -1.0 0.0 0.0
  outer loop
    vertex 73.14939880371094 92.94073486328125 55.46113204956054
    vertex 73.14939880371094 94.9796371459961 59.02482986450195
    vertex 73.14939880371094 95.07809448242186 56.22732925415039
  endloop
endfacet
facet normal -1.0 0.0 0.0
  outer loop
    vertex 73.14939880371094 95.07809448242186 56.22732925415039
    vertex 73.14939880371094 94.9796371459961 59.02482986450195
    vertex 73.14939880371094 97.35885620117186 59.64252853393555
  endloop
endfacet
facet normal -1.0 0.0 0.0
  outer loop
    vertex 73.14939880371094 95.07809448242186 56.22732925415039
    vertex 73.14939880371094 97.35885620117186 59.64252853393555
    vertex 73.14939880371094 97.26213073730467 56.84503173828124
  endloop
endfacet
facet normal -1.0 0.0 0.0
  outer loop
    vertex 73.14939880371094 97.26213073730467 56.84503173828124
    vertex 73.14939880371094 97.35885620117186 59.64252853393555
    vertex 73.14939880371094 99.48435974121092 57.30752944946289
  endloop
endfacet
facet normal -1.0 0.0 0.0
  outer loop
    vertex 73.14939880371094 99.48435974121092 57.30752944946289
    vertex 73.14939880371094 97.35885620117186 59.64252853393555
    vertex 73.14939880371094 99.77708435058592 60.09313201904296
  endloop
endfacet
facet normal -1.0 0.0 0.0
  outer loop
    vertex 73.14939880371094 99.48435974121092 57.30752944946289
    vertex 73.14939880371094 99.77708435058592 60.09313201904296
    vertex 73.14939880371094 101.73287963867186 57.614631652832024
  endloop
endfacet
facet normal -1.0 0.0 0.0
  outer loop
    vertex 73.14939880371094 101.73287963867186 57.614631652832024
    vertex 73.14939880371094 99.77708435058592 60.09313201904296
    vertex 73.14939880371094 102.2190704345703 60.371429443359375
  endloop
endfacet
facet normal -1.0 0.0 0.0
  outer loop
    vertex 73.14939880371094 101.73287963867186 57.614631652832024
    vertex 73.14939880371094 102.2190704345703 60.371429443359375
    vertex 73.14939880371094 103.99752807617188 57.76403045654297
  endloop
endfacet
facet normal -1.0 0.0 0.0
  outer loop
    vertex 73.14939880371094 103.99752807617188 57.76403045654297
    vertex 73.14939880371094 102.2190704345703 60.371429443359375
    vertex 73.14939880371094 104.67378234863281 60.480030059814446
  endloop
endfacet
facet normal -1.0 0.0 0.0
  outer loop
    vertex 73.14939880371094 103.99752807617188 57.76403045654297
    vertex 73.14939880371094 104.67378234863281 60.480030059814446
    vertex 73.14939880371094 106.26556396484375 57.75382995605469
  endloop
endfacet
facet normal -1.0 0.0 0.0
  outer loop
    vertex 73.14939880371094 106.26556396484375 57.75382995605469
    vertex 73.14939880371094 104.67378234863281 60.480030059814446
    vertex 73.14939880371094 107.1318893432617 60.418132781982415
  endloop
endfacet
facet normal -1.0 0.0 0.0
  outer loop
    vertex 73.14939880371094 106.26556396484375 57.75382995605469
    vertex 73.14939880371094 107.1318893432617 60.418132781982415
    vertex 73.14939880371094 108.53022003173828 57.585830688476555
  endloop
endfacet
facet normal -1.0 0.0 0.0
  outer loop
    vertex 73.14939880371094 108.53022003173828 57.585830688476555
    vertex 73.14939880371094 107.1318893432617 60.418132781982415
    vertex 73.14939880371094 109.57810974121094 60.183929443359375
  endloop
endfacet
facet normal -1.0 0.0 0.0
  outer loop
    vertex 73.14939880371094 108.53022003173828 57.585830688476555
    vertex 73.14939880371094 109.57810974121094 60.183929443359375
    vertex 73.14939880371094 110.77704620361327 57.26082992553711
  endloop
endfacet
facet normal -1.0 0.0 0.0
  outer loop
    vertex 73.14939880371094 110.77704620361327 57.26082992553711
    vertex 73.14939880371094 109.57810974121094 60.183929443359375
    vertex 73.14939880371094 112.00396728515625 59.77833175659179
  endloop
endfacet
facet normal -1.0 0.0 0.0
  outer loop
    vertex 73.14939880371094 110.77704620361327 57.26082992553711
    vertex 73.14939880371094 112.00396728515625 59.77833175659179
    vertex 73.14939880371094 112.99332427978514 56.78053283691406
  endloop
endfacet
facet normal -1.0 0.0 0.0
  outer loop
    vertex 73.14939880371094 112.99332427978514 56.78053283691406
    vertex 73.14939880371094 112.00396728515625 59.77833175659179
    vertex 73.14939880371094 114.39334869384766 59.2064323425293
  endloop
endfacet
facet normal -1.0 0.0 0.0
  outer loop
    vertex 73.14939880371094 112.99332427978514 56.78053283691406
    vertex 73.14939880371094 114.39334869384766 59.2064323425293
    vertex 73.14939880371094 115.17314147949219 56.14672851562499
  endloop
endfacet
facet normal -1.0 0.0 0.0
  outer loop
    vertex 73.14939880371094 115.17314147949219 56.14672851562499
    vertex 73.14939880371094 114.39334869384766 59.2064323425293
    vertex 73.14939880371094 116.73863983154297 58.46823120117187
  endloop
endfacet
facet normal -1.0 0.0 0.0
  outer loop
    vertex 73.14939880371094 115.17314147949219 56.14672851562499
    vertex 73.14939880371094 116.73863983154297 58.46823120117187
    vertex 73.14939880371094 117.30204010009764 55.36193084716797
  endloop
endfacet
facet normal -1.0 0.0 0.0
  outer loop
    vertex 73.14939880371094 117.30204010009764 55.36193084716797
    vertex 73.14939880371094 116.73863983154297 58.46823120117187
    vertex 73.14939880371094 119.02533721923827 57.56803131103515
  endloop
endfacet
facet normal -1.0 0.0 0.0
  outer loop
    vertex 73.14939880371094 117.30204010009764 55.36193084716797
    vertex 73.14939880371094 119.02533721923827 57.56803131103515
    vertex 73.14939880371094 118.41183471679688 54.86293029785156
  endloop
endfacet
facet normal 1.4089428741957975e-18 -0.4728106931154091 -0.8811640304028112
  outer loop
    vertex 80.14869689941405 121.3705368041992 53.357730865478516
    vertex 45.14980316162109 119.37323760986327 54.4294319152832
    vertex 45.14980316162109 121.3705368041992 53.357730865478516
  endloop
endfacet
facet normal 1.4089428741957975e-18 -0.4728106931154091 -0.8811640304028112
  outer loop
    vertex 45.14980316162109 119.37323760986327 54.4294319152832
    vertex 80.14869689941405 121.3705368041992 53.357730865478516
    vertex 80.14869689941405 119.37323760986327 54.4294319152832
  endloop
endfacet
facet normal 0.0 -0.5330390749748373 -0.8460906243127682
  outer loop
    vertex 80.14869689941405 123.2924346923828 52.14693069458007
    vertex 45.14980316162109 121.3705368041992 53.357730865478516
    vertex 45.14980316162109 123.2924346923828 52.14693069458007
  endloop
endfacet
facet normal 0.0 -0.5330390749748373 -0.8460906243127682
  outer loop
    vertex 45.14980316162109 121.3705368041992 53.357730865478516
    vertex 80.14869689941405 123.2924346923828 52.14693069458007
    vertex 80.14869689941405 121.3705368041992 53.357730865478516
  endloop
endfacet
facet normal 0.0 -0.5914076725480558 -0.8063727208005562
  outer loop
    vertex 80.14869689941405 125.1226348876953 50.80463027954101
    vertex 45.14980316162109 123.2924346923828 52.14693069458007
    vertex 45.14980316162109 125.1226348876953 50.80463027954101
  endloop
endfacet
facet normal 0.0 -0.5914076725480558 -0.8063727208005562
  outer loop
    vertex 45.14980316162109 123.2924346923828 52.14693069458007
    vertex 80.14869689941405 125.1226348876953 50.80463027954101
    vertex 80.14869689941405 123.2924346923828 52.14693069458007
  endloop
endfacet
facet normal -2.8985644816606902e-06 -0.6452156790435263 -0.7640004761176526
  outer loop
    vertex 75.14929962158202 125.48833465576172 50.49573135375976
    vertex 80.14869689941405 125.1226348876953 50.80463027954101
    vertex 45.14980316162109 125.1226348876953 50.80463027954101
  endloop
endfacet
facet normal -2.8985644816606902e-06 -0.6452156790435263 -0.7640004761176526
  outer loop
    vertex 80.14869689941405 125.1226348876953 50.80463027954101
    vertex 75.14929962158202 125.48833465576172 50.49573135375976
    vertex 80.14869689941405 125.48833465576172 50.49573135375976
  endloop
endfacet
facet normal 7.66717309735209e-06 -0.6460192595559169 -0.7633211095103026
  outer loop
    vertex 75.14929962158202 126.85443878173827 49.33922958374023
    vertex 45.14980316162109 125.1226348876953 50.80463027954101
    vertex 45.14980316162109 126.85443878173827 49.33922958374023
  endloop
endfacet
facet normal 7.66717309735209e-06 -0.6460192595559169 -0.7633211095103026
  outer loop
    vertex 45.14980316162109 125.1226348876953 50.80463027954101
    vertex 75.14929962158202 126.85443878173827 49.33922958374023
    vertex 75.14929962158202 125.48833465576172 50.49573135375976
  endloop
endfacet
facet normal 2.8003536828871408e-05 -0.6974283331165431 -0.7166545327995089
  outer loop
    vertex 75.14929962158202 128.48184204101562 47.756832122802734
    vertex 45.14980316162109 126.85443878173827 49.33922958374023
    vertex 45.14980316162109 128.48184204101562 47.755130767822266
  endloop
endfacet
facet normal 2.8003536828871408e-05 -0.6974283331165431 -0.7166545327995089
  outer loop
    vertex 45.14980316162109 126.85443878173827 49.33922958374023
    vertex 75.14929962158202 128.48184204101562 47.756832122802734
    vertex 60.149497985839844 126.95283508300781 49.244232177734375
  endloop
endfacet
facet normal 2.8003536828871408e-05 -0.6974283331165431 -0.7166545327995089
  outer loop
    vertex 60.149497985839844 126.95283508300781 49.244232177734375
    vertex 75.14929962158202 128.48184204101562 47.756832122802734
    vertex 75.14929962158202 127.0504379272461 49.149131774902344
  endloop
endfacet
facet normal -2.087871132122497e-05 -0.6962176182040439 -0.717830779269298
  outer loop
    vertex 75.14929962158202 126.85443878173827 49.33922958374023
    vertex 60.149497985839844 126.95283508300781 49.244232177734375
    vertex 75.14929962158202 127.0504379272461 49.149131774902344
  endloop
endfacet
facet normal -4.909819957157128e-31 -0.868211692552103 -0.4961939710595169
  outer loop
    vertex 75.14929962158202 132.64543151855466 42.382381439208984
    vertex 45.14980316162109 133.7714385986328 40.41215896606445
    vertex 75.14929962158202 133.7714385986328 40.41215896606445
  endloop
endfacet
facet normal -4.909819957157128e-31 -0.868211692552103 -0.4961939710595169
  outer loop
    vertex 45.14980316162109 133.7714385986328 40.41215896606445
    vertex 75.14929962158202 132.64543151855466 42.382381439208984
    vertex 45.14980316162109 132.64543151855466 42.382381439208984
  endloop
endfacet
facet normal 1.888399394995233e-05 -0.7459947041022309 -0.6659518759601325
  outer loop
    vertex 75.14929962158202 128.48184204101562 47.756832122802734
    vertex 45.14980316162109 129.9930419921875 46.06312942504883
    vertex 75.14929962158202 129.9930419921875 46.06312942504883
  endloop
endfacet
facet normal 1.888399394995233e-05 -0.7459947041022309 -0.6659518759601325
  outer loop
    vertex 45.14980316162109 129.9930419921875 46.06312942504883
    vertex 75.14929962158202 128.48184204101562 47.756832122802734
    vertex 45.14980316162109 128.48184204101562 47.755130767822266
  endloop
endfacet
facet normal 4.308219796154598e-31 -0.8313065096922738 -0.5558142557934707
  outer loop
    vertex 75.14929962158202 131.3837432861328 44.26943206787109
    vertex 45.14980316162109 132.64543151855466 42.382381439208984
    vertex 75.14929962158202 132.64543151855466 42.382381439208984
  endloop
endfacet
facet normal 4.308219796154598e-31 -0.8313065096922738 -0.5558142557934707
  outer loop
    vertex 45.14980316162109 132.64543151855466 42.382381439208984
    vertex 75.14929962158202 131.3837432861328 44.26943206787109
    vertex 45.14980316162109 131.3837432861328 44.26943206787109
  endloop
endfacet
facet normal 3.9036686277653444e-20 -0.9006172226480047 -0.4346131823470091
  outer loop
    vertex 75.14929962158202 133.7714385986328 40.41215896606445
    vertex 45.14980316162109 134.75823974609375 38.36728286743164
    vertex 75.14929962158202 134.75823974609375 38.36728286743164
  endloop
endfacet
facet normal 3.9036686277653444e-20 -0.9006172226480047 -0.4346131823470091
  outer loop
    vertex 45.14980316162109 134.75823974609375 38.36728286743164
    vertex 75.14929962158202 133.7714385986328 40.41215896606445
    vertex 45.14980316162109 133.7714385986328 40.41215896606445
  endloop
endfacet
facet normal 1.5239508613718472e-18 -0.790290058735424 -0.61273291331865
  outer loop
    vertex 75.14929962158202 129.9930419921875 46.06312942504883
    vertex 45.14980316162109 131.3837432861328 44.26943206787109
    vertex 75.14929962158202 131.3837432861328 44.26943206787109
  endloop
endfacet
facet normal 1.5239508613718472e-18 -0.790290058735424 -0.61273291331865
  outer loop
    vertex 45.14980316162109 131.3837432861328 44.26943206787109
    vertex 75.14929962158202 129.9930419921875 46.06312942504883
    vertex 45.14980316162109 129.9930419921875 46.06312942504883
  endloop
endfacet
facet normal -1.0924812820617244e-19 -0.9523519302515786 -0.30500131302355454
  outer loop
    vertex 75.14929962158202 135.59994506835938 36.260452270507805
    vertex 45.14980316162109 136.2923431396484 34.098472595214844
    vertex 75.14929962158202 136.2923431396484 34.098472595214844
  endloop
endfacet
facet normal -1.0924812820617244e-19 -0.9523519302515786 -0.30500131302355454
  outer loop
    vertex 45.14980316162109 136.2923431396484 34.098472595214844
    vertex 75.14929962158202 135.59994506835938 36.260452270507805
    vertex 45.14980316162109 135.59994506835938 36.260452270507805
  endloop
endfacet
facet normal -2.3634978719194723e-31 -0.9286326904116305 -0.37100043975561137
  outer loop
    vertex 75.14929962158202 134.75823974609375 38.36728286743164
    vertex 45.14980316162109 135.59994506835938 36.260452270507805
    vertex 75.14929962158202 135.59994506835938 36.260452270507805
  endloop
endfacet
facet normal -2.3634978719194723e-31 -0.9286326904116305 -0.37100043975561137
  outer loop
    vertex 45.14980316162109 135.59994506835938 36.260452270507805
    vertex 75.14929962158202 134.75823974609375 38.36728286743164
    vertex 45.14980316162109 134.75823974609375 38.36728286743164
  endloop
endfacet
facet normal -1.6891920491179608e-05 0.3662911914264917 0.9305002755496766
  outer loop
    vertex 45.14980316162109 116.73863983154297 58.46823120117187
    vertex 40.1504020690918 119.02533721923827 57.56803131103515
    vertex 40.1504020690918 116.73863983154297 58.46823120117187
  endloop
endfacet
facet normal -1.6891920491179608e-05 0.3662911914264917 0.9305002755496766
  outer loop
    vertex 40.1504020690918 119.02533721923827 57.56803131103515
    vertex 45.14980316162109 116.73863983154297 58.46823120117187
    vertex 45.14980316162109 119.02533721923827 57.56803131103515
  endloop
endfacet
facet normal 1.2065422076580218e-05 0.36629119145208866 0.9305002756147014
  outer loop
    vertex 80.14869689941405 116.73863983154297 58.46823120117187
    vertex 73.14939880371094 119.02533721923827 57.56803131103515
    vertex 73.14939880371094 116.73863983154297 58.46823120117187
  endloop
endfacet
facet normal 1.2065422076580218e-05 0.36629119145208866 0.9305002756147014
  outer loop
    vertex 73.14939880371094 119.02533721923827 57.56803131103515
    vertex 80.14869689941405 116.73863983154297 58.46823120117187
    vertex 80.14869689941405 119.02533721923827 57.56803131103515
  endloop
endfacet
facet normal 5.833508391769579e-05 -0.40963727727535737 -0.9122484846046334
  outer loop
    vertex 73.14939880371094 118.41183471679688 54.86293029785156
    vertex 45.14980316162109 118.41183471679688 54.86122894287109
    vertex 45.14980316162109 119.37323760986327 54.4294319152832
  endloop
endfacet
facet normal -6.717799290673299e-06 -0.9752482163901809 0.22111290415225018
  outer loop
    vertex 73.14939880371094 118.41183471679688 54.86293029785156
    vertex 45.14980316162109 119.02533721923827 57.56803131103515
    vertex 45.14980316162109 118.41183471679688 54.86122894287109
  endloop
endfacet
facet normal -6.717799290673299e-06 -0.9752482163901809 0.22111290415225018
  outer loop
    vertex 45.14980316162109 119.02533721923827 57.56803131103515
    vertex 73.14939880371094 118.41183471679688 54.86293029785156
    vertex 73.14939880371094 119.02533721923827 57.56803131103515
  endloop
endfacet
facet normal -0.0 -0.0 1.0
  outer loop
    vertex 172.3415985107422 61.202537536621094 39.169109344482415
    vertex 75.14929962158202 62.202136993408196 39.169109344482415
    vertex 75.14929962158202 61.202537536621094 39.169109344482415
  endloop
endfacet
facet normal -0.0 -0.0 1.0
  outer loop
    vertex 75.14929962158202 62.202136993408196 39.169109344482415
    vertex 172.3415985107422 61.202537536621094 39.169109344482415
    vertex 95.14929962158203 62.202136993408196 39.169109344482415
  endloop
endfacet
facet normal -0.0 -0.0 1.0
  outer loop
    vertex 95.14929962158203 62.202136993408196 39.169109344482415
    vertex 172.3415985107422 61.202537536621094 39.169109344482415
    vertex 152.34249877929688 62.202136993408196 39.169109344482415
  endloop
endfacet
facet normal -0.0 -0.0 1.0
  outer loop
    vertex 95.14929962158203 62.202136993408196 39.169109344482415
    vertex 152.34249877929688 62.202136993408196 39.169109344482415
    vertex 95.14929962158203 66.98933410644531 39.169109344482415
  endloop
endfacet
facet normal -0.0 -0.0 1.0
  outer loop
    vertex 152.34249877929688 62.202136993408196 39.169109344482415
    vertex 172.3415985107422 61.202537536621094 39.169109344482415
    vertex 172.3415985107422 62.202136993408196 39.169109344482415
  endloop
endfacet
facet normal -0.0 -0.0 1.0
  outer loop
    vertex 152.34249877929688 66.98933410644531 39.169109344482415
    vertex 95.14929962158203 66.98933410644531 39.169109344482415
    vertex 152.34249877929688 62.202136993408196 39.169109344482415
  endloop
endfacet
facet normal -1.0 0.0 0.0
  outer loop
    vertex 75.14929962158202 126.85443878173827 49.33922958374023
    vertex 75.14929962158202 125.48833465576172 -0.00017089843458961693
    vertex 75.14929962158202 125.48833465576172 50.49573135375976
  endloop
endfacet
facet normal -1.0 0.0 0.0
  outer loop
    vertex 75.14929962158202 125.48833465576172 -0.00017089843458961693
    vertex 75.14929962158202 126.85443878173827 49.33922958374023
    vertex 75.14929962158202 136.2923431396484 -0.00017089843458961693
  endloop
endfacet
facet normal -1.0 0.0 0.0
  outer loop
    vertex 75.14929962158202 136.2923431396484 -0.00017089843458961693
    vertex 75.14929962158202 126.85443878173827 49.33922958374023
    vertex 75.14929962158202 127.0504379272461 49.149131774902344
  endloop
endfacet
facet normal -1.0 0.0 0.0
  outer loop
    vertex 75.14929962158202 136.2923431396484 -0.00017089843458961693
    vertex 75.14929962158202 127.0504379272461 49.149131774902344
    vertex 75.14929962158202 128.48184204101562 47.756832122802734
  endloop
endfacet
facet normal -1.0 0.0 0.0
  outer loop
    vertex 75.14929962158202 136.2923431396484 -0.00017089843458961693
    vertex 75.14929962158202 128.48184204101562 47.756832122802734
    vertex 75.14929962158202 129.9930419921875 46.06312942504883
  endloop
endfacet
facet normal -1.0 0.0 0.0
  outer loop
    vertex 75.14929962158202 136.2923431396484 -0.00017089843458961693
    vertex 75.14929962158202 129.9930419921875 46.06312942504883
    vertex 75.14929962158202 131.3837432861328 44.26943206787109
  endloop
endfacet
facet normal -1.0 0.0 0.0
  outer loop
    vertex 75.14929962158202 136.2923431396484 -0.00017089843458961693
    vertex 75.14929962158202 131.3837432861328 44.26943206787109
    vertex 75.14929962158202 132.64543151855466 42.382381439208984
  endloop
endfacet
facet normal -1.0 0.0 0.0
  outer loop
    vertex 75.14929962158202 136.2923431396484 -0.00017089843458961693
    vertex 75.14929962158202 132.64543151855466 42.382381439208984
    vertex 75.14929962158202 133.7714385986328 40.41215896606445
  endloop
endfacet
facet normal -1.0 0.0 0.0
  outer loop
    vertex 75.14929962158202 136.2923431396484 -0.00017089843458961693
    vertex 75.14929962158202 133.7714385986328 40.41215896606445
    vertex 75.14929962158202 134.75823974609375 38.36728286743164
  endloop
endfacet
facet normal -1.0 0.0 0.0
  outer loop
    vertex 75.14929962158202 136.2923431396484 -0.00017089843458961693
    vertex 75.14929962158202 134.75823974609375 38.36728286743164
    vertex 75.14929962158202 135.59994506835938 36.260452270507805
  endloop
endfacet
facet normal -1.0 0.0 0.0
  outer loop
    vertex 75.14929962158202 136.2923431396484 -0.00017089843458961693
    vertex 75.14929962158202 135.59994506835938 36.260452270507805
    vertex 75.14929962158202 136.2923431396484 34.098472595214844
  endloop
endfacet
facet normal 0.0 -1.0 0.0
  outer loop
    vertex 75.14929962158202 70.93144226074217 34.11714172363281
    vertex 40.1504020690918 70.93144226074217 -0.00017089843458961693
    vertex 75.14929962158202 70.93144226074217 -0.00017089843458961693
  endloop
endfacet
facet normal 0.0 -1.0 0.0
  outer loop
    vertex 40.1504020690918 70.93144226074217 -0.00017089843458961693
    vertex 75.14929962158202 70.93144226074217 34.11714172363281
    vertex 40.1504020690918 70.93144226074217 34.11714172363281
  endloop
endfacet
facet normal -0.0 1.0 -0.0
  outer loop
    vertex 40.1504020690918 139.0915374755859 34.098472595214844
    vertex 75.14929962158202 139.0915374755859 -0.00017089843458961693
    vertex 40.1504020690918 139.0915374755859 -0.00017089843458961693
  endloop
endfacet
facet normal -0.0 1.0 -0.0
  outer loop
    vertex 75.14929962158202 139.0915374755859 -0.00017089843458961693
    vertex 40.1504020690918 139.0915374755859 34.098472595214844
    vertex 75.14929962158202 139.0915374755859 34.098472595214844
  endloop
endfacet
facet normal -0.0 1.0 -0.0
  outer loop
    vertex 45.14980316162109 73.7205352783203 34.11714172363281
    vertex 75.14929962158202 73.7205352783203 -0.00017089843458961693
    vertex 45.14980316162109 73.7205352783203 -0.00017089843458961693
  endloop
endfacet
facet normal -0.0 1.0 -0.0
  outer loop
    vertex 75.14929962158202 73.7205352783203 -0.00017089843458961693
    vertex 45.14980316162109 73.7205352783203 34.11714172363281
    vertex 75.14929962158202 73.7205352783203 34.11714172363281
  endloop
endfacet
facet normal 0.0 -1.0 0.0
  outer loop
    vertex 75.14929962158202 136.2923431396484 34.098472595214844
    vertex 45.14980316162109 136.2923431396484 -0.00017089843458961693
    vertex 75.14929962158202 136.2923431396484 -0.00017089843458961693
  endloop
endfacet
facet normal 0.0 -1.0 0.0
  outer loop
    vertex 45.14980316162109 136.2923431396484 -0.00017089843458961693
    vertex 75.14929962158202 136.2923431396484 34.098472595214844
    vertex 45.14980316162109 136.2923431396484 34.098472595214844
  endloop
endfacet
facet normal -0.0 1.0 -0.0
  outer loop
    vertex 172.35009765625 139.98153686523438 25.26304054260254
    vertex 209.85040283203125 139.98153686523438 -0.00017089843458961693
    vertex 172.35009765625 139.98153686523438 -0.00017089843458961693
  endloop
endfacet
facet normal -0.0 1.0 -0.0
  outer loop
    vertex 209.85040283203125 139.98153686523438 -0.00017089843458961693
    vertex 172.35009765625 139.98153686523438 25.26304054260254
    vertex 209.85040283203125 139.98153686523438 25.26304054260254
  endloop
endfacet
facet normal -0.0 1.0 -0.0
  outer loop
    vertex 80.14869689941405 64.52533721923828 26.675790786743164
    vertex 167.35069274902344 64.52533721923828 -0.00017089843458961693
    vertex 80.14869689941405 64.52533721923828 -0.00017089843458961693
  endloop
endfacet
facet normal -0.0 1.0 -0.0
  outer loop
    vertex 167.35069274902344 64.52533721923828 -0.00017089843458961693
    vertex 80.14869689941405 64.52533721923828 26.675790786743164
    vertex 167.35069274902344 64.52533721923828 26.675790786743164
  endloop
endfacet
facet normal 0.0 -1.0 0.0
  outer loop
    vertex 202.35049438476562 134.98223876953125 26.310091018676758
    vertex 167.35069274902344 134.98223876953125 -0.00017089843458961693
    vertex 202.35049438476562 134.98223876953125 -0.00017089843458961693
  endloop
endfacet
facet normal 0.0 -1.0 0.0
  outer loop
    vertex 167.35069274902344 134.98223876953125 -0.00017089843458961693
    vertex 202.35049438476562 134.98223876953125 26.310091018676758
    vertex 167.35069274902344 134.98223876953125 26.310091018676758
  endloop
endfacet
facet normal -0.0 1.0 -0.0
  outer loop
    vertex 167.35069274902344 75.01783752441406 26.310091018676758
    vertex 202.35049438476562 75.01783752441406 -0.00017089843458961693
    vertex 167.35069274902344 75.01783752441406 -0.00017089843458961693
  endloop
endfacet
facet normal -0.0 1.0 -0.0
  outer loop
    vertex 202.35049438476562 75.01783752441406 -0.00017089843458961693
    vertex 167.35069274902344 75.01783752441406 26.310091018676758
    vertex 202.35049438476562 75.01783752441406 26.310091018676758
  endloop
endfacet
facet normal 1.9981933465078567e-19 0.9975537525949144 -0.06990358133747068
  outer loop
    vertex 80.14869689941405 64.72303771972656 29.497060775756836
    vertex 167.35069274902344 64.52533721923828 26.675790786743164
    vertex 80.14869689941405 64.52533721923828 26.675790786743164
  endloop
endfacet
facet normal 1.9981933465078567e-19 0.9975537525949144 -0.06990358133747068
  outer loop
    vertex 167.35069274902344 64.52533721923828 26.675790786743164
    vertex 80.14869689941405 64.72303771972656 29.497060775756836
    vertex 167.35069274902344 64.72303771972656 29.497060775756836
  endloop
endfacet
facet normal 3.454701744898996e-19 0.43017286096982593 0.9027465367892776
  outer loop
    vertex 45.14980316162109 119.02533721923827 57.56803131103515
    vertex 40.1504020690918 121.24583435058592 56.509929656982415
    vertex 40.1504020690918 119.02533721923827 57.56803131103515
  endloop
endfacet
facet normal 3.454701744898996e-19 0.43017286096982593 0.9027465367892776
  outer loop
    vertex 40.1504020690918 121.24583435058592 56.509929656982415
    vertex 45.14980316162109 119.02533721923827 57.56803131103515
    vertex 80.14869689941405 121.24583435058592 56.509929656982415
  endloop
endfacet
facet normal 3.454701744898996e-19 0.43017286096982593 0.9027465367892776
  outer loop
    vertex 80.14869689941405 121.24583435058592 56.509929656982415
    vertex 45.14980316162109 119.02533721923827 57.56803131103515
    vertex 73.14939880371094 119.02533721923827 57.56803131103515
  endloop
endfacet
facet normal 3.454701744898996e-19 0.43017286096982593 0.9027465367892776
  outer loop
    vertex 80.14869689941405 121.24583435058592 56.509929656982415
    vertex 73.14939880371094 119.02533721923827 57.56803131103515
    vertex 80.14869689941405 119.02533721923827 57.56803131103515
  endloop
endfacet
facet normal -4.893214325175333e-19 -0.44692163654236666 0.8945731109251457
  outer loop
    vertex 80.14869689941405 88.17984008789062 56.205329895019524
    vertex 40.1504020690918 90.37743377685545 57.30323028564453
    vertex 40.1504020690918 88.17984008789062 56.205329895019524
  endloop
endfacet
facet normal -4.893214325175333e-19 -0.44692163654236666 0.8945731109251457
  outer loop
    vertex 40.1504020690918 90.37743377685545 57.30323028564453
    vertex 80.14869689941405 88.17984008789062 56.205329895019524
    vertex 45.14980316162109 90.37743377685545 57.30323028564453
  endloop
endfacet
facet normal -4.893214325175333e-19 -0.44692163654236666 0.8945731109251457
  outer loop
    vertex 45.14980316162109 90.37743377685545 57.30323028564453
    vertex 80.14869689941405 88.17984008789062 56.205329895019524
    vertex 73.14939880371094 90.37743377685545 57.30323028564453
  endloop
endfacet
facet normal -4.893214325175333e-19 -0.44692163654236666 0.8945731109251457
  outer loop
    vertex 73.14939880371094 90.37743377685545 57.30323028564453
    vertex 80.14869689941405 88.17984008789062 56.205329895019524
    vertex 80.14869689941405 90.37743377685545 57.30323028564453
  endloop
endfacet
facet normal 1.0543431678871733e-05 -0.5663832800095311 0.8241419659345598
  outer loop
    vertex 57.64990234375 84.27413940429686 53.72682952880859
    vertex 40.1504020690918 86.06273651123047 54.956329345703125
    vertex 40.1504020690918 84.03573608398436 53.5639305114746
  endloop
endfacet
facet normal 1.0543431678871733e-05 -0.5663832800095311 0.8241419659345598
  outer loop
    vertex 40.1504020690918 86.06273651123047 54.956329345703125
    vertex 57.64990234375 84.27413940429686 53.72682952880859
    vertex 80.14869689941405 86.06273651123047 54.956329345703125
  endloop
endfacet
facet normal 1.0543431678871733e-05 -0.5663832800095311 0.8241419659345598
  outer loop
    vertex 80.14869689941405 86.06273651123047 54.956329345703125
    vertex 57.64990234375 84.27413940429686 53.72682952880859
    vertex 75.14929962158202 84.51253509521484 53.89063262939453
  endloop
endfacet
facet normal 1.0543431678871733e-05 -0.5663832800095311 0.8241419659345598
  outer loop
    vertex 80.14869689941405 86.06273651123047 54.956329345703125
    vertex 75.14929962158202 84.51253509521484 53.89063262939453
    vertex 80.14869689941405 84.51253509521484 53.89063262939453
  endloop
endfacet
facet normal -0.0 1.0 -0.0
  outer loop
    vertex 75.14929962158202 148.7974395751953 39.169109344482415
    vertex 172.35009765625 148.7974395751953 -0.00017089843458961693
    vertex 75.14929962158202 148.7974395751953 -0.00017089843458961693
  endloop
endfacet
facet normal -0.0 1.0 -0.0
  outer loop
    vertex 172.35009765625 148.7974395751953 -0.00017089843458961693
    vertex 75.14929962158202 148.7974395751953 39.169109344482415
    vertex 172.35009765625 148.7974395751953 39.169109344482415
  endloop
endfacet
facet normal 0.0 -1.0 0.0
  outer loop
    vertex 172.3415985107422 61.202537536621094 39.169109344482415
    vertex 75.14929962158202 61.202537536621094 -0.00017089843458961693
    vertex 172.3415985107422 61.202537536621094 -0.00017089843458961693
  endloop
endfacet
facet normal 0.0 -1.0 0.0
  outer loop
    vertex 75.14929962158202 61.202537536621094 -0.00017089843458961693
    vertex 172.3415985107422 61.202537536621094 39.169109344482415
    vertex 75.14929962158202 61.202537536621094 39.169109344482415
  endloop
endfacet
facet normal 0.0 -1.0 0.0
  outer loop
    vertex 209.85040283203125 70.01853942871094 25.26304054260254
    vertex 172.35009765625 70.01853942871094 -0.00017089843458961693
    vertex 209.85040283203125 70.01853942871094 -0.00017089843458961693
  endloop
endfacet
facet normal 0.0 -1.0 0.0
  outer loop
    vertex 172.35009765625 70.01853942871094 -0.00017089843458961693
    vertex 209.85040283203125 70.01853942871094 25.26304054260254
    vertex 172.35009765625 70.01853942871094 25.26304054260254
  endloop
endfacet
facet normal 2.8691843190047827e-06 -0.6694556622428786 -0.7428520150627019
  outer loop
    vertex 202.35049438476562 125.83963775634764 46.84292984008789
    vertex 172.35009765625 125.48833465576172 47.159431457519524
    vertex 167.35069274902344 125.83963775634764 46.84292984008789
  endloop
endfacet
facet normal 2.8691843190047827e-06 -0.6694556622428786 -0.7428520150627019
  outer loop
    vertex 172.35009765625 125.48833465576172 47.159431457519524
    vertex 202.35049438476562 125.83963775634764 46.84292984008789
    vertex 184.85018920898435 125.06153869628906 47.54383087158203
  endloop
endfacet
facet normal 2.8691843190047827e-06 -0.6694556622428786 -0.7428520150627019
  outer loop
    vertex 184.85018920898435 125.06153869628906 47.54383087158203
    vertex 202.35049438476562 125.83963775634764 46.84292984008789
    vertex 202.35049438476562 124.28343963623045 48.24552917480469
  endloop
endfacet
facet normal -2.1432601981530475e-05 -0.56523909207148 0.8249271291058698
  outer loop
    vertex 75.14929962158202 84.51253509521484 53.89063262939453
    vertex 57.64990234375 84.27413940429686 53.72682952880859
    vertex 75.14929962158202 84.03573608398436 53.5639305114746
  endloop
endfacet
facet normal 4.501782870024113e-19 -0.9639144842948284 0.26621207141419234
  outer loop
    vertex 75.14929962158202 71.40573883056639 35.83449935913086
    vertex 40.1504020690918 70.93144226074217 34.11714172363281
    vertex 75.14929962158202 70.93144226074217 34.11714172363281
  endloop
endfacet
facet normal 4.501782870024113e-19 -0.9639144842948284 0.26621207141419234
  outer loop
    vertex 40.1504020690918 70.93144226074217 34.11714172363281
    vertex 75.14929962158202 71.40573883056639 35.83449935913086
    vertex 40.1504020690918 71.40573883056639 35.83449935913086
  endloop
endfacet
facet normal -1.1350010316158863e-06 -0.41052828135401964 -0.9118478657140272
  outer loop
    vertex 80.14869689941405 119.37323760986327 54.4294319152832
    vertex 73.14939880371094 118.41183471679688 54.86293029785156
    vertex 45.14980316162109 119.37323760986327 54.4294319152832
  endloop
endfacet
facet normal -1.1350010316158863e-06 -0.41052828135401964 -0.9118478657140272
  outer loop
    vertex 73.14939880371094 118.41183471679688 54.86293029785156
    vertex 80.14869689941405 119.37323760986327 54.4294319152832
    vertex 73.14939880371094 117.30204010009764 55.36193084716797
  endloop
endfacet
facet normal -1.1350010316158863e-06 -0.41052828135401964 -0.9118478657140272
  outer loop
    vertex 73.14939880371094 117.30204010009764 55.36193084716797
    vertex 80.14869689941405 119.37323760986327 54.4294319152832
    vertex 80.14869689941405 117.30204010009764 55.36193084716797
  endloop
endfacet
facet normal 1.0 -6.3400797647387835e-31 -9.734563617514719e-31
  outer loop
    vertex 80.14869689941405 145.47563171386716 -0.00017089843458961693
    vertex 80.14869689941405 125.48833465576172 50.49573135375976
    vertex 80.14869689941405 125.48833465576172 -0.00017089843458961693
  endloop
endfacet
facet normal 1.0 -6.3400797647387835e-31 -9.734563617514719e-31
  outer loop
    vertex 80.14869689941405 125.48833465576172 50.49573135375976
    vertex 80.14869689941405 145.47563171386716 -0.00017089843458961693
    vertex 80.14869689941405 125.48833465576172 53.90673065185546
  endloop
endfacet
facet normal 1.0 -6.3400797647387835e-31 -9.734563617514719e-31
  outer loop
    vertex 80.14869689941405 125.48833465576172 53.90673065185546
    vertex 80.14869689941405 145.47563171386716 -0.00017089843458961693
    vertex 80.14869689941405 125.48833465576172 60.171131134033196
  endloop
endfacet
facet normal 1.0 -6.3400797647387835e-31 -9.734563617514719e-31
  outer loop
    vertex 80.14869689941405 125.48833465576172 60.171131134033196
    vertex 80.14869689941405 145.47563171386716 -0.00017089843458961693
    vertex 80.14869689941405 126.46154022216795 59.6086311340332
  endloop
endfacet
facet normal 1.0 -6.3400797647387835e-31 -9.734563617514719e-31
  outer loop
    vertex 80.14869689941405 126.46154022216795 59.6086311340332
    vertex 80.14869689941405 145.47563171386716 -0.00017089843458961693
    vertex 80.14869689941405 128.80683898925778 58.02783203125
  endloop
endfacet
facet normal 1.0 -6.3400797647387835e-31 -9.734563617514719e-31
  outer loop
    vertex 80.14869689941405 128.80683898925778 58.02783203125
    vertex 80.14869689941405 145.47563171386716 -0.00017089843458961693
    vertex 80.14869689941405 131.03244018554688 56.2884292602539
  endloop
endfacet
facet normal 1.0 -6.3400797647387835e-31 -9.734563617514719e-31
  outer loop
    vertex 80.14869689941405 131.03244018554688 56.2884292602539
    vertex 80.14869689941405 145.47563171386716 -0.00017089843458961693
    vertex 80.14869689941405 133.1333312988281 54.397132873535156
  endloop
endfacet
facet normal 1.0 -6.3400797647387835e-31 -9.734563617514719e-31
  outer loop
    vertex 80.14869689941405 133.1333312988281 54.397132873535156
    vertex 80.14869689941405 145.47563171386716 -0.00017089843458961693
    vertex 80.14869689941405 135.09764099121094 52.362430572509766
  endloop
endfacet
facet normal 1.0 -6.3400797647387835e-31 -9.734563617514719e-31
  outer loop
    vertex 80.14869689941405 135.09764099121094 52.362430572509766
    vertex 80.14869689941405 145.47563171386716 -0.00017089843458961693
    vertex 80.14869689941405 136.91424560546875 50.197029113769524
  endloop
endfacet
facet normal 1.0 -6.3400797647387835e-31 -9.734563617514719e-31
  outer loop
    vertex 80.14869689941405 136.91424560546875 50.197029113769524
    vertex 80.14869689941405 145.47563171386716 -0.00017089843458961693
    vertex 80.14869689941405 138.57733154296875 47.91033172607421
  endloop
endfacet
facet normal 1.0 -6.3400797647387835e-31 -9.734563617514719e-31
  outer loop
    vertex 80.14869689941405 138.57733154296875 47.91033172607421
    vertex 80.14869689941405 145.47563171386716 -0.00017089843458961693
    vertex 80.14869689941405 140.07493591308594 45.51253128051757
  endloop
endfacet
facet normal 1.0 -6.3400797647387835e-31 -9.734563617514719e-31
  outer loop
    vertex 80.14869689941405 140.07493591308594 45.51253128051757
    vertex 80.14869689941405 145.47563171386716 -0.00017089843458961693
    vertex 80.14869689941405 141.40113830566406 43.01792907714844
  endloop
endfacet
facet normal 1.0 -6.3400797647387835e-31 -9.734563617514719e-31
  outer loop
    vertex 80.14869689941405 141.40113830566406 43.01792907714844
    vertex 80.14869689941405 145.47563171386716 -0.00017089843458961693
    vertex 80.14869689941405 142.55084228515625 40.434219360351555
  endloop
endfacet
facet normal 1.0 -6.3400797647387835e-31 -9.734563617514719e-31
  outer loop
    vertex 80.14869689941405 142.55084228515625 40.434219360351555
    vertex 80.14869689941405 145.47563171386716 -0.00017089843458961693
    vertex 80.14869689941405 143.5181427001953 37.7784194946289
  endloop
endfacet
facet normal 1.0 -6.3400797647387835e-31 -9.734563617514719e-31
  outer loop
    vertex 80.14869689941405 143.5181427001953 37.7784194946289
    vertex 80.14869689941405 145.47563171386716 -0.00017089843458961693
    vertex 80.14869689941405 144.2970428466797 35.061519622802734
  endloop
endfacet
facet normal 1.0 -6.3400797647387835e-31 -9.734563617514719e-31
  outer loop
    vertex 80.14869689941405 144.2970428466797 35.061519622802734
    vertex 80.14869689941405 145.47563171386716 -0.00017089843458961693
    vertex 80.14869689941405 144.88423156738278 32.29626083374023
  endloop
endfacet
facet normal 1.0 -6.3400797647387835e-31 -9.734563617514719e-31
  outer loop
    vertex 80.14869689941405 144.88423156738278 32.29626083374023
    vertex 80.14869689941405 145.47563171386716 -0.00017089843458961693
    vertex 80.14869689941405 145.2779388427734 29.497060775756836
  endloop
endfacet
facet normal 1.0 -6.3400797647387835e-31 -9.734563617514719e-31
  outer loop
    vertex 80.14869689941405 145.2779388427734 29.497060775756836
    vertex 80.14869689941405 145.47563171386716 -0.00017089843458961693
    vertex 80.14869689941405 145.47563171386716 26.675790786743164
  endloop
endfacet
facet normal 1.0 -6.3400797647387835e-31 -9.734563617514719e-31
  outer loop
    vertex 80.14869689941405 85.08533477783203 50.9658317565918
    vertex 80.14869689941405 84.51253509521484 53.89063262939453
    vertex 80.14869689941405 84.51253509521484 50.48983001708984
  endloop
endfacet
facet normal 1.0 -6.3400797647387835e-31 -9.734563617514719e-31
  outer loop
    vertex 80.14869689941405 84.51253509521484 53.89063262939453
    vertex 80.14869689941405 85.08533477783203 50.9658317565918
    vertex 80.14869689941405 86.06273651123047 54.956329345703125
  endloop
endfacet
facet normal 1.0 -6.3400797647387835e-31 -9.734563617514719e-31
  outer loop
    vertex 80.14869689941405 86.06273651123047 54.956329345703125
    vertex 80.14869689941405 85.08533477783203 50.9658317565918
    vertex 80.14869689941405 86.9265365600586 52.29373168945312
  endloop
endfacet
facet normal 1.0 -6.3400797647387835e-31 -9.734563617514719e-31
  outer loop
    vertex 80.14869689941405 86.06273651123047 54.956329345703125
    vertex 80.14869689941405 86.9265365600586 52.29373168945312
    vertex 80.14869689941405 88.17984008789062 56.205329895019524
  endloop
endfacet
facet normal 1.0 -6.3400797647387835e-31 -9.734563617514719e-31
  outer loop
    vertex 80.14869689941405 88.17984008789062 56.205329895019524
    vertex 80.14869689941405 86.9265365600586 52.29373168945312
    vertex 80.14869689941405 88.85604095458984 53.48923110961914
  endloop
endfacet
facet normal 1.0 -6.3400797647387835e-31 -9.734563617514719e-31
  outer loop
    vertex 80.14869689941405 88.17984008789062 56.205329895019524
    vertex 80.14869689941405 88.85604095458984 53.48923110961914
    vertex 80.14869689941405 90.37743377685545 57.30323028564453
  endloop
endfacet
facet normal 1.0 -6.3400797647387835e-31 -9.734563617514719e-31
  outer loop
    vertex 80.14869689941405 90.37743377685545 57.30323028564453
    vertex 80.14869689941405 88.85604095458984 53.48923110961914
    vertex 80.14869689941405 90.86444091796874 54.54483032226562
  endloop
endfacet
facet normal 1.0 -6.3400797647387835e-31 -9.734563617514719e-31
  outer loop
    vertex 80.14869689941405 90.37743377685545 57.30323028564453
    vertex 80.14869689941405 90.86444091796874 54.54483032226562
    vertex 80.14869689941405 92.64804077148436 58.24423217773437
  endloop
endfacet
facet normal 1.0 -6.3400797647387835e-31 -9.734563617514719e-31
  outer loop
    vertex 80.14869689941405 92.64804077148436 58.24423217773437
    vertex 80.14869689941405 90.86444091796874 54.54483032226562
    vertex 80.14869689941405 92.94073486328125 55.46113204956054
  endloop
endfacet
facet normal 1.0 -6.3400797647387835e-31 -9.734563617514719e-31
  outer loop
    vertex 80.14869689941405 92.64804077148436 58.24423217773437
    vertex 80.14869689941405 92.94073486328125 55.46113204956054
    vertex 80.14869689941405 94.9796371459961 59.02482986450195
  endloop
endfacet
facet normal 1.0 -6.3400797647387835e-31 -9.734563617514719e-31
  outer loop
    vertex 80.14869689941405 94.9796371459961 59.02482986450195
    vertex 80.14869689941405 92.94073486328125 55.46113204956054
    vertex 80.14869689941405 95.07809448242186 56.22732925415039
  endloop
endfacet
facet normal 1.0 -6.3400797647387835e-31 -9.734563617514719e-31
  outer loop
    vertex 80.14869689941405 94.9796371459961 59.02482986450195
    vertex 80.14869689941405 95.07809448242186 56.22732925415039
    vertex 80.14869689941405 97.35885620117186 59.64252853393555
  endloop
endfacet
facet normal 1.0 -6.3400797647387835e-31 -9.734563617514719e-31
  outer loop
    vertex 80.14869689941405 97.35885620117186 59.64252853393555
    vertex 80.14869689941405 95.07809448242186 56.22732925415039
    vertex 80.14869689941405 97.26213073730467 56.84503173828124
  endloop
endfacet
facet normal 1.0 -6.3400797647387835e-31 -9.734563617514719e-31
  outer loop
    vertex 80.14869689941405 97.35885620117186 59.64252853393555
    vertex 80.14869689941405 97.26213073730467 56.84503173828124
    vertex 80.14869689941405 99.48435974121092 57.30752944946289
  endloop
endfacet
facet normal 1.0 -6.3400797647387835e-31 -9.734563617514719e-31
  outer loop
    vertex 80.14869689941405 97.35885620117186 59.64252853393555
    vertex 80.14869689941405 99.48435974121092 57.30752944946289
    vertex 80.14869689941405 99.77708435058592 60.09313201904296
  endloop
endfacet
facet normal 1.0 -6.3400797647387835e-31 -9.734563617514719e-31
  outer loop
    vertex 80.14869689941405 99.77708435058592 60.09313201904296
    vertex 80.14869689941405 99.48435974121092 57.30752944946289
    vertex 80.14869689941405 101.73287963867186 57.614631652832024
  endloop
endfacet
facet normal 1.0 -6.3400797647387835e-31 -9.734563617514719e-31
  outer loop
    vertex 80.14869689941405 99.77708435058592 60.09313201904296
    vertex 80.14869689941405 101.73287963867186 57.614631652832024
    vertex 80.14869689941405 102.2190704345703 60.371429443359375
  endloop
endfacet
facet normal 1.0 -6.3400797647387835e-31 -9.734563617514719e-31
  outer loop
    vertex 80.14869689941405 102.2190704345703 60.371429443359375
    vertex 80.14869689941405 101.73287963867186 57.614631652832024
    vertex 80.14869689941405 103.99752807617188 57.76403045654297
  endloop
endfacet
facet normal 1.0 -6.3400797647387835e-31 -9.734563617514719e-31
  outer loop
    vertex 80.14869689941405 102.2190704345703 60.371429443359375
    vertex 80.14869689941405 103.99752807617188 57.76403045654297
    vertex 80.14869689941405 104.67378234863281 60.480030059814446
  endloop
endfacet
facet normal 1.0 -6.3400797647387835e-31 -9.734563617514719e-31
  outer loop
    vertex 80.14869689941405 104.67378234863281 60.480030059814446
    vertex 80.14869689941405 103.99752807617188 57.76403045654297
    vertex 80.14869689941405 106.26556396484375 57.75382995605469
  endloop
endfacet
facet normal 1.0 -6.3400797647387835e-31 -9.734563617514719e-31
  outer loop
    vertex 80.14869689941405 104.67378234863281 60.480030059814446
    vertex 80.14869689941405 106.26556396484375 57.75382995605469
    vertex 80.14869689941405 107.1318893432617 60.418132781982415
  endloop
endfacet
facet normal 1.0 -6.3400797647387835e-31 -9.734563617514719e-31
  outer loop
    vertex 80.14869689941405 107.1318893432617 60.418132781982415
    vertex 80.14869689941405 106.26556396484375 57.75382995605469
    vertex 80.14869689941405 108.53022003173828 57.585830688476555
  endloop
endfacet
facet normal 1.0 -6.3400797647387835e-31 -9.734563617514719e-31
  outer loop
    vertex 80.14869689941405 107.1318893432617 60.418132781982415
    vertex 80.14869689941405 108.53022003173828 57.585830688476555
    vertex 80.14869689941405 109.57810974121094 60.183929443359375
  endloop
endfacet
facet normal 1.0 -6.3400797647387835e-31 -9.734563617514719e-31
  outer loop
    vertex 80.14869689941405 109.57810974121094 60.183929443359375
    vertex 80.14869689941405 108.53022003173828 57.585830688476555
    vertex 80.14869689941405 110.77704620361327 57.26082992553711
  endloop
endfacet
facet normal 1.0 -6.3400797647387835e-31 -9.734563617514719e-31
  outer loop
    vertex 80.14869689941405 109.57810974121094 60.183929443359375
    vertex 80.14869689941405 110.77704620361327 57.26082992553711
    vertex 80.14869689941405 112.00396728515625 59.77833175659179
  endloop
endfacet
facet normal 1.0 -6.3400797647387835e-31 -9.734563617514719e-31
  outer loop
    vertex 80.14869689941405 112.00396728515625 59.77833175659179
    vertex 80.14869689941405 110.77704620361327 57.26082992553711
    vertex 80.14869689941405 112.99501800537108 56.78053283691406
  endloop
endfacet
facet normal 1.0 -6.3400797647387835e-31 -9.734563617514719e-31
  outer loop
    vertex 80.14869689941405 112.00396728515625 59.77833175659179
    vertex 80.14869689941405 112.99501800537108 56.78053283691406
    vertex 80.14869689941405 114.39334869384766 59.2064323425293
  endloop
endfacet
facet normal 1.0 -6.3400797647387835e-31 -9.734563617514719e-31
  outer loop
    vertex 80.14869689941405 114.39334869384766 59.2064323425293
    vertex 80.14869689941405 112.99501800537108 56.78053283691406
    vertex 80.14869689941405 115.17314147949219 56.14672851562499
  endloop
endfacet
facet normal 1.0 -6.3400797647387835e-31 -9.734563617514719e-31
  outer loop
    vertex 80.14869689941405 114.39334869384766 59.2064323425293
    vertex 80.14869689941405 115.17314147949219 56.14672851562499
    vertex 80.14869689941405 116.73863983154297 58.46823120117187
  endloop
endfacet
facet normal 1.0 -6.3400797647387835e-31 -9.734563617514719e-31
  outer loop
    vertex 80.14869689941405 116.73863983154297 58.46823120117187
    vertex 80.14869689941405 115.17314147949219 56.14672851562499
    vertex 80.14869689941405 117.30204010009764 55.36193084716797
  endloop
endfacet
facet normal 1.0 -6.3400797647387835e-31 -9.734563617514719e-31
  outer loop
    vertex 80.14869689941405 116.73863983154297 58.46823120117187
    vertex 80.14869689941405 117.30204010009764 55.36193084716797
    vertex 80.14869689941405 119.02533721923827 57.56803131103515
  endloop
endfacet
facet normal 1.0 -6.3400797647387835e-31 -9.734563617514719e-31
  outer loop
    vertex 80.14869689941405 119.02533721923827 57.56803131103515
    vertex 80.14869689941405 117.30204010009764 55.36193084716797
    vertex 80.14869689941405 119.37323760986327 54.4294319152832
  endloop
endfacet
facet normal 1.0 -6.3400797647387835e-31 -9.734563617514719e-31
  outer loop
    vertex 80.14869689941405 119.02533721923827 57.56803131103515
    vertex 80.14869689941405 119.37323760986327 54.4294319152832
    vertex 80.14869689941405 121.24583435058592 56.509929656982415
  endloop
endfacet
facet normal 1.0 -6.3400797647387835e-31 -9.734563617514719e-31
  outer loop
    vertex 80.14869689941405 121.24583435058592 56.509929656982415
    vertex 80.14869689941405 119.37323760986327 54.4294319152832
    vertex 80.14869689941405 121.3705368041992 53.357730865478516
  endloop
endfacet
facet normal 1.0 -6.3400797647387835e-31 -9.734563617514719e-31
  outer loop
    vertex 80.14869689941405 121.24583435058592 56.509929656982415
    vertex 80.14869689941405 121.3705368041992 53.357730865478516
    vertex 80.14869689941405 123.3849411010742 55.301631927490234
  endloop
endfacet
facet normal 1.0 -6.3400797647387835e-31 -9.734563617514719e-31
  outer loop
    vertex 80.14869689941405 123.3849411010742 55.301631927490234
    vertex 80.14869689941405 121.3705368041992 53.357730865478516
    vertex 80.14869689941405 123.2924346923828 52.14693069458007
  endloop
endfacet
facet normal 1.0 -6.3400797647387835e-31 -9.734563617514719e-31
  outer loop
    vertex 80.14869689941405 123.3849411010742 55.301631927490234
    vertex 80.14869689941405 123.2924346923828 52.14693069458007
    vertex 80.14869689941405 125.1226348876953 50.80463027954101
  endloop
endfacet
facet normal 1.0 -6.3400797647387835e-31 -9.734563617514719e-31
  outer loop
    vertex 80.14869689941405 123.3849411010742 55.301631927490234
    vertex 80.14869689941405 125.1226348876953 50.80463027954101
    vertex 80.14869689941405 125.43573760986327 53.94742965698242
  endloop
endfacet
facet normal 1.0 -6.3400797647387835e-31 -9.734563617514719e-31
  outer loop
    vertex 80.14869689941405 125.43573760986327 53.94742965698242
    vertex 80.14869689941405 125.1226348876953 50.80463027954101
    vertex 80.14869689941405 125.48833465576172 50.49573135375976
  endloop
endfacet
facet normal 1.0 -6.3400797647387835e-31 -9.734563617514719e-31
  outer loop
    vertex 80.14869689941405 125.43573760986327 53.94742965698242
    vertex 80.14869689941405 125.48833465576172 50.49573135375976
    vertex 80.14869689941405 125.48833465576172 53.90673065185546
  endloop
endfacet
facet normal 1.0 -6.3400797647387835e-31 -9.734563617514719e-31
  outer loop
    vertex 80.14869689941405 84.51253509521484 -0.00017089843458961693
    vertex 80.14869689941405 64.52533721923828 26.675790786743164
    vertex 80.14869689941405 64.52533721923828 -0.00017089843458961693
  endloop
endfacet
facet normal 1.0 -6.3400797647387835e-31 -9.734563617514719e-31
  outer loop
    vertex 80.14869689941405 64.52533721923828 26.675790786743164
    vertex 80.14869689941405 84.51253509521484 -0.00017089843458961693
    vertex 80.14869689941405 64.72303771972656 29.497060775756836
  endloop
endfacet
facet normal 1.0 -6.3400797647387835e-31 -9.734563617514719e-31
  outer loop
    vertex 80.14869689941405 64.72303771972656 29.497060775756836
    vertex 80.14869689941405 84.51253509521484 -0.00017089843458961693
    vertex 80.14869689941405 65.11673736572266 32.29626083374023
  endloop
endfacet
facet normal 1.0 -6.3400797647387835e-31 -9.734563617514719e-31
  outer loop
    vertex 80.14869689941405 65.11673736572266 32.29626083374023
    vertex 80.14869689941405 84.51253509521484 -0.00017089843458961693
    vertex 80.14869689941405 65.70384216308594 35.061519622802734
  endloop
endfacet
facet normal 1.0 -6.3400797647387835e-31 -9.734563617514719e-31
  outer loop
    vertex 80.14869689941405 65.70384216308594 35.061519622802734
    vertex 80.14869689941405 84.51253509521484 -0.00017089843458961693
    vertex 80.14869689941405 66.48283386230469 37.7784194946289
  endloop
endfacet
facet normal 1.0 -6.3400797647387835e-31 -9.734563617514719e-31
  outer loop
    vertex 80.14869689941405 66.48283386230469 37.7784194946289
    vertex 80.14869689941405 84.51253509521484 -0.00017089843458961693
    vertex 80.14869689941405 67.44923400878906 40.434219360351555
  endloop
endfacet
facet normal 1.0 -6.3400797647387835e-31 -9.734563617514719e-31
  outer loop
    vertex 80.14869689941405 67.44923400878906 40.434219360351555
    vertex 80.14869689941405 84.51253509521484 -0.00017089843458961693
    vertex 80.14869689941405 68.59983825683592 43.01792907714844
  endloop
endfacet
facet normal 1.0 -6.3400797647387835e-31 -9.734563617514719e-31
  outer loop
    vertex 80.14869689941405 68.59983825683592 43.01792907714844
    vertex 80.14869689941405 84.51253509521484 -0.00017089843458961693
    vertex 80.14869689941405 69.92604064941406 45.51253128051757
  endloop
endfacet
facet normal 1.0 -6.3400797647387835e-31 -9.734563617514719e-31
  outer loop
    vertex 80.14869689941405 69.92604064941406 45.51253128051757
    vertex 80.14869689941405 84.51253509521484 -0.00017089843458961693
    vertex 80.14869689941405 71.42363739013672 47.91033172607421
  endloop
endfacet
facet normal 1.0 -6.3400797647387835e-31 -9.734563617514719e-31
  outer loop
    vertex 80.14869689941405 71.42363739013672 47.91033172607421
    vertex 80.14869689941405 84.51253509521484 -0.00017089843458961693
    vertex 80.14869689941405 73.08663940429688 50.197029113769524
  endloop
endfacet
facet normal 1.0 -6.3400797647387835e-31 -9.734563617514719e-31
  outer loop
    vertex 80.14869689941405 73.08663940429688 50.197029113769524
    vertex 80.14869689941405 84.51253509521484 -0.00017089843458961693
    vertex 80.14869689941405 74.90333557128905 52.362430572509766
  endloop
endfacet
facet normal 1.0 -6.3400797647387835e-31 -9.734563617514719e-31
  outer loop
    vertex 80.14869689941405 74.90333557128905 52.362430572509766
    vertex 80.14869689941405 84.51253509521484 -0.00017089843458961693
    vertex 80.14869689941405 76.86673736572266 54.397132873535156
  endloop
endfacet
facet normal 1.0 -6.3400797647387835e-31 -9.734563617514719e-31
  outer loop
    vertex 80.14869689941405 76.86673736572266 54.397132873535156
    vertex 80.14869689941405 84.51253509521484 -0.00017089843458961693
    vertex 80.14869689941405 78.9684371948242 56.2884292602539
  endloop
endfacet
facet normal 1.0 -6.3400797647387835e-31 -9.734563617514719e-31
  outer loop
    vertex 80.14869689941405 78.9684371948242 56.2884292602539
    vertex 80.14869689941405 84.51253509521484 -0.00017089843458961693
    vertex 80.14869689941405 81.19403839111328 58.02783203125
  endloop
endfacet
facet normal 1.0 -6.3400797647387835e-31 -9.734563617514719e-31
  outer loop
    vertex 80.14869689941405 81.19403839111328 58.02783203125
    vertex 80.14869689941405 84.51253509521484 -0.00017089843458961693
    vertex 80.14869689941405 83.53933715820312 59.6086311340332
  endloop
endfacet
facet normal 1.0 -6.3400797647387835e-31 -9.734563617514719e-31
  outer loop
    vertex 80.14869689941405 83.53933715820312 59.6086311340332
    vertex 80.14869689941405 84.51253509521484 -0.00017089843458961693
    vertex 80.14869689941405 84.51253509521484 60.171131134033196
  endloop
endfacet
facet normal 1.0 -6.3400797647387835e-31 -9.734563617514719e-31
  outer loop
    vertex 80.14869689941405 84.51253509521484 60.171131134033196
    vertex 80.14869689941405 84.51253509521484 -0.00017089843458961693
    vertex 80.14869689941405 84.51253509521484 50.48983001708984
  endloop
endfacet
facet normal 1.0 -6.3400797647387835e-31 -9.734563617514719e-31
  outer loop
    vertex 80.14869689941405 84.51253509521484 60.171131134033196
    vertex 80.14869689941405 84.51253509521484 50.48983001708984
    vertex 80.14869689941405 84.51253509521484 53.89063262939453
  endloop
endfacet
facet normal 7.508235092005319e-20 -0.6945721146623898 -0.7194230866002399
  outer loop
    vertex 75.14929962158202 126.85443878173827 49.33922958374023
    vertex 45.14980316162109 126.85443878173827 49.33922958374023
    vertex 60.149497985839844 126.95283508300781 49.244232177734375
  endloop
endfacet
facet normal 1.1338317599845816e-20 0.967702926584477 -0.2520933277178084
  outer loop
    vertex 60.149497985839844 73.75103759765624 34.2342300415039
    vertex 75.14929962158202 73.7205352783203 34.11714172363281
    vertex 45.14980316162109 73.7205352783203 34.11714172363281
  endloop
endfacet
facet normal -1.2152667054646347e-20 0.96930653696763 -0.2458553180059778
  outer loop
    vertex 75.14929962158202 73.78073883056639 34.3513298034668
    vertex 60.149497985839844 73.75103759765624 34.2342300415039
    vertex 45.14980316162109 73.78073883056639 34.3513298034668
  endloop
endfacet
facet normal 0.0 0.0 -1.0
  outer loop
    vertex 45.14980316162109 84.51253509521484 -0.00017089843458961693
    vertex 40.1504020690918 70.93144226074217 -0.00017089843458961693
    vertex 40.1504020690918 84.51253509521484 -0.00017089843458961693
  endloop
endfacet
facet normal 0.0 0.0 -1.0
  outer loop
    vertex 40.1504020690918 70.93144226074217 -0.00017089843458961693
    vertex 45.14980316162109 84.51253509521484 -0.00017089843458961693
    vertex 45.14980316162109 73.7205352783203 -0.00017089843458961693
  endloop
endfacet
facet normal 0.0 0.0 -1.0
  outer loop
    vertex 40.1504020690918 70.93144226074217 -0.00017089843458961693
    vertex 45.14980316162109 73.7205352783203 -0.00017089843458961693
    vertex 75.14929962158202 70.93144226074217 -0.00017089843458961693
  endloop
endfacet
facet normal 0.0 0.0 -1.0
  outer loop
    vertex 75.14929962158202 70.93144226074217 -0.00017089843458961693
    vertex 45.14980316162109 73.7205352783203 -0.00017089843458961693
    vertex 75.14929962158202 73.7205352783203 -0.00017089843458961693
  endloop
endfacet
facet normal 0.0 0.0 -1.0
  outer loop
    vertex 40.1504020690918 139.0915374755859 -0.00017089843458961693
    vertex 45.14980316162109 136.2923431396484 -0.00017089843458961693
    vertex 40.1504020690918 125.48833465576172 -0.00017089843458961693
  endloop
endfacet
facet normal 0.0 0.0 -1.0
  outer loop
    vertex 45.14980316162109 136.2923431396484 -0.00017089843458961693
    vertex 40.1504020690918 139.0915374755859 -0.00017089843458961693
    vertex 75.14929962158202 139.0915374755859 -0.00017089843458961693
  endloop
endfacet
facet normal 0.0 0.0 -1.0
  outer loop
    vertex 45.14980316162109 136.2923431396484 -0.00017089843458961693
    vertex 75.14929962158202 139.0915374755859 -0.00017089843458961693
    vertex 75.14929962158202 136.2923431396484 -0.00017089843458961693
  endloop
endfacet
facet normal 0.0 0.0 -1.0
  outer loop
    vertex 75.14929962158202 148.7974395751953 -0.00017089843458961693
    vertex 80.14869689941405 145.47563171386716 -0.00017089843458961693
    vertex 75.14929962158202 139.0915374755859 -0.00017089843458961693
  endloop
endfacet
facet normal 0.0 0.0 -1.0
  outer loop
    vertex 80.14869689941405 145.47563171386716 -0.00017089843458961693
    vertex 75.14929962158202 148.7974395751953 -0.00017089843458961693
    vertex 172.35009765625 148.7974395751953 -0.00017089843458961693
  endloop
endfacet
facet normal 0.0 0.0 -1.0
  outer loop
    vertex 75.14929962158202 139.0915374755859 -0.00017089843458961693
    vertex 80.14869689941405 145.47563171386716 -0.00017089843458961693
    vertex 75.14929962158202 136.2923431396484 -0.00017089843458961693
  endloop
endfacet
facet normal 0.0 0.0 -1.0
  outer loop
    vertex 75.14929962158202 136.2923431396484 -0.00017089843458961693
    vertex 80.14869689941405 145.47563171386716 -0.00017089843458961693
    vertex 75.14929962158202 125.48833465576172 -0.00017089843458961693
  endloop
endfacet
facet normal 0.0 0.0 -1.0
  outer loop
    vertex 80.14869689941405 145.47563171386716 -0.00017089843458961693
    vertex 172.35009765625 148.7974395751953 -0.00017089843458961693
    vertex 167.35069274902344 145.47563171386716 -0.00017089843458961693
  endloop
endfacet
facet normal 0.0 0.0 -1.0
  outer loop
    vertex 167.35069274902344 145.47563171386716 -0.00017089843458961693
    vertex 172.35009765625 148.7974395751953 -0.00017089843458961693
    vertex 167.35069274902344 134.98223876953125 -0.00017089843458961693
  endloop
endfacet
facet normal 0.0 0.0 -1.0
  outer loop
    vertex 167.35069274902344 134.98223876953125 -0.00017089843458961693
    vertex 172.35009765625 148.7974395751953 -0.00017089843458961693
    vertex 172.35009765625 139.98153686523438 -0.00017089843458961693
  endloop
endfacet
facet normal 0.0 0.0 -1.0
  outer loop
    vertex 167.35069274902344 134.98223876953125 -0.00017089843458961693
    vertex 172.35009765625 139.98153686523438 -0.00017089843458961693
    vertex 202.35049438476562 134.98223876953125 -0.00017089843458961693
  endloop
endfacet
facet normal 0.0 0.0 -1.0
  outer loop
    vertex 202.35049438476562 134.98223876953125 -0.00017089843458961693
    vertex 172.35009765625 139.98153686523438 -0.00017089843458961693
    vertex 209.85040283203125 139.98153686523438 -0.00017089843458961693
  endloop
endfacet
facet normal 0.0 0.0 -1.0
  outer loop
    vertex 202.35049438476562 134.98223876953125 -0.00017089843458961693
    vertex 209.85040283203125 139.98153686523438 -0.00017089843458961693
    vertex 202.35049438476562 75.01783752441406 -0.00017089843458961693
  endloop
endfacet
facet normal 0.0 0.0 -1.0
  outer loop
    vertex 167.35069274902344 75.01783752441406 -0.00017089843458961693
    vertex 172.35009765625 70.01853942871094 -0.00017089843458961693
    vertex 167.35069274902344 64.52533721923828 -0.00017089843458961693
  endloop
endfacet
facet normal 0.0 0.0 -1.0
  outer loop
    vertex 172.35009765625 70.01853942871094 -0.00017089843458961693
    vertex 167.35069274902344 75.01783752441406 -0.00017089843458961693
    vertex 202.35049438476562 75.01783752441406 -0.00017089843458961693
  endloop
endfacet
facet normal 0.0 0.0 -1.0
  outer loop
    vertex 167.35069274902344 64.52533721923828 -0.00017089843458961693
    vertex 172.35009765625 70.01853942871094 -0.00017089843458961693
    vertex 172.3415985107422 61.202537536621094 -0.00017089843458961693
  endloop
endfacet
facet normal 0.0 0.0 -1.0
  outer loop
    vertex 172.35009765625 70.01853942871094 -0.00017089843458961693
    vertex 202.35049438476562 75.01783752441406 -0.00017089843458961693
    vertex 209.85040283203125 70.01853942871094 -0.00017089843458961693
  endloop
endfacet
facet normal 0.0 0.0 -1.0
  outer loop
    vertex 209.85040283203125 70.01853942871094 -0.00017089843458961693
    vertex 202.35049438476562 75.01783752441406 -0.00017089843458961693
    vertex 209.85040283203125 139.98153686523438 -0.00017089843458961693
  endloop
endfacet
facet normal 0.0 0.0 -1.0
  outer loop
    vertex 80.14869689941405 84.51253509521484 -0.00017089843458961693
    vertex 75.14929962158202 73.7205352783203 -0.00017089843458961693
    vertex 75.14929962158202 84.51253509521484 -0.00017089843458961693
  endloop
endfacet
facet normal 0.0 0.0 -1.0
  outer loop
    vertex 75.14929962158202 73.7205352783203 -0.00017089843458961693
    vertex 80.14869689941405 84.51253509521484 -0.00017089843458961693
    vertex 75.14929962158202 70.93144226074217 -0.00017089843458961693
  endloop
endfacet
facet normal 0.0 0.0 -1.0
  outer loop
    vertex 75.14929962158202 70.93144226074217 -0.00017089843458961693
    vertex 80.14869689941405 84.51253509521484 -0.00017089843458961693
    vertex 75.14929962158202 61.202537536621094 -0.00017089843458961693
  endloop
endfacet
facet normal 0.0 0.0 -1.0
  outer loop
    vertex 75.14929962158202 61.202537536621094 -0.00017089843458961693
    vertex 80.14869689941405 84.51253509521484 -0.00017089843458961693
    vertex 80.14869689941405 64.52533721923828 -0.00017089843458961693
  endloop
endfacet
facet normal 0.0 0.0 -1.0
  outer loop
    vertex 75.14929962158202 61.202537536621094 -0.00017089843458961693
    vertex 80.14869689941405 64.52533721923828 -0.00017089843458961693
    vertex 172.3415985107422 61.202537536621094 -0.00017089843458961693
  endloop
endfacet
facet normal 0.0 0.0 -1.0
  outer loop
    vertex 172.3415985107422 61.202537536621094 -0.00017089843458961693
    vertex 80.14869689941405 64.52533721923828 -0.00017089843458961693
    vertex 167.35069274902344 64.52533721923828 -0.00017089843458961693
  endloop
endfacet
facet normal 0.0 0.0 -1.0
  outer loop
    vertex 80.14869689941405 125.48833465576172 -0.00017089843458961693
    vertex 75.14929962158202 125.48833465576172 -0.00017089843458961693
    vertex 80.14869689941405 145.47563171386716 -0.00017089843458961693
  endloop
endfacet
facet normal 0.0 0.0 -1.0
  outer loop
    vertex 45.14980316162109 125.48833465576172 -0.00017089843458961693
    vertex 40.1504020690918 125.48833465576172 -0.00017089843458961693
    vertex 45.14980316162109 136.2923431396484 -0.00017089843458961693
  endloop
endfacet
facet normal -0.9999999999990135 -1.339955575773652e-06 -4.2182874773035074e-07
  outer loop
    vertex 40.1504020690918 84.03573608398436 53.5639305114746
    vertex 40.1504020690918 84.56263732910156 26.691921234130856
    vertex 40.1504020690918 84.51253509521484 25.26304054260254
  endloop
endfacet
facet normal -0.9999999999990135 -1.339955575773652e-06 -4.2182874773035074e-07
  outer loop
    vertex 40.1504020690918 84.56263732910156 26.691921234130856
    vertex 40.1504020690918 84.03573608398436 53.5639305114746
    vertex 40.1504020690918 86.06273651123047 54.956329345703125
  endloop
endfacet
facet normal -0.9999999999990135 -1.339955575773652e-06 -4.2182874773035074e-07
  outer loop
    vertex 40.1504020690918 84.56263732910156 26.691921234130856
    vertex 40.1504020690918 86.06273651123047 54.956329345703125
    vertex 40.1504020690918 84.7119369506836 28.1148509979248
  endloop
endfacet
facet normal -0.9999999999990135 -1.339955575773652e-06 -4.2182874773035074e-07
  outer loop
    vertex 40.1504020690918 84.7119369506836 28.1148509979248
    vertex 40.1504020690918 86.06273651123047 54.956329345703125
    vertex 40.1504020690918 84.96054077148436 29.523361206054688
  endloop
endfacet
facet normal -0.9999999999990135 -1.339955575773652e-06 -4.2182874773035074e-07
  outer loop
    vertex 40.1504020690918 84.96054077148436 29.523361206054688
    vertex 40.1504020690918 86.06273651123047 54.956329345703125
    vertex 40.1504020690918 85.30593872070312 30.909811019897457
  endloop
endfacet
facet normal -0.9999999999990135 -1.339955575773652e-06 -4.2182874773035074e-07
  outer loop
    vertex 40.1504020690918 85.30593872070312 30.909811019897457
    vertex 40.1504020690918 86.06273651123047 54.956329345703125
    vertex 40.1504020690918 85.74794006347656 32.26995849609375
  endloop
endfacet
facet normal -0.9999999999990135 -1.339955575773652e-06 -4.2182874773035074e-07
  outer loop
    vertex 40.1504020690918 85.74794006347656 32.26995849609375
    vertex 40.1504020690918 86.06273651123047 54.956329345703125
    vertex 40.1504020690918 86.28424072265625 33.596160888671875
  endloop
endfacet
facet normal -0.9999999999990135 -1.339955575773652e-06 -4.2182874773035074e-07
  outer loop
    vertex 40.1504020690918 86.28424072265625 33.596160888671875
    vertex 40.1504020690918 86.06273651123047 54.956329345703125
    vertex 40.1504020690918 88.17984008789062 56.205329895019524
  endloop
endfacet
facet normal -0.9999999999990135 -1.339955575773652e-06 -4.2182874773035074e-07
  outer loop
    vertex 40.1504020690918 86.28424072265625 33.596160888671875
    vertex 40.1504020690918 88.17984008789062 56.205329895019524
    vertex 40.1504020690918 86.91043853759766 34.88164138793945
  endloop
endfacet
facet normal -0.9999999999990135 -1.339955575773652e-06 -4.2182874773035074e-07
  outer loop
    vertex 40.1504020690918 86.91043853759766 34.88164138793945
    vertex 40.1504020690918 88.17984008789062 56.205329895019524
    vertex 40.1504020690918 87.6265411376953 36.11960220336914
  endloop
endfacet
facet normal -0.9999999999990135 -1.339955575773652e-06 -4.2182874773035074e-07
  outer loop
    vertex 40.1504020690918 87.6265411376953 36.11960220336914
    vertex 40.1504020690918 88.17984008789062 56.205329895019524
    vertex 40.1504020690918 88.42583465576172 37.305809020996094
  endloop
endfacet
facet normal -0.9999999999990135 -1.339955575773652e-06 -4.2182874773035074e-07
  outer loop
    vertex 40.1504020690918 88.42583465576172 37.305809020996094
    vertex 40.1504020690918 88.17984008789062 56.205329895019524
    vertex 40.1504020690918 90.37743377685545 57.30323028564453
  endloop
endfacet
facet normal -0.9999999999990135 -1.339955575773652e-06 -4.2182874773035074e-07
  outer loop
    vertex 40.1504020690918 88.42583465576172 37.305809020996094
    vertex 40.1504020690918 90.37743377685545 57.30323028564453
    vertex 40.1504020690918 89.30574035644531 38.43260955810546
  endloop
endfacet
facet normal -0.9999999999990135 -1.339955575773652e-06 -4.2182874773035074e-07
  outer loop
    vertex 40.1504020690918 89.30574035644531 38.43260955810546
    vertex 40.1504020690918 90.37743377685545 57.30323028564453
    vertex 40.1504020690918 90.2628402709961 39.49578094482422
  endloop
endfacet
facet normal -0.9999999999990135 -1.339955575773652e-06 -4.2182874773035074e-07
  outer loop
    vertex 40.1504020690918 90.2628402709961 39.49578094482422
    vertex 40.1504020690918 90.37743377685545 57.30323028564453
    vertex 40.1504020690918 91.29213714599608 40.488529205322266
  endloop
endfacet
facet normal -0.9999999999990135 -1.339955575773652e-06 -4.2182874773035074e-07
  outer loop
    vertex 40.1504020690918 91.29213714599608 40.488529205322266
    vertex 40.1504020690918 90.37743377685545 57.30323028564453
    vertex 40.1504020690918 92.64804077148436 58.24423217773437
  endloop
endfacet
facet normal -0.9999999999990135 -1.339955575773652e-06 -4.2182874773035074e-07
  outer loop
    vertex 40.1504020690918 91.29213714599608 40.488529205322266
    vertex 40.1504020690918 92.64804077148436 58.24423217773437
    vertex 40.1504020690918 92.38753509521484 41.40745162963867
  endloop
endfacet
facet normal -0.9999999999990135 -1.339955575773652e-06 -4.2182874773035074e-07
  outer loop
    vertex 40.1504020690918 92.38753509521484 41.40745162963867
    vertex 40.1504020690918 92.64804077148436 58.24423217773437
    vertex 40.1504020690918 93.54403686523436 42.24916076660156
  endloop
endfacet
facet normal -0.9999999999990135 -1.339955575773652e-06 -4.2182874773035074e-07
  outer loop
    vertex 40.1504020690918 93.54403686523436 42.24916076660156
    vertex 40.1504020690918 92.64804077148436 58.24423217773437
    vertex 40.1504020690918 94.9796371459961 59.02482986450195
  endloop
endfacet
facet normal -0.9999999999990135 -1.339955575773652e-06 -4.2182874773035074e-07
  outer loop
    vertex 40.1504020690918 93.54403686523436 42.24916076660156
    vertex 40.1504020690918 94.9796371459961 59.02482986450195
    vertex 40.1504020690918 94.75733947753906 43.00603103637695
  endloop
endfacet
facet normal -0.9999999999990135 -1.339955575773652e-06 -4.2182874773035074e-07
  outer loop
    vertex 40.1504020690918 94.75733947753906 43.00603103637695
    vertex 40.1504020690918 94.9796371459961 59.02482986450195
    vertex 40.1504020690918 96.01908111572266 43.67803192138671
  endloop
endfacet
facet normal -0.9999999999990135 -1.339955575773652e-06 -4.2182874773035074e-07
  outer loop
    vertex 40.1504020690918 96.01908111572266 43.67803192138671
    vertex 40.1504020690918 94.9796371459961 59.02482986450195
    vertex 40.1504020690918 97.35885620117186 59.64252853393555
  endloop
endfacet
facet normal -0.9999999999990135 -1.339955575773652e-06 -4.2182874773035074e-07
  outer loop
    vertex 40.1504020690918 96.01908111572266 43.67803192138671
    vertex 40.1504020690918 97.35885620117186 59.64252853393555
    vertex 40.1504020690918 97.3249282836914 44.259231567382805
  endloop
endfacet
facet normal -0.9999999999990135 -1.339955575773652e-06 -4.2182874773035074e-07
  outer loop
    vertex 40.1504020690918 97.3249282836914 44.259231567382805
    vertex 40.1504020690918 97.35885620117186 59.64252853393555
    vertex 40.1504020690918 98.66894531249999 44.74713134765624
  endloop
endfacet
facet normal -0.9999999999990135 -1.339955575773652e-06 -4.2182874773035074e-07
  outer loop
    vertex 40.1504020690918 98.66894531249999 44.74713134765624
    vertex 40.1504020690918 97.35885620117186 59.64252853393555
    vertex 40.1504020690918 99.77708435058592 60.09313201904296
  endloop
endfacet
facet normal -0.9999999999990135 -1.339955575773652e-06 -4.2182874773035074e-07
  outer loop
    vertex 40.1504020690918 98.66894531249999 44.74713134765624
    vertex 40.1504020690918 99.77708435058592 60.09313201904296
    vertex 40.1504020690918 100.04351806640625 45.140830993652344
  endloop
endfacet
facet normal -0.9999999999990135 -1.339955575773652e-06 -4.2182874773035074e-07
  outer loop
    vertex 40.1504020690918 100.04351806640625 45.140830993652344
    vertex 40.1504020690918 99.77708435058592 60.09313201904296
    vertex 40.1504020690918 102.2190704345703 60.371429443359375
  endloop
endfacet
facet normal -0.9999999999990135 -1.339955575773652e-06 -4.2182874773035074e-07
  outer loop
    vertex 40.1504020690918 100.04351806640625 45.140830993652344
    vertex 40.1504020690918 102.2190704345703 60.371429443359375
    vertex 40.1504020690918 101.44184875488281 45.439529418945305
  endloop
endfacet
facet normal -0.9999999999990135 -1.339955575773652e-06 -4.2182874773035074e-07
  outer loop
    vertex 40.1504020690918 101.44184875488281 45.439529418945305
    vertex 40.1504020690918 102.2190704345703 60.371429443359375
    vertex 40.1504020690918 102.8588409423828 45.63722991943359
  endloop
endfacet
facet normal -0.9999999999990135 -1.339955575773652e-06 -4.2182874773035074e-07
  outer loop
    vertex 40.1504020690918 102.8588409423828 45.63722991943359
    vertex 40.1504020690918 102.2190704345703 60.371429443359375
    vertex 40.1504020690918 104.67378234863281 60.480030059814446
  endloop
endfacet
facet normal -0.9999999999990135 -1.339955575773652e-06 -4.2182874773035074e-07
  outer loop
    vertex 40.1504020690918 102.8588409423828 45.63722991943359
    vertex 40.1504020690918 104.67378234863281 60.480030059814446
    vertex 40.1504020690918 104.28601837158202 45.73823165893554
  endloop
endfacet
facet normal -0.9999999999990135 -1.339955575773652e-06 -4.2182874773035074e-07
  outer loop
    vertex 40.1504020690918 104.28601837158202 45.73823165893554
    vertex 40.1504020690918 104.67378234863281 60.480030059814446
    vertex 40.1504020690918 105.71488952636719 45.73823165893554
  endloop
endfacet
facet normal -0.9999999999990135 -1.339955575773652e-06 -4.2182874773035074e-07
  outer loop
    vertex 40.1504020690918 105.71488952636719 45.73823165893554
    vertex 40.1504020690918 104.67378234863281 60.480030059814446
    vertex 40.1504020690918 107.1318893432617 60.418132781982415
  endloop
endfacet
facet normal -0.9999999999990135 -1.339955575773652e-06 -4.2182874773035074e-07
  outer loop
    vertex 40.1504020690918 105.71488952636719 45.73823165893554
    vertex 40.1504020690918 107.1318893432617 60.418132781982415
    vertex 40.1504020690918 107.1420669555664 45.63722991943359
  endloop
endfacet
facet normal -0.9999999999990135 -1.339955575773652e-06 -4.2182874773035074e-07
  outer loop
    vertex 40.1504020690918 107.1420669555664 45.63722991943359
    vertex 40.1504020690918 107.1318893432617 60.418132781982415
    vertex 40.1504020690918 109.57810974121094 60.183929443359375
  endloop
endfacet
facet normal -0.9999999999990135 -1.339955575773652e-06 -4.2182874773035074e-07
  outer loop
    vertex 40.1504020690918 107.1420669555664 45.63722991943359
    vertex 40.1504020690918 109.57810974121094 60.183929443359375
    vertex 40.1504020690918 108.5590591430664 45.439529418945305
  endloop
endfacet
facet normal -0.9999999999990135 -1.339955575773652e-06 -4.2182874773035074e-07
  outer loop
    vertex 40.1504020690918 108.5590591430664 45.439529418945305
    vertex 40.1504020690918 109.57810974121094 60.183929443359375
    vertex 40.1504020690918 109.9573974609375 45.140830993652344
  endloop
endfacet
facet normal -0.9999999999990135 -1.339955575773652e-06 -4.2182874773035074e-07
  outer loop
    vertex 40.1504020690918 109.9573974609375 45.140830993652344
    vertex 40.1504020690918 109.57810974121094 60.183929443359375
    vertex 40.1504020690918 112.00396728515625 59.77833175659179
  endloop
endfacet
facet normal -0.9999999999990135 -1.339955575773652e-06 -4.2182874773035074e-07
  outer loop
    vertex 40.1504020690918 109.9573974609375 45.140830993652344
    vertex 40.1504020690918 112.00396728515625 59.77833175659179
    vertex 40.1504020690918 111.33197021484375 44.74713134765624
  endloop
endfacet
facet normal -0.9999999999990135 -1.339955575773652e-06 -4.2182874773035074e-07
  outer loop
    vertex 40.1504020690918 111.33197021484375 44.74713134765624
    vertex 40.1504020690918 112.00396728515625 59.77833175659179
    vertex 40.1504020690918 112.67598724365234 44.259231567382805
  endloop
endfacet
facet normal -0.9999999999990135 -1.339955575773652e-06 -4.2182874773035074e-07
  outer loop
    vertex 40.1504020690918 112.67598724365234 44.259231567382805
    vertex 40.1504020690918 112.00396728515625 59.77833175659179
    vertex 40.1504020690918 114.39334869384766 59.2064323425293
  endloop
endfacet
facet normal -0.9999999999990135 -1.339955575773652e-06 -4.2182874773035074e-07
  outer loop
    vertex 40.1504020690918 112.67598724365234 44.259231567382805
    vertex 40.1504020690918 114.39334869384766 59.2064323425293
    vertex 40.1504020690918 113.98182678222656 43.67803192138671
  endloop
endfacet
facet normal -0.9999999999990135 -1.339955575773652e-06 -4.2182874773035074e-07
  outer loop
    vertex 40.1504020690918 113.98182678222656 43.67803192138671
    vertex 40.1504020690918 114.39334869384766 59.2064323425293
    vertex 40.1504020690918 115.24353790283202 43.00603103637695
  endloop
endfacet
facet normal -0.9999999999990135 -1.339955575773652e-06 -4.2182874773035074e-07
  outer loop
    vertex 40.1504020690918 115.24353790283202 43.00603103637695
    vertex 40.1504020690918 114.39334869384766 59.2064323425293
    vertex 40.1504020690918 116.73863983154297 58.46823120117187
  endloop
endfacet
facet normal -0.9999999999990135 -1.339955575773652e-06 -4.2182874773035074e-07
  outer loop
    vertex 40.1504020690918 115.24353790283202 43.00603103637695
    vertex 40.1504020690918 116.73863983154297 58.46823120117187
    vertex 40.1504020690918 116.45603942871094 42.24916076660156
  endloop
endfacet
facet normal -0.9999999999990135 -1.339955575773652e-06 -4.2182874773035074e-07
  outer loop
    vertex 40.1504020690918 116.45603942871094 42.24916076660156
    vertex 40.1504020690918 116.73863983154297 58.46823120117187
    vertex 40.1504020690918 117.61254119873045 41.40745162963867
  endloop
endfacet
facet normal -0.9999999999990135 -1.339955575773652e-06 -4.2182874773035074e-07
  outer loop
    vertex 40.1504020690918 117.61254119873045 41.40745162963867
    vertex 40.1504020690918 116.73863983154297 58.46823120117187
    vertex 40.1504020690918 119.02533721923827 57.56803131103515
  endloop
endfacet
facet normal -0.9999999999990135 -1.339955575773652e-06 -4.2182874773035074e-07
  outer loop
    vertex 40.1504020690918 117.61254119873045 41.40745162963867
    vertex 40.1504020690918 119.02533721923827 57.56803131103515
    vertex 40.1504020690918 118.7088394165039 40.488529205322266
  endloop
endfacet
facet normal -0.9999999999990135 -1.339955575773652e-06 -4.2182874773035074e-07
  outer loop
    vertex 40.1504020690918 118.7088394165039 40.488529205322266
    vertex 40.1504020690918 119.02533721923827 57.56803131103515
    vertex 40.1504020690918 119.73803710937499 39.49578094482422
  endloop
endfacet
facet normal -0.9999999999990135 -1.339955575773652e-06 -4.2182874773035074e-07
  outer loop
    vertex 40.1504020690918 119.73803710937499 39.49578094482422
    vertex 40.1504020690918 119.02533721923827 57.56803131103515
    vertex 40.1504020690918 121.24583435058592 56.509929656982415
  endloop
endfacet
facet normal -0.9999999999990135 -1.339955575773652e-06 -4.2182874773035074e-07
  outer loop
    vertex 40.1504020690918 119.73803710937499 39.49578094482422
    vertex 40.1504020690918 121.24583435058592 56.509929656982415
    vertex 40.1504020690918 120.69513702392577 38.43260955810546
  endloop
endfacet
facet normal -0.9999999999990135 -1.339955575773652e-06 -4.2182874773035074e-07
  outer loop
    vertex 40.1504020690918 120.69513702392577 38.43260955810546
    vertex 40.1504020690918 121.24583435058592 56.509929656982415
    vertex 40.1504020690918 121.57503509521483 37.30581283569336
  endloop
endfacet
facet normal -0.9999999999990135 -1.339955575773652e-06 -4.2182874773035074e-07
  outer loop
    vertex 40.1504020690918 121.57503509521483 37.30581283569336
    vertex 40.1504020690918 121.24583435058592 56.509929656982415
    vertex 40.1504020690918 123.3849411010742 55.301631927490234
  endloop
endfacet
facet normal -0.9999999999990135 -1.339955575773652e-06 -4.2182874773035074e-07
  outer loop
    vertex 40.1504020690918 121.57503509521483 37.30581283569336
    vertex 40.1504020690918 123.3849411010742 55.301631927490234
    vertex 40.1504020690918 122.37433624267578 36.11960220336914
  endloop
endfacet
facet normal -0.9999999999990135 -1.339955575773652e-06 -4.2182874773035074e-07
  outer loop
    vertex 40.1504020690918 122.37433624267578 36.11960220336914
    vertex 40.1504020690918 123.3849411010742 55.301631927490234
    vertex 40.1504020690918 123.09043884277344 34.88164138793945
  endloop
endfacet
facet normal -0.9999999999990135 -1.339955575773652e-06 -4.2182874773035074e-07
  outer loop
    vertex 40.1504020690918 123.09043884277344 34.88164138793945
    vertex 40.1504020690918 123.3849411010742 55.301631927490234
    vertex 40.1504020690918 123.71663665771484 33.59616470336914
  endloop
endfacet
facet normal -0.9999999999990135 -1.339955575773652e-06 -4.2182874773035074e-07
  outer loop
    vertex 40.1504020690918 123.71663665771484 33.59616470336914
    vertex 40.1504020690918 123.3849411010742 55.301631927490234
    vertex 40.1504020690918 125.43573760986327 53.94742965698242
  endloop
endfacet
facet normal -0.9999999999990135 -1.339955575773652e-06 -4.2182874773035074e-07
  outer loop
    vertex 40.1504020690918 123.71663665771484 33.59616470336914
    vertex 40.1504020690918 125.43573760986327 53.94742965698242
    vertex 40.1504020690918 124.25293731689452 32.26995849609375
  endloop
endfacet
facet normal -0.9999999999990135 -1.339955575773652e-06 -4.2182874773035074e-07
  outer loop
    vertex 40.1504020690918 124.25293731689452 32.26995849609375
    vertex 40.1504020690918 125.43573760986327 53.94742965698242
    vertex 40.1504020690918 124.69503784179686 30.909811019897457
  endloop
endfacet
facet normal -0.9999999999990135 -1.339955575773652e-06 -4.2182874773035074e-07
  outer loop
    vertex 40.1504020690918 124.69503784179686 30.909811019897457
    vertex 40.1504020690918 125.43573760986327 53.94742965698242
    vertex 40.1504020690918 125.04033660888672 29.523361206054688
  endloop
endfacet
facet normal -0.9999999999990135 -1.339955575773652e-06 -4.2182874773035074e-07
  outer loop
    vertex 40.1504020690918 125.04033660888672 29.523361206054688
    vertex 40.1504020690918 125.43573760986327 53.94742965698242
    vertex 40.1504020690918 125.2889404296875 28.1148509979248
  endloop
endfacet
facet normal -0.9999999999990135 -1.339955575773652e-06 -4.2182874773035074e-07
  outer loop
    vertex 40.1504020690918 125.2889404296875 28.1148509979248
    vertex 40.1504020690918 125.43573760986327 53.94742965698242
    vertex 40.1504020690918 125.43824005126952 26.691921234130856
  endloop
endfacet
facet normal -0.9999999999990135 -1.339955575773652e-06 -4.2182874773035074e-07
  outer loop
    vertex 40.1504020690918 125.43824005126952 26.691921234130856
    vertex 40.1504020690918 125.43573760986327 53.94742965698242
    vertex 40.1504020690918 127.38723754882811 52.45153045654297
  endloop
endfacet
facet normal -0.9999999999990135 -1.339955575773652e-06 -4.2182874773035074e-07
  outer loop
    vertex 40.1504020690918 125.43824005126952 26.691921234130856
    vertex 40.1504020690918 127.38723754882811 52.45153045654297
    vertex 40.1504020690918 125.48833465576172 25.26304054260254
  endloop
endfacet
facet normal -0.9999999999990135 -1.339955575773652e-06 -4.2182874773035074e-07
  outer loop
    vertex 40.1504020690918 125.48833465576172 25.26304054260254
    vertex 40.1504020690918 127.38723754882811 52.45153045654297
    vertex 40.1504020690918 125.48833465576172 -0.00017089843458961693
  endloop
endfacet
facet normal -0.9999999999990135 -1.339955575773652e-06 -4.2182874773035074e-07
  outer loop
    vertex 40.1504020690918 125.48833465576172 -0.00017089843458961693
    vertex 40.1504020690918 127.38723754882811 52.45153045654297
    vertex 40.1504020690918 139.0915374755859 -0.00017089843458961693
  endloop
endfacet
facet normal -0.9999999999990135 -1.339955575773652e-06 -4.2182874773035074e-07
  outer loop
    vertex 40.1504020690918 139.0915374755859 -0.00017089843458961693
    vertex 40.1504020690918 127.38723754882811 52.45153045654297
    vertex 40.14959716796874 129.23023986816406 50.82242965698242
  endloop
endfacet
facet normal -0.9999999999990135 -1.339955575773652e-06 -4.2182874773035074e-07
  outer loop
    vertex 40.1504020690918 139.0915374755859 -0.00017089843458961693
    vertex 40.14959716796874 129.23023986816406 50.82242965698242
    vertex 40.1504020690918 130.9535369873047 49.07112884521484
  endloop
endfacet
facet normal -0.9999999999990135 -1.339955575773652e-06 -4.2182874773035074e-07
  outer loop
    vertex 40.1504020690918 139.0915374755859 -0.00017089843458961693
    vertex 40.1504020690918 130.9535369873047 49.07112884521484
    vertex 40.1504020690918 132.5504455566406 47.20183181762695
  endloop
endfacet
facet normal -0.9999999999990135 -1.339955575773652e-06 -4.2182874773035074e-07
  outer loop
    vertex 40.1504020690918 139.0915374755859 -0.00017089843458961693
    vertex 40.1504020690918 132.5504455566406 47.20183181762695
    vertex 40.1504020690918 134.0140380859375 45.225730895996094
  endloop
endfacet
facet normal -0.9999999999990135 -1.339955575773652e-06 -4.2182874773035074e-07
  outer loop
    vertex 40.1504020690918 139.0915374755859 -0.00017089843458961693
    vertex 40.1504020690918 134.0140380859375 45.225730895996094
    vertex 40.1504020690918 135.33602905273438 43.15533065795898
  endloop
endfacet
facet normal -0.9999999999990135 -1.339955575773652e-06 -4.2182874773035074e-07
  outer loop
    vertex 40.1504020690918 139.0915374755859 -0.00017089843458961693
    vertex 40.1504020690918 135.33602905273438 43.15533065795898
    vertex 40.14959716796874 136.51034545898438 40.99338150024413
  endloop
endfacet
facet normal -0.9999999999990135 -1.339955575773652e-06 -4.2182874773035074e-07
  outer loop
    vertex 40.1504020690918 139.0915374755859 -0.00017089843458961693
    vertex 40.14959716796874 136.51034545898438 40.99338150024413
    vertex 40.1504020690918 137.53193664550778 38.75674057006835
  endloop
endfacet
facet normal -0.9999999999990135 -1.339955575773652e-06 -4.2182874773035074e-07
  outer loop
    vertex 40.1504020690918 139.0915374755859 -0.00017089843458961693
    vertex 40.1504020690918 137.53193664550778 38.75674057006835
    vertex 40.1504020690918 138.39314270019528 36.456462860107415
  endloop
endfacet
facet normal -0.9999999999990135 -1.339955575773652e-06 -4.2182874773035074e-07
  outer loop
    vertex 40.1504020690918 139.0915374755859 -0.00017089843458961693
    vertex 40.1504020690918 138.39314270019528 36.456462860107415
    vertex 40.1504020690918 139.0915374755859 34.098472595214844
  endloop
endfacet
facet normal -0.9999999999990135 -1.339955575773652e-06 -4.2182874773035074e-07
  outer loop
    vertex 40.1504020690918 71.40573883056639 35.83449935913086
    vertex 40.1504020690918 70.93144226074217 -0.00017089843458961693
    vertex 40.1504020690918 70.93144226074217 34.11714172363281
  endloop
endfacet
facet normal -0.9999999999990135 -1.339955575773652e-06 -4.2182874773035074e-07
  outer loop
    vertex 40.1504020690918 70.93144226074217 -0.00017089843458961693
    vertex 40.1504020690918 71.40573883056639 35.83449935913086
    vertex 40.1504020690918 84.51253509521484 -0.00017089843458961693
  endloop
endfacet
facet normal -0.9999999999990135 -1.339955575773652e-06 -4.2182874773035074e-07
  outer loop
    vertex 40.1504020690918 84.51253509521484 -0.00017089843458961693
    vertex 40.1504020690918 71.40573883056639 35.83449935913086
    vertex 40.1504020690918 72.22463989257812 38.15346145629882
  endloop
endfacet
facet normal -0.9999999999990135 -1.339955575773652e-06 -4.2182874773035074e-07
  outer loop
    vertex 40.1504020690918 84.51253509521484 -0.00017089843458961693
    vertex 40.1504020690918 72.22463989257812 38.15346145629882
    vertex 40.1504020690918 73.2037353515625 40.40792083740234
  endloop
endfacet
facet normal -0.9999999999990135 -1.339955575773652e-06 -4.2182874773035074e-07
  outer loop
    vertex 40.1504020690918 84.51253509521484 -0.00017089843458961693
    vertex 40.1504020690918 73.2037353515625 40.40792083740234
    vertex 40.1504020690918 74.33824157714842 42.59025955200195
  endloop
endfacet
facet normal -0.9999999999990135 -1.339955575773652e-06 -4.2182874773035074e-07
  outer loop
    vertex 40.1504020690918 84.51253509521484 -0.00017089843458961693
    vertex 40.1504020690918 74.33824157714842 42.59025955200195
    vertex 40.1504020690918 75.62193298339842 44.685230255126946
  endloop
endfacet
facet normal -0.9999999999990135 -1.339955575773652e-06 -4.2182874773035074e-07
  outer loop
    vertex 40.1504020690918 84.51253509521484 -0.00017089843458961693
    vertex 40.1504020690918 75.62193298339842 44.685230255126946
    vertex 40.1504020690918 77.04833984375 46.68682861328125
  endloop
endfacet
facet normal -0.9999999999990135 -1.339955575773652e-06 -4.2182874773035074e-07
  outer loop
    vertex 40.1504020690918 84.51253509521484 -0.00017089843458961693
    vertex 40.1504020690918 77.04833984375 46.68682861328125
    vertex 40.1504020690918 78.61123657226561 48.58663177490234
  endloop
endfacet
facet normal -0.9999999999990135 -1.339955575773652e-06 -4.2182874773035074e-07
  outer loop
    vertex 40.1504020690918 84.51253509521484 -0.00017089843458961693
    vertex 40.1504020690918 78.61123657226561 48.58663177490234
    vertex 40.1504020690918 80.30233764648438 50.368431091308594
  endloop
endfacet
facet normal -0.9999999999990135 -1.339955575773652e-06 -4.2182874773035074e-07
  outer loop
    vertex 40.1504020690918 84.51253509521484 -0.00017089843458961693
    vertex 40.1504020690918 80.30233764648438 50.368431091308594
    vertex 40.1504020690918 82.11303710937499 52.031532287597656
  endloop
endfacet
facet normal -0.9999999999990135 -1.339955575773652e-06 -4.2182874773035074e-07
  outer loop
    vertex 40.1504020690918 84.51253509521484 -0.00017089843458961693
    vertex 40.1504020690918 82.11303710937499 52.031532287597656
    vertex 40.1504020690918 84.03573608398436 53.5639305114746
  endloop
endfacet
facet normal -0.9999999999990135 -1.339955575773652e-06 -4.2182874773035074e-07
  outer loop
    vertex 40.1504020690918 84.51253509521484 -0.00017089843458961693
    vertex 40.1504020690918 84.03573608398436 53.5639305114746
    vertex 40.1504020690918 84.51253509521484 25.26304054260254
  endloop
endfacet
facet normal -1.0 5.73377058423018e-31 -1.4427868820625203e-30
  outer loop
    vertex 202.35049438476562 89.66553497314453 56.704231262207024
    vertex 202.35049438476562 88.52684020996094 50.31583023071289
    vertex 202.35049438476562 88.52684020996094 56.098430633544915
  endloop
endfacet
facet normal -1.0 5.73377058423018e-31 -1.4427868820625203e-30
  outer loop
    vertex 202.35049438476562 75.16554260253906 28.399101257324215
    vertex 202.35049438476562 75.01783752441406 -0.00017089843458961693
    vertex 202.35049438476562 75.01783752441406 26.310091018676758
  endloop
endfacet
facet normal -1.0 5.73377058423018e-31 -1.4427868820625203e-30
  outer loop
    vertex 202.35049438476562 75.01783752441406 -0.00017089843458961693
    vertex 202.35049438476562 75.16554260253906 28.399101257324215
    vertex 202.35049438476562 134.98223876953125 -0.00017089843458961693
  endloop
endfacet
facet normal -1.0 5.73377058423018e-31 -1.4427868820625203e-30
  outer loop
    vertex 202.35049438476562 134.98223876953125 -0.00017089843458961693
    vertex 202.35049438476562 75.16554260253906 28.399101257324215
    vertex 202.35049438476562 75.45653533935547 30.47198104858398
  endloop
endfacet
facet normal -1.0 5.73377058423018e-31 -1.4427868820625203e-30
  outer loop
    vertex 202.35049438476562 134.98223876953125 -0.00017089843458961693
    vertex 202.35049438476562 75.45653533935547 30.47198104858398
    vertex 202.35049438476562 75.89183807373045 32.520263671875
  endloop
endfacet
facet normal -1.0 5.73377058423018e-31 -1.4427868820625203e-30
  outer loop
    vertex 202.35049438476562 134.98223876953125 -0.00017089843458961693
    vertex 202.35049438476562 75.89183807373045 32.520263671875
    vertex 202.35049438476562 76.46963500976562 34.532901763916016
  endloop
endfacet
facet normal -1.0 5.73377058423018e-31 -1.4427868820625203e-30
  outer loop
    vertex 202.35049438476562 134.98223876953125 -0.00017089843458961693
    vertex 202.35049438476562 76.46963500976562 34.532901763916016
    vertex 202.35049438476562 77.18403625488281 36.50057983398437
  endloop
endfacet
facet normal -1.0 5.73377058423018e-31 -1.4427868820625203e-30
  outer loop
    vertex 202.35049438476562 134.98223876953125 -0.00017089843458961693
    vertex 202.35049438476562 77.18403625488281 36.50057983398437
    vertex 202.35049438476562 78.03593444824219 38.4139404296875
  endloop
endfacet
facet normal -1.0 5.73377058423018e-31 -1.4427868820625203e-30
  outer loop
    vertex 202.35049438476562 134.98223876953125 -0.00017089843458961693
    vertex 202.35049438476562 78.03593444824219 38.4139404296875
    vertex 202.35049438476562 79.01853942871092 40.26283264160156
  endloop
endfacet
facet normal -1.0 5.73377058423018e-31 -1.4427868820625203e-30
  outer loop
    vertex 202.35049438476562 134.98223876953125 -0.00017089843458961693
    vertex 202.35049438476562 79.01853942871092 40.26283264160156
    vertex 202.35049438476562 80.12833404541016 42.03874206542969
  endloop
endfacet
facet normal -1.0 5.73377058423018e-31 -1.4427868820625203e-30
  outer loop
    vertex 202.35049438476562 134.98223876953125 -0.00017089843458961693
    vertex 202.35049438476562 80.12833404541016 42.03874206542969
    vertex 202.35049438476562 81.35953521728516 43.73233032226562
  endloop
endfacet
facet normal -1.0 5.73377058423018e-31 -1.4427868820625203e-30
  outer loop
    vertex 202.35049438476562 134.98223876953125 -0.00017089843458961693
    vertex 202.35049438476562 81.35953521728516 43.73233032226562
    vertex 202.35049438476562 82.70613861083983 45.33683013916015
  endloop
endfacet
facet normal -1.0 5.73377058423018e-31 -1.4427868820625203e-30
  outer loop
    vertex 202.35049438476562 134.98223876953125 -0.00017089843458961693
    vertex 202.35049438476562 82.70613861083983 45.33683013916015
    vertex 202.35049438476562 84.16133880615234 46.84292984008789
  endloop
endfacet
facet normal -1.0 5.73377058423018e-31 -1.4427868820625203e-30
  outer loop
    vertex 202.35049438476562 134.98223876953125 -0.00017089843458961693
    vertex 202.35049438476562 84.16133880615234 46.84292984008789
    vertex 202.35049438476562 84.51253509521484 47.16113281249999
  endloop
endfacet
facet normal -1.0 5.73377058423018e-31 -1.4427868820625203e-30
  outer loop
    vertex 202.35049438476562 134.98223876953125 -0.00017089843458961693
    vertex 202.35049438476562 84.51253509521484 47.16113281249999
    vertex 202.35049438476562 85.71743774414061 48.24552917480469
  endloop
endfacet
facet normal -1.0 5.73377058423018e-31 -1.4427868820625203e-30
  outer loop
    vertex 202.35049438476562 134.98223876953125 -0.00017089843458961693
    vertex 202.35049438476562 85.71743774414061 48.24552917480469
    vertex 202.35049438476562 87.36603546142578 49.532730102539055
  endloop
endfacet
facet normal -1.0 5.73377058423018e-31 -1.4427868820625203e-30
  outer loop
    vertex 202.35049438476562 134.98223876953125 -0.00017089843458961693
    vertex 202.35049438476562 87.36603546142578 49.532730102539055
    vertex 202.35049438476562 88.52684020996094 50.31583023071289
  endloop
endfacet
facet normal -1.0 5.73377058423018e-31 -1.4427868820625203e-30
  outer loop
    vertex 202.35049438476562 134.98223876953125 -0.00017089843458961693
    vertex 202.35049438476562 88.52684020996094 50.31583023071289
    vertex 202.35049438476562 89.66553497314453 56.704231262207024
  endloop
endfacet
facet normal -1.0 5.73377058423018e-31 -1.4427868820625203e-30
  outer loop
    vertex 202.35049438476562 134.98223876953125 -0.00017089843458961693
    vertex 202.35049438476562 89.66553497314453 56.704231262207024
    vertex 202.35049438476562 90.78133392333984 57.200630187988274
  endloop
endfacet
facet normal -1.0 5.73377058423018e-31 -1.4427868820625203e-30
  outer loop
    vertex 202.35049438476562 134.98223876953125 -0.00017089843458961693
    vertex 202.35049438476562 90.78133392333984 57.200630187988274
    vertex 202.35049438476562 93.04423522949219 58.11523056030273
  endloop
endfacet
facet normal -1.0 5.73377058423018e-31 -1.4427868820625203e-30
  outer loop
    vertex 202.35049438476562 134.98223876953125 -0.00017089843458961693
    vertex 202.35049438476562 93.04423522949219 58.11523056030273
    vertex 202.35049438476562 95.3648910522461 58.86962890625
  endloop
endfacet
facet normal -1.0 5.73377058423018e-31 -1.4427868820625203e-30
  outer loop
    vertex 202.35049438476562 134.98223876953125 -0.00017089843458961693
    vertex 202.35049438476562 95.3648910522461 58.86962890625
    vertex 202.35049438476562 97.73220825195311 59.459331512451165
  endloop
endfacet
facet normal -1.0 5.73377058423018e-31 -1.4427868820625203e-30
  outer loop
    vertex 202.35049438476562 134.98223876953125 -0.00017089843458961693
    vertex 202.35049438476562 97.73220825195311 59.459331512451165
    vertex 202.35049438476562 100.13430786132811 59.88273239135742
  endloop
endfacet
facet normal -1.0 5.73377058423018e-31 -1.4427868820625203e-30
  outer loop
    vertex 202.35049438476562 134.98223876953125 -0.00017089843458961693
    vertex 202.35049438476562 100.13430786132811 59.88273239135742
    vertex 202.35049438476562 102.56186676025389 60.1389274597168
  endloop
endfacet
facet normal -1.0 5.73377058423018e-31 -1.4427868820625203e-30
  outer loop
    vertex 202.35049438476562 134.98223876953125 -0.00017089843458961693
    vertex 202.35049438476562 102.56186676025389 60.1389274597168
    vertex 202.35049438476562 105.00045776367188 60.22382736206055
  endloop
endfacet
facet normal -1.0 5.73377058423018e-31 -1.4427868820625203e-30
  outer loop
    vertex 202.35049438476562 134.98223876953125 -0.00017089843458961693
    vertex 202.35049438476562 105.00045776367188 60.22382736206055
    vertex 202.35049438476562 107.43819427490233 60.1389274597168
  endloop
endfacet
facet normal -1.0 5.73377058423018e-31 -1.4427868820625203e-30
  outer loop
    vertex 202.35049438476562 134.98223876953125 -0.00017089843458961693
    vertex 202.35049438476562 107.43819427490233 60.1389274597168
    vertex 202.35049438476562 109.86660003662108 59.88273239135742
  endloop
endfacet
facet normal -1.0 5.73377058423018e-31 -1.4427868820625203e-30
  outer loop
    vertex 202.35049438476562 134.98223876953125 -0.00017089843458961693
    vertex 202.35049438476562 109.86660003662108 59.88273239135742
    vertex 202.35049438476562 112.26870727539061 59.459331512451165
  endloop
endfacet
facet normal -1.0 5.73377058423018e-31 -1.4427868820625203e-30
  outer loop
    vertex 202.35049438476562 134.98223876953125 -0.00017089843458961693
    vertex 202.35049438476562 112.26870727539061 59.459331512451165
    vertex 202.35049438476562 114.63601684570311 58.86962890625
  endloop
endfacet
facet normal -1.0 5.73377058423018e-31 -1.4427868820625203e-30
  outer loop
    vertex 202.35049438476562 134.98223876953125 -0.00017089843458961693
    vertex 202.35049438476562 114.63601684570311 58.86962890625
    vertex 202.35049438476562 116.95663452148436 58.11523056030273
  endloop
endfacet
facet normal -1.0 5.73377058423018e-31 -1.4427868820625203e-30
  outer loop
    vertex 202.35049438476562 134.98223876953125 -0.00017089843458961693
    vertex 202.35049438476562 116.95663452148436 58.11523056030273
    vertex 202.35049438476562 119.21963500976562 57.200630187988274
  endloop
endfacet
facet normal -1.0 5.73377058423018e-31 -1.4427868820625203e-30
  outer loop
    vertex 202.35049438476562 134.98223876953125 -0.00017089843458961693
    vertex 202.35049438476562 119.21963500976562 57.200630187988274
    vertex 202.35049438476562 121.47403717041014 50.31583023071289
  endloop
endfacet
facet normal -1.0 5.73377058423018e-31 -1.4427868820625203e-30
  outer loop
    vertex 202.35049438476562 121.47403717041014 50.31583023071289
    vertex 202.35049438476562 119.21963500976562 57.200630187988274
    vertex 202.35049438476562 120.33543395996094 56.704231262207024
  endloop
endfacet
facet normal -1.0 5.73377058423018e-31 -1.4427868820625203e-30
  outer loop
    vertex 202.35049438476562 121.47403717041014 50.31583023071289
    vertex 202.35049438476562 120.33543395996094 56.704231262207024
    vertex 202.35049438476562 121.47403717041014 56.098430633544915
  endloop
endfacet
facet normal -1.0 5.73377058423018e-31 -1.4427868820625203e-30
  outer loop
    vertex 202.35049438476562 134.98223876953125 -0.00017089843458961693
    vertex 202.35049438476562 121.47403717041014 50.31583023071289
    vertex 202.35049438476562 122.63483428955078 49.532730102539055
  endloop
endfacet
facet normal -1.0 5.73377058423018e-31 -1.4427868820625203e-30
  outer loop
    vertex 202.35049438476562 134.98223876953125 -0.00017089843458961693
    vertex 202.35049438476562 122.63483428955078 49.532730102539055
    vertex 202.35049438476562 124.28343963623045 48.24552917480469
  endloop
endfacet
facet normal -1.0 5.73377058423018e-31 -1.4427868820625203e-30
  outer loop
    vertex 202.35049438476562 134.98223876953125 -0.00017089843458961693
    vertex 202.35049438476562 124.28343963623045 48.24552917480469
    vertex 202.35049438476562 125.83963775634764 46.84292984008789
  endloop
endfacet
facet normal -1.0 5.73377058423018e-31 -1.4427868820625203e-30
  outer loop
    vertex 202.35049438476562 134.98223876953125 -0.00017089843458961693
    vertex 202.35049438476562 125.83963775634764 46.84292984008789
    vertex 202.35049438476562 127.29483795166016 45.33683013916015
  endloop
endfacet
facet normal -1.0 5.73377058423018e-31 -1.4427868820625203e-30
  outer loop
    vertex 202.35049438476562 134.98223876953125 -0.00017089843458961693
    vertex 202.35049438476562 127.29483795166016 45.33683013916015
    vertex 202.35049438476562 128.64134216308594 43.73233032226562
  endloop
endfacet
facet normal -1.0 5.73377058423018e-31 -1.4427868820625203e-30
  outer loop
    vertex 202.35049438476562 134.98223876953125 -0.00017089843458961693
    vertex 202.35049438476562 128.64134216308594 43.73233032226562
    vertex 202.35049438476562 129.87254333496094 42.03874206542969
  endloop
endfacet
facet normal -1.0 5.73377058423018e-31 -1.4427868820625203e-30
  outer loop
    vertex 202.35049438476562 134.98223876953125 -0.00017089843458961693
    vertex 202.35049438476562 129.87254333496094 42.03874206542969
    vertex 202.35049438476562 130.97984313964844 40.26283264160156
  endloop
endfacet
facet normal -1.0 5.73377058423018e-31 -1.4427868820625203e-30
  outer loop
    vertex 202.35049438476562 134.98223876953125 -0.00017089843458961693
    vertex 202.35049438476562 130.97984313964844 40.26283264160156
    vertex 202.35049438476562 131.96493530273438 38.4139404296875
  endloop
endfacet
facet normal -1.0 5.73377058423018e-31 -1.4427868820625203e-30
  outer loop
    vertex 202.35049438476562 134.98223876953125 -0.00017089843458961693
    vertex 202.35049438476562 131.96493530273438 38.4139404296875
    vertex 202.35049438476562 132.81683349609375 36.50057983398437
  endloop
endfacet
facet normal -1.0 5.73377058423018e-31 -1.4427868820625203e-30
  outer loop
    vertex 202.35049438476562 134.98223876953125 -0.00017089843458961693
    vertex 202.35049438476562 132.81683349609375 36.50057983398437
    vertex 202.35049438476562 133.5312347412109 34.532901763916016
  endloop
endfacet
facet normal -1.0 5.73377058423018e-31 -1.4427868820625203e-30
  outer loop
    vertex 202.35049438476562 134.98223876953125 -0.00017089843458961693
    vertex 202.35049438476562 133.5312347412109 34.532901763916016
    vertex 202.35049438476562 134.10824584960938 32.520263671875
  endloop
endfacet
facet normal -1.0 5.73377058423018e-31 -1.4427868820625203e-30
  outer loop
    vertex 202.35049438476562 134.98223876953125 -0.00017089843458961693
    vertex 202.35049438476562 134.10824584960938 32.520263671875
    vertex 202.35049438476562 134.54434204101562 30.47198104858398
  endloop
endfacet
facet normal -1.0 5.73377058423018e-31 -1.4427868820625203e-30
  outer loop
    vertex 202.35049438476562 134.98223876953125 -0.00017089843458961693
    vertex 202.35049438476562 134.54434204101562 30.47198104858398
    vertex 202.35049438476562 134.83543395996094 28.399101257324215
  endloop
endfacet
facet normal -1.0 5.73377058423018e-31 -1.4427868820625203e-30
  outer loop
    vertex 202.35049438476562 134.98223876953125 -0.00017089843458961693
    vertex 202.35049438476562 134.83543395996094 28.399101257324215
    vertex 202.35049438476562 134.98223876953125 26.310091018676758
  endloop
endfacet
facet normal 1.0 -0.0 -0.0
  outer loop
    vertex 209.85040283203125 139.98153686523438 -0.00017089843458961693
    vertex 209.85040283203125 70.01853942871094 25.26304054260254
    vertex 209.85040283203125 70.01853942871094 -0.00017089843458961693
  endloop
endfacet
facet normal 1.0 -0.0 -0.0
  outer loop
    vertex 209.85040283203125 70.01853942871094 25.26304054260254
    vertex 209.85040283203125 139.98153686523438 -0.00017089843458961693
    vertex 209.85040283203125 70.10334014892578 27.70248031616211
  endloop
endfacet
facet normal 1.0 -0.0 -0.0
  outer loop
    vertex 209.85040283203125 70.10334014892578 27.70248031616211
    vertex 209.85040283203125 139.98153686523438 -0.00017089843458961693
    vertex 209.85040283203125 70.23063659667969 28.91753005981445
  endloop
endfacet
facet normal 1.0 -0.0 -0.0
  outer loop
    vertex 209.85040283203125 70.23063659667969 28.91753005981445
    vertex 209.85040283203125 139.98153686523438 -0.00017089843458961693
    vertex 209.85040283203125 70.35963439941406 30.130889892578125
  endloop
endfacet
facet normal 1.0 -0.0 -0.0
  outer loop
    vertex 209.85040283203125 70.35963439941406 30.130889892578125
    vertex 209.85040283203125 139.98153686523438 -0.00017089843458961693
    vertex 209.85040283203125 70.7838363647461 32.53638458251953
  endloop
endfacet
facet normal 1.0 -0.0 -0.0
  outer loop
    vertex 209.85040283203125 70.7838363647461 32.53638458251953
    vertex 209.85040283203125 139.98153686523438 -0.00017089843458961693
    vertex 209.85040283203125 71.37353515625 34.90625
  endloop
endfacet
facet normal 1.0 -0.0 -0.0
  outer loop
    vertex 209.85040283203125 71.37353515625 34.90625
    vertex 209.85040283203125 139.98153686523438 -0.00017089843458961693
    vertex 209.85040283203125 72.12783813476562 37.22689056396484
  endloop
endfacet
facet normal 1.0 -0.0 -0.0
  outer loop
    vertex 209.85040283203125 72.12783813476562 37.22689056396484
    vertex 209.85040283203125 139.98153686523438 -0.00017089843458961693
    vertex 209.85040283203125 73.04253387451172 39.491539001464844
  endloop
endfacet
facet normal 1.0 -0.0 -0.0
  outer loop
    vertex 209.85040283203125 73.04253387451172 39.491539001464844
    vertex 209.85040283203125 139.98153686523438 -0.00017089843458961693
    vertex 209.85040283203125 73.57713317871094 40.587799072265625
  endloop
endfacet
facet normal 1.0 -0.0 -0.0
  outer loop
    vertex 209.85040283203125 73.57713317871094 40.587799072265625
    vertex 209.85040283203125 139.98153686523438 -0.00017089843458961693
    vertex 209.85040283203125 74.11424255371092 41.685760498046875
  endloop
endfacet
facet normal 1.0 -0.0 -0.0
  outer loop
    vertex 209.85040283203125 74.11424255371092 41.685760498046875
    vertex 209.85040283203125 139.98153686523438 -0.00017089843458961693
    vertex 209.85040283203125 74.72343444824219 42.7430305480957
  endloop
endfacet
facet normal 1.0 -0.0 -0.0
  outer loop
    vertex 209.85040283203125 74.72343444824219 42.7430305480957
    vertex 209.85040283203125 139.98153686523438 -0.00017089843458961693
    vertex 209.85040283203125 75.33523559570312 43.80102920532226
  endloop
endfacet
facet normal 1.0 -0.0 -0.0
  outer loop
    vertex 209.85040283203125 75.33523559570312 43.80102920532226
    vertex 209.85040283203125 139.98153686523438 -0.00017089843458961693
    vertex 209.85040283203125 76.69953918457031 45.82563018798828
  endloop
endfacet
facet normal 1.0 -0.0 -0.0
  outer loop
    vertex 209.85040283203125 76.69953918457031 45.82563018798828
    vertex 209.85040283203125 139.98153686523438 -0.00017089843458961693
    vertex 209.85040283203125 78.20314025878905 47.74913024902343
  endloop
endfacet
facet normal 1.0 -0.0 -0.0
  outer loop
    vertex 209.85040283203125 78.20314025878905 47.74913024902343
    vertex 209.85040283203125 139.98153686523438 -0.00017089843458961693
    vertex 209.85040283203125 79.83563995361328 49.563232421875
  endloop
endfacet
facet normal 1.0 -0.0 -0.0
  outer loop
    vertex 209.85040283203125 79.83563995361328 49.563232421875
    vertex 209.85040283203125 139.98153686523438 -0.00017089843458961693
    vertex 209.85040283203125 81.59373474121094 51.25852966308593
  endloop
endfacet
facet normal 1.0 -0.0 -0.0
  outer loop
    vertex 209.85040283203125 81.59373474121094 51.25852966308593
    vertex 209.85040283203125 139.98153686523438 -0.00017089843458961693
    vertex 209.85040283203125 82.52873992919922 52.04343032836913
  endloop
endfacet
facet normal 1.0 -0.0 -0.0
  outer loop
    vertex 209.85040283203125 82.52873992919922 52.04343032836913
    vertex 209.85040283203125 139.98153686523438 -0.00017089843458961693
    vertex 209.85040283203125 83.46293640136717 52.82913208007812
  endloop
endfacet
facet normal 1.0 -0.0 -0.0
  outer loop
    vertex 209.85040283203125 83.46293640136717 52.82913208007812
    vertex 209.85040283203125 139.98153686523438 -0.00017089843458961693
    vertex 209.85040283203125 84.51271331921036 53.591684914664896
  endloop
endfacet
facet normal 1.0 -0.0 -0.0
  outer loop
    vertex 209.85040283203125 84.51271331921036 53.591684914664896
    vertex 209.85040283203125 139.98153686523438 -0.00017089843458961693
    vertex 209.85040283203125 85.43914031982422 54.263931274414055
  endloop
endfacet
facet normal 1.0 -0.0 -0.0
  outer loop
    vertex 209.85040283203125 85.43914031982422 54.263931274414055
    vertex 209.85040283203125 139.98153686523438 -0.00017089843458961693
    vertex 209.85040283203125 86.47433471679686 54.91213226318359
  endloop
endfacet
facet normal 1.0 -0.0 -0.0
  outer loop
    vertex 209.85040283203125 86.47433471679686 54.91213226318359
    vertex 209.85040283203125 139.98153686523438 -0.00017089843458961693
    vertex 209.85040283203125 87.50943756103516 55.55792999267578
  endloop
endfacet
facet normal 1.0 -0.0 -0.0
  outer loop
    vertex 209.85040283203125 87.50943756103516 55.55792999267578
    vertex 209.85040283203125 139.98153686523438 -0.00017089843458961693
    vertex 209.85040283203125 89.66553497314453 56.704231262207024
  endloop
endfacet
facet normal 1.0 -0.0 -0.0
  outer loop
    vertex 209.85040283203125 89.66553497314453 56.704231262207024
    vertex 209.85040283203125 139.98153686523438 -0.00017089843458961693
    vertex 209.85040283203125 90.78133392333984 57.200630187988274
  endloop
endfacet
facet normal 1.0 -0.0 -0.0
  outer loop
    vertex 209.85040283203125 90.78133392333984 57.200630187988274
    vertex 209.85040283203125 139.98153686523438 -0.00017089843458961693
    vertex 209.85040283203125 93.04423522949219 58.11523056030273
  endloop
endfacet
facet normal 1.0 -0.0 -0.0
  outer loop
    vertex 209.85040283203125 93.04423522949219 58.11523056030273
    vertex 209.85040283203125 139.98153686523438 -0.00017089843458961693
    vertex 209.85040283203125 95.3648910522461 58.86962890625
  endloop
endfacet
facet normal 1.0 -0.0 -0.0
  outer loop
    vertex 209.85040283203125 95.3648910522461 58.86962890625
    vertex 209.85040283203125 139.98153686523438 -0.00017089843458961693
    vertex 209.85040283203125 97.73220825195311 59.459331512451165
  endloop
endfacet
facet normal 1.0 -0.0 -0.0
  outer loop
    vertex 209.85040283203125 97.73220825195311 59.459331512451165
    vertex 209.85040283203125 139.98153686523438 -0.00017089843458961693
    vertex 209.85040283203125 100.13430786132811 59.88273239135742
  endloop
endfacet
facet normal 1.0 -0.0 -0.0
  outer loop
    vertex 209.85040283203125 100.13430786132811 59.88273239135742
    vertex 209.85040283203125 139.98153686523438 -0.00017089843458961693
    vertex 209.85040283203125 102.56186676025389 60.1389274597168
  endloop
endfacet
facet normal 1.0 -0.0 -0.0
  outer loop
    vertex 209.85040283203125 102.56186676025389 60.1389274597168
    vertex 209.85040283203125 139.98153686523438 -0.00017089843458961693
    vertex 209.85040283203125 105.00045776367188 60.22382736206055
  endloop
endfacet
facet normal 1.0 -0.0 -0.0
  outer loop
    vertex 209.85040283203125 105.00045776367188 60.22382736206055
    vertex 209.85040283203125 139.98153686523438 -0.00017089843458961693
    vertex 209.85040283203125 107.43819427490233 60.1389274597168
  endloop
endfacet
facet normal 1.0 -0.0 -0.0
  outer loop
    vertex 209.85040283203125 107.43819427490233 60.1389274597168
    vertex 209.85040283203125 139.98153686523438 -0.00017089843458961693
    vertex 209.85040283203125 109.86660003662108 59.88273239135742
  endloop
endfacet
facet normal 1.0 -0.0 -0.0
  outer loop
    vertex 209.85040283203125 109.86660003662108 59.88273239135742
    vertex 209.85040283203125 139.98153686523438 -0.00017089843458961693
    vertex 209.85040283203125 112.26870727539061 59.459331512451165
  endloop
endfacet
facet normal 1.0 -0.0 -0.0
  outer loop
    vertex 209.85040283203125 112.26870727539061 59.459331512451165
    vertex 209.85040283203125 139.98153686523438 -0.00017089843458961693
    vertex 209.85040283203125 114.63601684570311 58.86962890625
  endloop
endfacet
facet normal 1.0 -0.0 -0.0
  outer loop
    vertex 209.85040283203125 114.63601684570311 58.86962890625
    vertex 209.85040283203125 139.98153686523438 -0.00017089843458961693
    vertex 209.85040283203125 116.95663452148436 58.11523056030273
  endloop
endfacet
facet normal 1.0 -0.0 -0.0
  outer loop
    vertex 209.85040283203125 116.95663452148436 58.11523056030273
    vertex 209.85040283203125 139.98153686523438 -0.00017089843458961693
    vertex 209.85040283203125 119.21963500976562 57.200630187988274
  endloop
endfacet
facet normal 1.0 -0.0 -0.0
  outer loop
    vertex 209.85040283203125 119.21963500976562 57.200630187988274
    vertex 209.85040283203125 139.98153686523438 -0.00017089843458961693
    vertex 209.85040283203125 120.33543395996094 56.704231262207024
  endloop
endfacet
facet normal 1.0 -0.0 -0.0
  outer loop
    vertex 209.85040283203125 120.33543395996094 56.704231262207024
    vertex 209.85040283203125 139.98153686523438 -0.00017089843458961693
    vertex 209.85040283203125 121.47403717041014 56.098430633544915
  endloop
endfacet
facet normal 1.0 -0.0 -0.0
  outer loop
    vertex 209.85040283203125 121.47403717041014 56.098430633544915
    vertex 209.85040283203125 139.98153686523438 -0.00017089843458961693
    vertex 209.85040283203125 122.49143981933592 55.55792999267578
  endloop
endfacet
facet normal 1.0 -0.0 -0.0
  outer loop
    vertex 209.85040283203125 122.49143981933592 55.55792999267578
    vertex 209.85040283203125 139.98153686523438 -0.00017089843458961693
    vertex 209.85040283203125 123.5266342163086 54.91213226318359
  endloop
endfacet
facet normal 1.0 -0.0 -0.0
  outer loop
    vertex 209.85040283203125 123.5266342163086 54.91213226318359
    vertex 209.85040283203125 139.98153686523438 -0.00017089843458961693
    vertex 209.85040283203125 124.56173706054686 54.263931274414055
  endloop
endfacet
facet normal 1.0 -0.0 -0.0
  outer loop
    vertex 209.85040283203125 124.56173706054686 54.263931274414055
    vertex 209.85040283203125 139.98153686523438 -0.00017089843458961693
    vertex 209.85040283203125 125.48815774851357 53.591686728271505
  endloop
endfacet
facet normal 1.0 -0.0 -0.0
  outer loop
    vertex 209.85040283203125 125.48815774851357 53.591686728271505
    vertex 209.85040283203125 139.98153686523438 -0.00017089843458961693
    vertex 209.85040283203125 126.53794097900389 52.82913208007812
  endloop
endfacet
facet normal 1.0 -0.0 -0.0
  outer loop
    vertex 209.85040283203125 126.53794097900389 52.82913208007812
    vertex 209.85040283203125 139.98153686523438 -0.00017089843458961693
    vertex 209.85040283203125 127.47213745117186 52.04343032836913
  endloop
endfacet
facet normal 1.0 -0.0 -0.0
  outer loop
    vertex 209.85040283203125 127.47213745117186 52.04343032836913
    vertex 209.85040283203125 139.98153686523438 -0.00017089843458961693
    vertex 209.85040283203125 128.4071350097656 51.25852966308593
  endloop
endfacet
facet normal 1.0 -0.0 -0.0
  outer loop
    vertex 209.85040283203125 128.4071350097656 51.25852966308593
    vertex 209.85040283203125 139.98153686523438 -0.00017089843458961693
    vertex 209.85040283203125 130.16444396972656 49.563232421875
  endloop
endfacet
facet normal 1.0 -0.0 -0.0
  outer loop
    vertex 209.85040283203125 130.16444396972656 49.563232421875
    vertex 209.85040283203125 139.98153686523438 -0.00017089843458961693
    vertex 209.85040283203125 131.79772949218747 47.74913024902343
  endloop
endfacet
facet normal 1.0 -0.0 -0.0
  outer loop
    vertex 209.85040283203125 131.79772949218747 47.74913024902343
    vertex 209.85040283203125 139.98153686523438 -0.00017089843458961693
    vertex 209.85040283203125 133.30133056640625 45.82563018798828
  endloop
endfacet
facet normal 1.0 -0.0 -0.0
  outer loop
    vertex 209.85040283203125 133.30133056640625 45.82563018798828
    vertex 209.85040283203125 139.98153686523438 -0.00017089843458961693
    vertex 209.85040283203125 134.66574096679685 43.80102920532226
  endloop
endfacet
facet normal 1.0 -0.0 -0.0
  outer loop
    vertex 209.85040283203125 134.66574096679685 43.80102920532226
    vertex 209.85040283203125 139.98153686523438 -0.00017089843458961693
    vertex 209.85040283203125 135.27743530273435 42.7430305480957
  endloop
endfacet
facet normal 1.0 -0.0 -0.0
  outer loop
    vertex 209.85040283203125 135.27743530273435 42.7430305480957
    vertex 209.85040283203125 139.98153686523438 -0.00017089843458961693
    vertex 209.85040283203125 135.88673400878906 41.685760498046875
  endloop
endfacet
facet normal 1.0 -0.0 -0.0
  outer loop
    vertex 209.85040283203125 135.88673400878906 41.685760498046875
    vertex 209.85040283203125 139.98153686523438 -0.00017089843458961693
    vertex 209.85040283203125 136.42123413085938 40.587799072265625
  endloop
endfacet
facet normal 1.0 -0.0 -0.0
  outer loop
    vertex 209.85040283203125 136.42123413085938 40.587799072265625
    vertex 209.85040283203125 139.98153686523438 -0.00017089843458961693
    vertex 209.85040283203125 136.95834350585938 39.491539001464844
  endloop
endfacet
facet normal 1.0 -0.0 -0.0
  outer loop
    vertex 209.85040283203125 136.95834350585938 39.491539001464844
    vertex 209.85040283203125 139.98153686523438 -0.00017089843458961693
    vertex 209.85040283203125 137.8730316162109 37.22689056396484
  endloop
endfacet
facet normal 1.0 -0.0 -0.0
  outer loop
    vertex 209.85040283203125 137.8730316162109 37.22689056396484
    vertex 209.85040283203125 139.98153686523438 -0.00017089843458961693
    vertex 209.85040283203125 138.62733459472656 34.90625
  endloop
endfacet
facet normal 1.0 -0.0 -0.0
  outer loop
    vertex 209.85040283203125 138.62733459472656 34.90625
    vertex 209.85040283203125 139.98153686523438 -0.00017089843458961693
    vertex 209.85040283203125 139.217041015625 32.53638458251953
  endloop
endfacet
facet normal 1.0 -0.0 -0.0
  outer loop
    vertex 209.85040283203125 139.217041015625 32.53638458251953
    vertex 209.85040283203125 139.98153686523438 -0.00017089843458961693
    vertex 209.85040283203125 139.64044189453125 30.130891799926754
  endloop
endfacet
facet normal 1.0 -0.0 -0.0
  outer loop
    vertex 209.85040283203125 139.64044189453125 30.130891799926754
    vertex 209.85040283203125 139.98153686523438 -0.00017089843458961693
    vertex 209.85040283203125 139.7703399658203 28.91753005981445
  endloop
endfacet
facet normal 1.0 -0.0 -0.0
  outer loop
    vertex 209.85040283203125 139.7703399658203 28.91753005981445
    vertex 209.85040283203125 139.98153686523438 -0.00017089843458961693
    vertex 209.85040283203125 139.896728515625 27.70248031616211
  endloop
endfacet
facet normal 1.0 -0.0 -0.0
  outer loop
    vertex 209.85040283203125 139.896728515625 27.70248031616211
    vertex 209.85040283203125 139.98153686523438 -0.00017089843458961693
    vertex 209.85040283203125 139.98153686523438 25.26304054260254
  endloop
endfacet
facet normal -0.0 -0.5293259346260553 0.8484185611667471
  outer loop
    vertex 209.85040283203125 86.47433471679686 54.91213226318359
    vertex 172.35009765625 87.50943756103516 55.55792999267578
    vertex 172.35009765625 86.47433471679686 54.91213226318359
  endloop
endfacet
facet normal -0.0 -0.5293259346260553 0.8484185611667471
  outer loop
    vertex 172.35009765625 87.50943756103516 55.55792999267578
    vertex 209.85040283203125 86.47433471679686 54.91213226318359
    vertex 209.85040283203125 87.50943756103516 55.55792999267578
  endloop
endfacet
facet normal -3.8769792062710705e-06 -0.46941778191481737 0.8829761865459014
  outer loop
    vertex 209.85040283203125 87.50943756103516 55.55792999267578
    vertex 172.35009765625 88.52684020996094 56.098430633544915
    vertex 172.35009765625 87.50943756103516 55.55792999267578
  endloop
endfacet
facet normal -3.8769792062710705e-06 -0.46941778191481737 0.8829761865459014
  outer loop
    vertex 172.35009765625 88.52684020996094 56.098430633544915
    vertex 209.85040283203125 87.50943756103516 55.55792999267578
    vertex 202.35049438476562 88.52684020996094 56.098430633544915
  endloop
endfacet
facet normal -3.8769792062710705e-06 -0.46941778191481737 0.8829761865459014
  outer loop
    vertex 202.35049438476562 88.52684020996094 56.098430633544915
    vertex 209.85040283203125 87.50943756103516 55.55792999267578
    vertex 202.35049438476562 89.66553497314453 56.704231262207024
  endloop
endfacet
facet normal -3.8769792062710705e-06 -0.46941778191481737 0.8829761865459014
  outer loop
    vertex 202.35049438476562 89.66553497314453 56.704231262207024
    vertex 209.85040283203125 87.50943756103516 55.55792999267578
    vertex 209.85040283203125 89.66553497314453 56.704231262207024
  endloop
endfacet
facet normal 4.0437262052241e-06 -0.5878017593215563 0.8090050010489006
  outer loop
    vertex 209.85040283203125 83.46293640136717 52.82913208007812
    vertex 172.3415985107422 84.51253509521484 53.59193038940429
    vertex 172.3415985107422 83.46293640136717 52.82913208007812
  endloop
endfacet
facet normal 4.0437262052241e-06 -0.5878017593215563 0.8090050010489006
  outer loop
    vertex 172.3415985107422 84.51253509521484 53.59193038940429
    vertex 209.85040283203125 83.46293640136717 52.82913208007812
    vertex 209.85040283203125 84.51271331921036 53.591684914664896
  endloop
endfacet
facet normal 4.044642464760771e-06 -0.5871962880694882 0.8094445745454445
  outer loop
    vertex 209.85040283203125 84.51271331921036 53.591684914664896
    vertex 172.35009765625 85.43914031982422 54.263931274414055
    vertex 172.3415985107422 84.51253509521484 53.59193038940429
  endloop
endfacet
facet normal 4.044642464760771e-06 -0.5871962880694882 0.8094445745454445
  outer loop
    vertex 172.35009765625 85.43914031982422 54.263931274414055
    vertex 209.85040283203125 84.51271331921036 53.591684914664896
    vertex 209.85040283203125 85.43914031982422 54.263931274414055
  endloop
endfacet
facet normal -0.0 -0.6941337784575081 0.7198460235385781
  outer loop
    vertex 209.85040283203125 79.83563995361328 49.563232421875
    vertex 172.3415985107422 81.59373474121094 51.25852966308593
    vertex 172.3415985107422 79.83563995361328 49.563232421875
  endloop
endfacet
facet normal -0.0 -0.6941337784575081 0.7198460235385781
  outer loop
    vertex 172.3415985107422 81.59373474121094 51.25852966308593
    vertex 209.85040283203125 79.83563995361328 49.563232421875
    vertex 209.85040283203125 81.59373474121094 51.25852966308593
  endloop
endfacet
facet normal 0.0 -0.7433333170322477 0.6689212059651242
  outer loop
    vertex 209.85040283203125 79.83563995361328 49.563232421875
    vertex 172.3415985107422 78.20314025878905 47.74913024902343
    vertex 209.85040283203125 78.20314025878905 47.74913024902343
  endloop
endfacet
facet normal 0.0 -0.7433333170322477 0.6689212059651242
  outer loop
    vertex 172.3415985107422 78.20314025878905 47.74913024902343
    vertex 209.85040283203125 79.83563995361328 49.563232421875
    vertex 172.3415985107422 79.83563995361328 49.563232421875
  endloop
endfacet
facet normal 2.879372885513136e-19 -0.9781896785212614 -0.20771363179741312
  outer loop
    vertex 167.35069274902344 144.2970428466797 35.061519622802734
    vertex 80.14869689941405 144.88423156738278 32.29626083374023
    vertex 167.35069274902344 144.88423156738278 32.29626083374023
  endloop
endfacet
facet normal 2.879372885513136e-19 -0.9781896785212614 -0.20771363179741312
  outer loop
    vertex 80.14869689941405 144.88423156738278 32.29626083374023
    vertex 167.35069274902344 144.2970428466797 35.061519622802734
    vertex 80.14869689941405 144.2970428466797 35.061519622802734
  endloop
endfacet
facet normal 3.313837931056214e-32 -0.9902531750729906 -0.13927903380574205
  outer loop
    vertex 167.35069274902344 144.88423156738278 32.29626083374023
    vertex 80.14869689941405 145.2779388427734 29.497060775756836
    vertex 167.35069274902344 145.2779388427734 29.497060775756836
  endloop
endfacet
facet normal 3.313837931056214e-32 -0.9902531750729906 -0.13927903380574205
  outer loop
    vertex 80.14869689941405 145.2779388427734 29.497060775756836
    vertex 167.35069274902344 144.88423156738278 32.29626083374023
    vertex 80.14869689941405 144.88423156738278 32.29626083374023
  endloop
endfacet
facet normal 5.868805158077995e-08 -0.9396183074187408 -0.34222424864924106
  outer loop
    vertex 80.14869689941405 143.5181427001953 37.7784194946289
    vertex 95.14929962158203 143.01153564453125 39.169109344482415
    vertex 80.14869689941405 142.55084228515625 40.434219360351555
  endloop
endfacet
facet normal 5.868805158077995e-08 -0.9396183074187408 -0.34222424864924106
  outer loop
    vertex 95.14929962158203 143.01153564453125 39.169109344482415
    vertex 80.14869689941405 143.5181427001953 37.7784194946289
    vertex 152.34249877929688 143.01153564453125 39.169109344482415
  endloop
endfacet
facet normal 5.868805158077995e-08 -0.9396183074187408 -0.34222424864924106
  outer loop
    vertex 80.14869689941405 142.55084228515625 40.434219360351555
    vertex 95.14929962158203 143.01153564453125 39.169109344482415
    vertex 95.14929962158203 142.55084228515625 40.434219360351555
  endloop
endfacet
facet normal 5.868805158077995e-08 -0.9396183074187408 -0.34222424864924106
  outer loop
    vertex 167.35069274902344 143.5181427001953 37.7784194946289
    vertex 152.34249877929688 143.01153564453125 39.169109344482415
    vertex 80.14869689941405 143.5181427001953 37.7784194946289
  endloop
endfacet
facet normal 5.868805158077995e-08 -0.9396183074187408 -0.34222424864924106
  outer loop
    vertex 152.34249877929688 143.01153564453125 39.169109344482415
    vertex 167.35069274902344 143.5181427001953 37.7784194946289
    vertex 167.35069274902344 142.55084228515625 40.434219360351555
  endloop
endfacet
facet normal 5.868805158077995e-08 -0.9396183074187408 -0.34222424864924106
  outer loop
    vertex 152.34249877929688 143.01153564453125 39.169109344482415
    vertex 167.35069274902344 142.55084228515625 40.434219360351555
    vertex 152.34249877929688 142.55084228515625 40.434219360351555
  endloop
endfacet
facet normal 0.9999999913790804 -8.41420238121807e-05 0.00010080654394433303
  outer loop
    vertex 172.35009765625 70.01853942871094 -0.00017089843458961693
    vertex 172.3415985107422 61.202537536621094 39.169109344482415
    vertex 172.3415985107422 61.202537536621094 -0.00017089843458961693
  endloop
endfacet
facet normal 0.9999999913790804 -8.41420238121807e-05 0.00010080654394433303
  outer loop
    vertex 172.3415985107422 61.202537536621094 39.169109344482415
    vertex 172.35009765625 70.01853942871094 -0.00017089843458961693
    vertex 172.3415985107422 62.202136993408196 39.169109344482415
  endloop
endfacet
facet normal 0.9999999913790804 -8.41420238121807e-05 0.00010080654394433303
  outer loop
    vertex 172.3415985107422 62.202136993408196 39.169109344482415
    vertex 172.35009765625 70.01853942871094 -0.00017089843458961693
    vertex 172.3415985107422 63.278038024902344 42.11935043334961
  endloop
endfacet
facet normal 0.9999999913790804 -8.41420238121807e-05 0.00010080654394433303
  outer loop
    vertex 172.3415985107422 63.278038024902344 42.11935043334961
    vertex 172.35009765625 70.01853942871094 -0.00017089843458961693
    vertex 172.3415985107422 64.55503845214844 44.989830017089844
  endloop
endfacet
facet normal 0.9999999913790804 -8.41420238121807e-05 0.00010080654394433303
  outer loop
    vertex 172.3415985107422 64.55503845214844 44.989830017089844
    vertex 172.35009765625 70.01853942871094 -0.00017089843458961693
    vertex 172.3415985107422 66.02883911132812 47.76272964477538
  endloop
endfacet
facet normal 0.9999999913790804 -8.41420238121807e-05 0.00010080654394433303
  outer loop
    vertex 172.3415985107422 66.02883911132812 47.76272964477538
    vertex 172.35009765625 70.01853942871094 -0.00017089843458961693
    vertex 172.3415985107422 67.69364166259766 50.42703247070312
  endloop
endfacet
facet normal 0.9999999913790804 -8.41420238121807e-05 0.00010080654394433303
  outer loop
    vertex 172.3415985107422 67.69364166259766 50.42703247070312
    vertex 172.35009765625 70.01853942871094 -0.00017089843458961693
    vertex 172.3415985107422 69.54084014892578 52.96823120117187
  endloop
endfacet
facet normal 0.9999999913790804 -8.41420238121807e-05 0.00010080654394433303
  outer loop
    vertex 172.3415985107422 69.54084014892578 52.96823120117187
    vertex 172.35009765625 70.01853942871094 -0.00017089843458961693
    vertex 172.35009765625 70.01853942871094 25.26304054260254
  endloop
endfacet
facet normal 0.9999999913790804 -8.41420238121807e-05 0.00010080654394433303
  outer loop
    vertex 172.3415985107422 69.54084014892578 52.96823120117187
    vertex 172.35009765625 70.01853942871094 25.26304054260254
    vertex 172.3415985107422 70.10334014892578 27.70248031616211
  endloop
endfacet
facet normal 0.9999999913790804 -8.41420238121807e-05 0.00010080654394433303
  outer loop
    vertex 172.3415985107422 69.54084014892578 52.96823120117187
    vertex 172.3415985107422 70.10334014892578 27.70248031616211
    vertex 172.3415985107422 71.55854034423828 55.37372970581055
  endloop
endfacet
facet normal 0.9999999913790804 -8.41420238121807e-05 0.00010080654394433303
  outer loop
    vertex 172.3415985107422 71.55854034423828 55.37372970581055
    vertex 172.3415985107422 70.10334014892578 27.70248031616211
    vertex 172.3415985107422 70.23063659667969 28.91753005981445
  endloop
endfacet
facet normal 0.9999999913790804 -8.41420238121807e-05 0.00010080654394433303
  outer loop
    vertex 172.3415985107422 71.55854034423828 55.37372970581055
    vertex 172.3415985107422 70.23063659667969 28.91753005981445
    vertex 172.3415985107422 70.35963439941406 30.130889892578125
  endloop
endfacet
facet normal 0.9999999913790804 -8.41420238121807e-05 0.00010080654394433303
  outer loop
    vertex 172.3415985107422 71.55854034423828 55.37372970581055
    vertex 172.3415985107422 70.35963439941406 30.130889892578125
    vertex 172.35009765625 70.7838363647461 32.53638458251953
  endloop
endfacet
facet normal 0.9999999913790804 -8.41420238121807e-05 0.00010080654394433303
  outer loop
    vertex 172.3415985107422 71.55854034423828 55.37372970581055
    vertex 172.35009765625 70.7838363647461 32.53638458251953
    vertex 172.3415985107422 71.37353515625 34.90625
  endloop
endfacet
facet normal 0.9999999913790804 -8.41420238121807e-05 0.00010080654394433303
  outer loop
    vertex 172.3415985107422 71.55854034423828 55.37372970581055
    vertex 172.3415985107422 71.37353515625 34.90625
    vertex 172.3415985107422 72.12783813476562 37.22689056396484
  endloop
endfacet
facet normal 0.9999999913790804 -8.41420238121807e-05 0.00010080654394433303
  outer loop
    vertex 172.3415985107422 71.55854034423828 55.37372970581055
    vertex 172.3415985107422 72.12783813476562 37.22689056396484
    vertex 172.3415985107422 73.74083709716795 57.63243103027344
  endloop
endfacet
facet normal 0.9999999913790804 -8.41420238121807e-05 0.00010080654394433303
  outer loop
    vertex 172.3415985107422 73.74083709716795 57.63243103027344
    vertex 172.3415985107422 72.12783813476562 37.22689056396484
    vertex 172.3415985107422 73.04253387451172 39.491539001464844
  endloop
endfacet
facet normal 0.9999999913790804 -8.41420238121807e-05 0.00010080654394433303
  outer loop
    vertex 172.3415985107422 73.74083709716795 57.63243103027344
    vertex 172.3415985107422 73.04253387451172 39.491539001464844
    vertex 172.3415985107422 73.57713317871094 40.587799072265625
  endloop
endfacet
facet normal 0.9999999913790804 -8.41420238121807e-05 0.00010080654394433303
  outer loop
    vertex 172.3415985107422 73.74083709716795 57.63243103027344
    vertex 172.3415985107422 73.57713317871094 40.587799072265625
    vertex 172.3415985107422 74.11424255371092 41.685760498046875
  endloop
endfacet
facet normal 0.9999999913790804 -8.41420238121807e-05 0.00010080654394433303
  outer loop
    vertex 172.3415985107422 73.74083709716795 57.63243103027344
    vertex 172.3415985107422 74.11424255371092 41.685760498046875
    vertex 172.3415985107422 76.07594299316406 59.73593139648437
  endloop
endfacet
facet normal 0.9999999913790804 -8.41420238121807e-05 0.00010080654394433303
  outer loop
    vertex 172.3415985107422 76.07594299316406 59.73593139648437
    vertex 172.3415985107422 74.11424255371092 41.685760498046875
    vertex 172.3415985107422 74.72343444824219 42.7430305480957
  endloop
endfacet
facet normal 0.9999999913790804 -8.41420238121807e-05 0.00010080654394433303
  outer loop
    vertex 172.3415985107422 76.07594299316406 59.73593139648437
    vertex 172.3415985107422 74.72343444824219 42.7430305480957
    vertex 172.3415985107422 75.33523559570312 43.80102920532226
  endloop
endfacet
facet normal 0.9999999913790804 -8.41420238121807e-05 0.00010080654394433303
  outer loop
    vertex 172.3415985107422 76.07594299316406 59.73593139648437
    vertex 172.3415985107422 75.33523559570312 43.80102920532226
    vertex 172.3415985107422 76.69953918457031 45.82563018798828
  endloop
endfacet
facet normal 0.9999999913790804 -8.41420238121807e-05 0.00010080654394433303
  outer loop
    vertex 172.3415985107422 76.07594299316406 59.73593139648437
    vertex 172.3415985107422 76.69953918457031 45.82563018798828
    vertex 172.3415985107422 78.55014038085938 61.66883087158203
  endloop
endfacet
facet normal 0.9999999913790804 -8.41420238121807e-05 0.00010080654394433303
  outer loop
    vertex 172.3415985107422 78.55014038085938 61.66883087158203
    vertex 172.3415985107422 76.69953918457031 45.82563018798828
    vertex 172.3415985107422 78.20314025878905 47.74913024902343
  endloop
endfacet
facet normal 0.9999999913790804 -8.41420238121807e-05 0.00010080654394433303
  outer loop
    vertex 172.3415985107422 78.55014038085938 61.66883087158203
    vertex 172.3415985107422 78.20314025878905 47.74913024902343
    vertex 172.3415985107422 79.83563995361328 49.563232421875
  endloop
endfacet
facet normal 0.9999999913790804 -8.41420238121807e-05 0.00010080654394433303
  outer loop
    vertex 172.3415985107422 78.55014038085938 61.66883087158203
    vertex 172.3415985107422 79.83563995361328 49.563232421875
    vertex 172.3415985107422 81.15423583984375 63.42512893676757
  endloop
endfacet
facet normal 0.9999999913790804 -8.41420238121807e-05 0.00010080654394433303
  outer loop
    vertex 172.3415985107422 81.15423583984375 63.42512893676757
    vertex 172.3415985107422 79.83563995361328 49.563232421875
    vertex 172.3415985107422 81.59373474121094 51.25852966308593
  endloop
endfacet
facet normal 0.9999999913790804 -8.41420238121807e-05 0.00010080654394433303
  outer loop
    vertex 172.3415985107422 81.15423583984375 63.42512893676757
    vertex 172.3415985107422 81.59373474121094 51.25852966308593
    vertex 172.3415985107422 83.8745346069336 64.99492645263672
  endloop
endfacet
facet normal 0.9999999913790804 -8.41420238121807e-05 0.00010080654394433303
  outer loop
    vertex 172.3415985107422 83.8745346069336 64.99492645263672
    vertex 172.3415985107422 81.59373474121094 51.25852966308593
    vertex 172.3415985107422 82.52873992919922 52.04343032836913
  endloop
endfacet
facet normal 0.9999999913790804 -8.41420238121807e-05 0.00010080654394433303
  outer loop
    vertex 172.3415985107422 83.8745346069336 64.99492645263672
    vertex 172.3415985107422 82.52873992919922 52.04343032836913
    vertex 172.3415985107422 83.46293640136717 52.82913208007812
  endloop
endfacet
facet normal 0.9999999913790804 -8.41420238121807e-05 0.00010080654394433303
  outer loop
    vertex 172.3415985107422 83.8745346069336 64.99492645263672
    vertex 172.3415985107422 83.46293640136717 52.82913208007812
    vertex 172.3415985107422 84.51253509521484 53.59193038940429
  endloop
endfacet
facet normal 0.9999999913790804 -8.41420238121807e-05 0.00010080654394433303
  outer loop
    vertex 172.3415985107422 83.8745346069336 64.99492645263672
    vertex 172.3415985107422 84.51253509521484 53.59193038940429
    vertex 172.3415985107422 84.51253509521484 65.30802917480469
  endloop
endfacet
facet normal 3.3202386579597424e-19 0.6714398678624958 -0.7410590420774813
  outer loop
    vertex 172.35009765625 84.51253509521484 47.16113281249999
    vertex 167.35069274902344 84.16133880615234 46.84292984008789
    vertex 167.35069274902344 84.51253509521484 47.16113281249999
  endloop
endfacet
facet normal 3.3202386579597424e-19 0.6714398678624958 -0.7410590420774813
  outer loop
    vertex 167.35069274902344 84.16133880615234 46.84292984008789
    vertex 172.35009765625 84.51253509521484 47.16113281249999
    vertex 202.35049438476562 84.16133880615234 46.84292984008789
  endloop
endfacet
facet normal 3.3202386579597424e-19 0.6714398678624958 -0.7410590420774813
  outer loop
    vertex 202.35049438476562 84.16133880615234 46.84292984008789
    vertex 172.35009765625 84.51253509521484 47.16113281249999
    vertex 202.35049438476562 84.51253509521484 47.16113281249999
  endloop
endfacet
facet normal -0.9999994027088591 0.001055772025429077 -0.00028271426459969994
  outer loop
    vertex 172.35009765625 85.43914031982422 54.263931274414055
    vertex 172.35009765625 84.51253509521484 47.16113281249999
    vertex 172.3415985107422 84.51253509521484 53.59193038940429
  endloop
endfacet
facet normal -0.9999994027088591 0.001055772025429077 -0.00028271426459969994
  outer loop
    vertex 172.35009765625 84.51253509521484 47.16113281249999
    vertex 172.35009765625 85.43914031982422 54.263931274414055
    vertex 172.35009765625 85.71743774414061 48.24552917480469
  endloop
endfacet
facet normal -0.9999994027088591 0.001055772025429077 -0.00028271426459969994
  outer loop
    vertex 172.35009765625 85.71743774414061 48.24552917480469
    vertex 172.35009765625 85.43914031982422 54.263931274414055
    vertex 172.35009765625 86.47433471679686 54.91213226318359
  endloop
endfacet
facet normal -0.9999994027088591 0.001055772025429077 -0.00028271426459969994
  outer loop
    vertex 172.35009765625 85.71743774414061 48.24552917480469
    vertex 172.35009765625 86.47433471679686 54.91213226318359
    vertex 172.35009765625 87.36603546142578 49.532730102539055
  endloop
endfacet
facet normal -0.9999994027088591 0.001055772025429077 -0.00028271426459969994
  outer loop
    vertex 172.35009765625 87.36603546142578 49.532730102539055
    vertex 172.35009765625 86.47433471679686 54.91213226318359
    vertex 172.35009765625 87.50943756103516 55.55792999267578
  endloop
endfacet
facet normal -0.9999994027088591 0.001055772025429077 -0.00028271426459969994
  outer loop
    vertex 172.35009765625 87.36603546142578 49.532730102539055
    vertex 172.35009765625 87.50943756103516 55.55792999267578
    vertex 172.35009765625 88.52684020996094 50.31583023071289
  endloop
endfacet
facet normal -0.9999994027088591 0.001055772025429077 -0.00028271426459969994
  outer loop
    vertex 172.35009765625 88.52684020996094 50.31583023071289
    vertex 172.35009765625 87.50943756103516 55.55792999267578
    vertex 172.35009765625 88.52684020996094 56.098430633544915
  endloop
endfacet
facet normal 0.0 0.6689592709785763 -0.7432990607903469
  outer loop
    vertex 202.35049438476562 85.71743774414061 48.24552917480469
    vertex 172.35009765625 84.51253509521484 47.16113281249999
    vertex 172.35009765625 85.71743774414061 48.24552917480469
  endloop
endfacet
facet normal 0.0 0.6689592709785763 -0.7432990607903469
  outer loop
    vertex 172.35009765625 84.51253509521484 47.16113281249999
    vertex 202.35049438476562 85.71743774414061 48.24552917480469
    vertex 202.35049438476562 84.51253509521484 47.16113281249999
  endloop
endfacet
facet normal -4.249969275012368e-30 0.4697100443824927 0.8828207486269208
  outer loop
    vertex 209.85040283203125 120.33543395996094 56.704231262207024
    vertex 202.35049438476562 121.47403717041014 56.098430633544915
    vertex 202.35049438476562 120.33543395996094 56.704231262207024
  endloop
endfacet
facet normal -4.249969275012368e-30 0.4697100443824927 0.8828207486269208
  outer loop
    vertex 202.35049438476562 121.47403717041014 56.098430633544915
    vertex 209.85040283203125 120.33543395996094 56.704231262207024
    vertex 209.85040283203125 121.47403717041014 56.098430633544915
  endloop
endfacet
facet normal -5.044637453181413e-19 0.46915893811979004 0.8831137473634475
  outer loop
    vertex 202.35049438476562 121.47403717041014 56.098430633544915
    vertex 172.35009765625 122.49143981933592 55.55792999267578
    vertex 172.35009765625 121.47403717041014 56.098430633544915
  endloop
endfacet
facet normal -5.044637453181413e-19 0.46915893811979004 0.8831137473634475
  outer loop
    vertex 172.35009765625 122.49143981933592 55.55792999267578
    vertex 202.35049438476562 121.47403717041014 56.098430633544915
    vertex 209.85040283203125 122.49143981933592 55.55792999267578
  endloop
endfacet
facet normal -5.044637453181413e-19 0.46915893811979004 0.8831137473634475
  outer loop
    vertex 209.85040283203125 122.49143981933592 55.55792999267578
    vertex 202.35049438476562 121.47403717041014 56.098430633544915
    vertex 209.85040283203125 121.47403717041014 56.098430633544915
  endloop
endfacet
facet normal 4.014760220553076e-06 0.5877996619846312 0.8090065249147471
  outer loop
    vertex 209.85040283203125 125.48815774851357 53.591686728271505
    vertex 172.35009765625 126.53794097900389 52.82913208007812
    vertex 172.35009765625 125.48833465576172 53.59193038940429
  endloop
endfacet
facet normal 4.014760220553076e-06 0.5877996619846312 0.8090065249147471
  outer loop
    vertex 172.35009765625 126.53794097900389 52.82913208007812
    vertex 209.85040283203125 125.48815774851357 53.591686728271505
    vertex 209.85040283203125 126.53794097900389 52.82913208007812
  endloop
endfacet
facet normal 4.014760151201319e-06 0.587198651692354 0.8094428598947323
  outer loop
    vertex 209.85040283203125 124.56173706054686 54.263931274414055
    vertex 172.35009765625 125.48833465576172 53.59193038940429
    vertex 172.35009765625 124.56173706054686 54.263931274414055
  endloop
endfacet
facet normal 4.014760151201319e-06 0.587198651692354 0.8094428598947323
  outer loop
    vertex 172.35009765625 125.48833465576172 53.59193038940429
    vertex 209.85040283203125 124.56173706054686 54.263931274414055
    vertex 209.85040283203125 125.48815774851357 53.591686728271505
  endloop
endfacet
facet normal -1.6569195883809204e-32 0.9902535473193037 -0.13927638716428425
  outer loop
    vertex 80.14869689941405 65.11673736572266 32.29626083374023
    vertex 167.35069274902344 64.72303771972656 29.497060775756836
    vertex 80.14869689941405 64.72303771972656 29.497060775756836
  endloop
endfacet
facet normal -1.6569195883809204e-32 0.9902535473193037 -0.13927638716428425
  outer loop
    vertex 167.35069274902344 64.72303771972656 29.497060775756836
    vertex 80.14869689941405 65.11673736572266 32.29626083374023
    vertex 167.35069274902344 65.11673736572266 32.29626083374023
  endloop
endfacet
facet normal -1.636744082083782e-32 0.97819571010149 -0.20768522513419704
  outer loop
    vertex 80.14869689941405 65.70384216308594 35.061519622802734
    vertex 167.35069274902344 65.11673736572266 32.29626083374023
    vertex 80.14869689941405 65.11673736572266 32.29626083374023
  endloop
endfacet
facet normal -1.636744082083782e-32 0.97819571010149 -0.20768522513419704
  outer loop
    vertex 167.35069274902344 65.11673736572266 32.29626083374023
    vertex 80.14869689941405 65.70384216308594 35.061519622802734
    vertex 167.35069274902344 65.70384216308594 35.061519622802734
  endloop
endfacet
facet normal 1.604538161629416e-10 0.9397270786933687 -0.34192545616029724
  outer loop
    vertex 80.14869689941405 66.48283386230469 37.7784194946289
    vertex 95.14929962158203 66.98933410644531 39.169109344482415
    vertex 167.35069274902344 66.48283386230469 37.7784194946289
  endloop
endfacet
facet normal 1.604538161629416e-10 0.9397270786933687 -0.34192545616029724
  outer loop
    vertex 95.14929962158203 66.98933410644531 39.169109344482415
    vertex 80.14869689941405 66.48283386230469 37.7784194946289
    vertex 80.14869689941405 67.44923400878906 40.434219360351555
  endloop
endfacet
facet normal 1.604538161629416e-10 0.9397270786933687 -0.34192545616029724
  outer loop
    vertex 95.14929962158203 66.98933410644531 39.169109344482415
    vertex 80.14869689941405 67.44923400878906 40.434219360351555
    vertex 95.14929962158203 67.44923400878906 40.434219360351555
  endloop
endfacet
facet normal 1.604538161629416e-10 0.9397270786933687 -0.34192545616029724
  outer loop
    vertex 167.35069274902344 66.48283386230469 37.7784194946289
    vertex 152.34249877929688 66.98933410644531 39.169109344482415
    vertex 167.35069274902344 67.44923400878906 40.434219360351555
  endloop
endfacet
facet normal 1.604538161629416e-10 0.9397270786933687 -0.34192545616029724
  outer loop
    vertex 152.34249877929688 66.98933410644531 39.169109344482415
    vertex 167.35069274902344 66.48283386230469 37.7784194946289
    vertex 95.14929962158203 66.98933410644531 39.169109344482415
  endloop
endfacet
facet normal 1.604538161629416e-10 0.9397270786933687 -0.34192545616029724
  outer loop
    vertex 167.35069274902344 67.44923400878906 40.434219360351555
    vertex 152.34249877929688 66.98933410644531 39.169109344482415
    vertex 152.34249877929688 67.44923400878906 40.434219360351555
  endloop
endfacet
facet normal -2.3058374724808356e-33 0.9612679581346563 -0.27561551600668105
  outer loop
    vertex 80.14869689941405 66.48283386230469 37.7784194946289
    vertex 167.35069274902344 65.70384216308594 35.061519622802734
    vertex 80.14869689941405 65.70384216308594 35.061519622802734
  endloop
endfacet
facet normal -2.3058374724808356e-33 0.9612679581346563 -0.27561551600668105
  outer loop
    vertex 167.35069274902344 65.70384216308594 35.061519622802734
    vertex 80.14869689941405 66.48283386230469 37.7784194946289
    vertex 167.35069274902344 66.48283386230469 37.7784194946289
  endloop
endfacet
endsolid Untitled-6ab294bb
