solid sensor_head_cable_holder
facet normal 0.7293093585866476 -0.34796516931932975 0.5890909101475789
  outer loop
    vertex -4965.502404512433 -16.597984095947268 4136.035767773404
    vertex -4974.786646541267 -40.34835219771128 4133.500987091522
    vertex -4972.396804491676 -40.34850982248271 4130.542209439017
  endloop
endfacet
facet normal 0.7293093585866476 -0.34796516931932975 0.5890909101475789
  outer loop
    vertex -4974.786646541267 -40.34835219771128 4133.500987091522
    vertex -4965.502404512433 -16.597984095947268 4136.035767773404
    vertex -4967.414278152105 -16.597857996130884 4138.402789895415
  endloop
endfacet
facet normal 0.5531234968436627 0.3439095691297898 0.7588020858566488
  outer loop
    vertex -4961.065158514548 233.40222703171597 4131.820384080813
    vertex -4963.735744198213 257.15292985017066 4123.002629879068
    vertex -4966.850246994321 257.1528089004297 4125.27297982327
  endloop
endfacet
facet normal 0.5531234968436627 0.3439095691297898 0.7588020858566488
  outer loop
    vertex -4963.735744198213 257.15292985017066 4123.002629879068
    vertex -4961.065158514548 233.40222703171597 4131.820384080813
    vertex -4958.573556277661 233.40232379150754 4130.004104125448
  endloop
endfacet
facet normal 0.0 0.23344536385579262 -0.9723699203977036
  outer loop
    vertex -4962.924804594873 -4.073736751591029 4053.8239180668725
    vertex -5112.9248045948725 -12.559157379492373 4051.7867488122542
    vertex -5112.9248045948725 -4.073736751591029 4053.8239180668725
  endloop
endfacet
facet normal 0.0 0.23344536385579262 -0.9723699203977036
  outer loop
    vertex -5112.9248045948725 -12.559157379492373 4051.7867488122542
    vertex -4962.924804594873 -4.073736751591029 4053.8239180668725
    vertex -4962.924804594873 -12.559157379492373 4051.7867488122542
  endloop
endfacet
facet normal 0.32408859012960106 -0.6822505297385502 0.6553631057812723
  outer loop
    vertex -4961.697081787945 -62.69235653645329 4109.591979697882
    vertex -4980.112304541435 -91.59760941665331 4088.607485150546
    vertex -4973.58322038418 -91.59772409288728 4085.3786003762593
  endloop
endfacet
facet normal 0.32408859012960106 -0.6822505297385502 0.6553631057812723
  outer loop
    vertex -4980.112304541435 -91.59760941665331 4088.607485150546
    vertex -4961.697081787945 -62.69235653645329 4109.591979697882
    vertex -4966.049804559447 -62.69224186021951 4111.744569547408
  endloop
endfacet
facet normal 0.6565863781005972 -1.8036285514731378e-19 0.7542508389738387
  outer loop
    vertex -4961.065158514548 -16.598208664659047 4131.820384080813
    vertex -4963.380648685583 233.4021196498006 4133.836052113739
    vertex -4963.380648685583 -16.59810128274387 4133.836052113739
  endloop
endfacet
facet normal 0.6565863781005972 -1.8036285514731378e-19 0.7542508389738387
  outer loop
    vertex -4963.380648685583 233.4021196498006 4133.836052113739
    vertex -4961.065158514548 -16.598208664659047 4131.820384080813
    vertex -4961.065158514548 233.40222703171597 4131.820384080813
  endloop
endfacet
facet normal 0.0 0.28401534470400364 0.9588197348681691
  outer loop
    vertex -4962.924804594873 235.19497409615937 4008.819265805883
    vertex -5112.9248045948725 242.8927745927995 4006.5390734172515
    vertex -5112.9248045948725 235.19497409615937 4008.819265805883
  endloop
endfacet
facet normal 0.0 0.28401534470400364 0.9588197348681691
  outer loop
    vertex -5112.9248045948725 242.8927745927995 4006.5390734172515
    vertex -4962.924804594873 235.19497409615937 4008.819265805883
    vertex -4962.924804594873 242.8927745927995 4006.5390734172515
  endloop
endfacet
facet normal 0.0 0.3826834323651266 0.9238795325112715
  outer loop
    vertex -4962.924804594873 280.7208233916608 3993.1434587749786
    vertex -5112.9248045948725 288.1381095254063 3990.071118262379
    vertex -5112.9248045948725 280.7208233916608 3993.1434587749786
  endloop
endfacet
facet normal 0.0 0.3826834323651266 0.9238795325112715
  outer loop
    vertex -5112.9248045948725 288.1381095254063 3990.071118262379
    vertex -4962.924804594873 280.7208233916608 3993.1434587749786
    vertex -4962.924804594873 288.1381095254063 3990.071118262379
  endloop
endfacet
facet normal 0.0 -0.25038000405454014 -0.9681476403780822
  outer loop
    vertex -4962.924804594873 237.81131297159996 4049.601798818789
    vertex -5112.9248045948725 229.36273822017338 4051.7867488122542
    vertex -5112.9248045948725 237.81131297159996 4049.601798818789
  endloop
endfacet
facet normal 0.0 -0.25038000405454014 -0.9681476403780822
  outer loop
    vertex -5112.9248045948725 229.36273822017338 4051.7867488122542
    vertex -4962.924804594873 237.81131297159996 4049.601798818789
    vertex -4962.924804594873 229.36273822017338 4051.7867488122542
  endloop
endfacet
facet normal 0.03899691673512886 0.33837337580036836 0.9402035412795552
  outer loop
    vertex -4941.062411330366 233.4026463556995 4123.9492453809025
    vertex -4937.924804595475 257.15334172178314 4115.271379792232
    vertex -4941.846813014103 257.1533330554098 4115.434056448394
  endloop
endfacet
facet normal 0.03899691673512886 0.33837337580036836 0.9402035412795552
  outer loop
    vertex -4937.924804595475 257.15334172178314 4115.271379792232
    vertex -4941.062411330366 233.4026463556995 4123.9492453809025
    vertex -4937.924804595468 233.40265328879815 4123.819104055976
  endloop
endfacet
facet normal 0.6751208060273399 0.3466039569709637 0.6512124033532112
  outer loop
    vertex -4963.380648685583 233.4021196498006 4133.836052113739
    vertex -4972.396804491676 257.15252818954036 4130.542209439017
    vertex -4965.502404512433 233.40200246300418 4136.035767773404
  endloop
endfacet
facet normal 0.6751208060273399 0.3466039569709637 0.6512124033532112
  outer loop
    vertex -4972.396804491676 257.15252818954036 4130.542209439017
    vertex -4963.380648685583 233.4021196498006 4133.836052113739
    vertex -4969.744609708116 257.152674673037 4127.79256486444
  endloop
endfacet
facet normal -0.5999592207595923 0.6914871176588506 0.4023611556020261
  outer loop
    vertex -4891.847502163234 279.4954276810417 4127.3723112045955
    vertex -4864.85391124474 308.4005857794456 4117.946708847491
    vertex -4868.8088509471145 308.40079523747715 4112.049097636329
  endloop
endfacet
facet normal -0.5999592207595923 0.6914871176588506 0.4023611556020261
  outer loop
    vertex -4864.85391124474 308.4005857794456 4117.946708847491
    vertex -4891.847502163234 279.4954276810417 4127.3723112045955
    vertex -4889.210875694984 279.49521822301017 4131.304052012041
  endloop
endfacet
facet normal -0.7852180091575676 0.44528425445094605 0.430295957258131
  outer loop
    vertex -4886.944991639952 279.4949979320119 4135.439138639685
    vertex -4898.953661475081 257.15220299834453 4136.64637973748
    vertex -4897.140954231056 257.1520267655468 4139.954449039594
  endloop
endfacet
facet normal -0.7852180091575676 0.44528425445094605 0.430295957258131
  outer loop
    vertex -4898.953661475081 257.15220299834453 4136.64637973748
    vertex -4886.944991639952 279.4949979320119 4135.439138639685
    vertex -4889.210875694984 279.49521822301017 4131.304052012041
  endloop
endfacet
facet normal 6.717523687711093e-08 -0.36650122672453006 -0.9304175679819304
  outer loop
    vertex -4930.924804595149 261.9904972254893 3946.7842801278257
    vertex -5144.924804594388 255.33264973391377 3949.4068605492157
    vertex -5144.924804594388 261.99049372086404 3946.7842660577435
  endloop
endfacet
facet normal 6.717523687711093e-08 -0.36650122672453006 -0.9304175679819304
  outer loop
    vertex -5144.924804594388 255.33264973391377 3949.4068605492157
    vertex -4930.924804595149 261.9904972254893 3946.7842801278257
    vertex -4930.924804595149 255.33265323853905 3949.4068746192966
  endloop
endfacet
facet normal -0.5296506236829229 0.4376220397935605 0.7266066109795687
  outer loop
    vertex -4908.999362196624 257.1528089004312 4125.27297982327
    vertex -4905.661130092057 279.4961267877935 4114.24936468902
    vertex -4912.113864992739 257.15292985017066 4123.002629879068
  endloop
endfacet
facet normal -0.5296506236829229 0.4376220397935605 0.7266066109795687
  outer loop
    vertex -4905.661130092057 279.4961267877935 4114.24936468902
    vertex -4908.999362196624 257.1528089004312 4125.27297982327
    vertex -4901.768001596912 279.49597560061807 4117.087302119279
  endloop
endfacet
facet normal 0.0 0.3502073812594403 -0.9366721892484079
  outer loop
    vertex -4962.924804594873 -62.60828124249369 4036.48519606721
    vertex -5112.9248045948725 -70.78218435230883 4033.429098922857
    vertex -5112.9248045948725 -62.60828124249369 4036.48519606721
  endloop
endfacet
facet normal 0.0 0.3502073812594403 -0.9366721892484079
  outer loop
    vertex -5112.9248045948725 -70.78218435230883 4033.429098922857
    vertex -4962.924804594873 -62.60828124249369 4036.48519606721
    vertex -4962.924804594873 -70.78218435230883 4033.429098922857
  endloop
endfacet
facet normal 6.731962412579226e-08 -0.35020738125939654 -0.9366721892484218
  outer loop
    vertex -4930.924804595149 255.33265323853905 3949.4068746192966
    vertex -5144.924804594388 248.63004918386417 3951.912860207585
    vertex -5144.924804594388 255.33264973391377 3949.4068605492157
  endloop
endfacet
facet normal 6.731962412579226e-08 -0.35020738125939654 -0.9366721892484218
  outer loop
    vertex -5144.924804594388 248.63004918386417 3951.912860207585
    vertex -4930.924804595149 255.33265323853905 3949.4068746192966
    vertex -4930.924804595149 248.63005268848946 3951.9128742776666
  endloop
endfacet
facet normal -0.778222161196857 0.3492796747252096 0.5218946030051901
  outer loop
    vertex -4898.953661475081 257.15220299834453 4136.64637973748
    vertex -4908.4353310388315 233.40187636318763 4138.402789895415
    vertex -4906.747890099156 233.40174231004696 4140.919104012177
  endloop
endfacet
facet normal -0.778222161196857 0.3492796747252096 0.5218946030051901
  outer loop
    vertex -4908.4353310388315 233.40187636318763 4138.402789895415
    vertex -4898.953661475081 257.15220299834453 4136.64637973748
    vertex -4901.062962649681 257.15237056476894 4133.500987091522
  endloop
endfacet
facet normal 0.785218009157013 0.4452842544509574 0.43029595725913133
  outer loop
    vertex -4976.895947715861 257.15220299834453 4136.64637973748
    vertex -4988.904617550998 279.4949979320119 4135.439138639685
    vertex -4978.708654959893 257.1520267655468 4139.954449039594
  endloop
endfacet
facet normal 0.785218009157013 0.4452842544509574 0.43029595725913133
  outer loop
    vertex -4988.904617550998 279.4949979320119 4135.439138639685
    vertex -4976.895947715861 257.15220299834453 4136.64637973748
    vertex -4986.638733495959 279.49521822301017 4131.304052012041
  endloop
endfacet
facet normal 0.6821484108917863 -0.6952721860647247 0.22642909000963074
  outer loop
    vertex -4990.782514446991 -62.69075011753841 4139.746100581448
    vertex -5019.424796084242 -91.59588081637187 4137.278869713984
    vertex -5017.211369372751 -91.59611767397384 4130.609781701621
  endloop
endfacet
facet normal 0.6821484108917863 -0.6952721860647247 0.22642909000963074
  outer loop
    vertex -5019.424796084242 -91.59588081637187 4137.278869713984
    vertex -4990.782514446991 -62.69075011753841 4139.746100581448
    vertex -4992.258132254652 -62.690513259936445 4144.192159256363
  endloop
endfacet
facet normal -0.7442305356830353 -0.4438640107470781 0.4991048484241163
  outer loop
    vertex -4889.210875694984 -62.69119985595341 4131.304052012041
    vertex -4901.062962649681 -40.34835219771128 4133.500987091522
    vertex -4891.847502163234 -62.69140931398497 4127.3723112045955
  endloop
endfacet
facet normal -0.7442305356830353 -0.4438640107470781 0.4991048484241163
  outer loop
    vertex -4901.062962649681 -40.34835219771128 4133.500987091522
    vertex -4889.210875694984 -62.69119985595341 4131.304052012041
    vertex -4898.953661475081 -40.34818463128689 4136.64637973748
  endloop
endfacet
facet normal -0.37787551654363244 -0.6836261938107855 0.6243919611371221
  outer loop
    vertex -4889.529292840348 -91.59747597717056 4092.3646778629777
    vertex -4909.79980463149 -62.69224186021951 4111.744569547408
    vertex -4895.737304649498 -91.59760941665331 4088.607485150546
  endloop
endfacet
facet normal -0.37787551654363244 -0.6836261938107855 0.6243919611371221
  outer loop
    vertex -4909.79980463149 -62.69224186021951 4111.744569547408
    vertex -4889.529292840348 -91.59747597717056 4092.3646778629777
    vertex -4905.661130092057 -62.692108420736766 4114.24936468902
  endloop
endfacet
facet normal 6.661950099212e-08 -0.41469324265627094 -0.9099612708765262
  outer loop
    vertex -5144.924804594388 281.67527773402674 3938.22507837039
    vertex -4930.924804595149 275.1638175860441 3941.1925373889108
    vertex -5144.924804594389 275.1638140814188 3941.192523318829
  endloop
endfacet
facet normal 6.661950099212e-08 -0.41469324265627094 -0.9099612708765262
  outer loop
    vertex -4930.924804595149 275.1638175860441 3941.1925373889108
    vertex -5144.924804594388 281.67527773402674 3938.22507837039
    vertex -4930.924804595149 281.675281238652 3938.2250924404702
  endloop
endfacet
facet normal 0.0 0.39874906892526557 0.9170600743851156
  outer loop
    vertex -4962.924804594873 288.1381095254063 3990.071118262379
    vertex -5112.9248045948725 295.5006462352089 3986.8697961898524
    vertex -5112.9248045948725 288.1381095254063 3990.071118262379
  endloop
endfacet
facet normal 0.0 0.39874906892526557 0.9170600743851156
  outer loop
    vertex -5112.9248045948725 295.5006462352089 3986.8697961898524
    vertex -4962.924804594873 288.1381095254063 3990.071118262379
    vertex -4962.924804594873 295.5006462352089 3986.8697961898524
  endloop
endfacet
facet normal -0.28693818140945604 2.7189942072668687e-20 0.9579491009701059
  outer loop
    vertex -4925.612079451514 -16.598525044258942 4125.881616419814
    vertex -4928.607318983711 233.40259120710158 4124.984440793903
    vertex -4928.607318983711 -16.598572840044657 4124.984440793903
  endloop
endfacet
facet normal -0.28693818140945604 2.7189942072668687e-20 0.9579491009701059
  outer loop
    vertex -4928.607318983711 233.40259120710158 4124.984440793903
    vertex -4925.612079451514 -16.598525044258942 4125.881616419814
    vertex -4925.612079451514 233.40254341131586 4125.881616419814
  endloop
endfacet
facet normal -0.20608882652981442 1.0199274008415632e-30 0.9785332879261512
  outer loop
    vertex -4928.607318983711 -16.598572840044657 4124.984440793903
    vertex -4931.6734702074655 233.40262560916943 4124.338678901627
    vertex -4931.6734702074655 -16.59860724211251 4124.338678901627
  endloop
endfacet
facet normal -0.20608882652981442 1.0199274008415632e-30 0.9785332879261512
  outer loop
    vertex -4931.6734702074655 233.40262560916943 4124.338678901627
    vertex -4928.607318983711 -16.598572840044657 4124.984440793903
    vertex -4928.607318983711 233.40259120710158 4124.984440793903
  endloop
endfacet
facet normal -0.4864200002202699 0.34265603781891635 0.8037303174149611
  outer loop
    vertex -4917.276052913276 233.40232379150754 4130.004104125448
    vertex -4915.424804624286 257.1530366017577 4120.99879376578
    vertex -4919.924804618521 233.40240919277662 4128.40103523481
  endloop
endfacet
facet normal -0.4864200002202699 0.34265603781891635 0.8037303174149611
  outer loop
    vertex -4915.424804624286 257.1530366017577 4120.99879376578
    vertex -4917.276052913276 233.40232379150754 4130.004104125448
    vertex -4912.113864992739 257.15292985017066 4123.002629879068
  endloop
endfacet
facet normal -0.04144226206705972 -1.1711330106601865e-20 0.9991409004313483
  outer loop
    vertex -4934.787197860572 -16.59862798864274 4123.9492453809025
    vertex -4937.924804595468 233.40265328879815 4123.819104055976
    vertex -4937.924804595468 -16.598634921741226 4123.819104055976
  endloop
endfacet
facet normal -0.04144226206705972 -1.1711330106601865e-20 0.9991409004313483
  outer loop
    vertex -4937.924804595468 233.40265328879815 4123.819104055976
    vertex -4934.787197860572 -16.59862798864274 4123.9492453809025
    vertex -4934.787197860572 233.4026463556995 4123.9492453809025
  endloop
endfacet
facet normal -0.6460511318019898 -0.44075743443854043 0.623177999519017
  outer loop
    vertex -4894.834804725209 -62.691606344948 4123.673839138958
    vertex -4906.104999482833 -40.3486563059795 4127.79256486444
    vertex -4898.150048204673 -62.6917894493175 4120.236783420731
  endloop
endfacet
facet normal -0.6460511318019898 -0.44075743443854043 0.623177999519017
  outer loop
    vertex -4906.104999482833 -40.3486563059795 4127.79256486444
    vertex -4894.834804725209 -62.691606344948 4123.673839138958
    vertex -4903.452804699262 -40.34850982248271 4130.542209439017
  endloop
endfacet
facet normal -0.41663369046727494 -0.3415129895590448 0.8424875345843775
  outer loop
    vertex -4918.906982841496 -40.349109975688386 4119.276721886156
    vertex -4919.924804618521 -16.59839082571989 4128.40103523481
    vertex -4922.710547192288 -16.598464218510653 4127.023377731114
  endloop
endfacet
facet normal -0.41663369046727494 -0.3415129895590448 0.8424875345843775
  outer loop
    vertex -4919.924804618521 -16.59839082571989 4128.40103523481
    vertex -4918.906982841496 -40.349109975688386 4119.276721886156
    vertex -4915.424804624286 -40.349018234700246 4120.99879376578
  endloop
endfacet
facet normal -0.7293093585874402 -0.3479651693191541 0.5890909101467015
  outer loop
    vertex -4901.062962649681 -40.34835219771128 4133.500987091522
    vertex -4910.347204678504 -16.597984095947268 4136.035767773404
    vertex -4903.452804699262 -40.34850982248271 4130.542209439017
  endloop
endfacet
facet normal -0.7293093585874402 -0.3479651693191541 0.5890909101467015
  outer loop
    vertex -4910.347204678504 -16.597984095947268 4136.035767773404
    vertex -4901.062962649681 -40.34835219771128 4133.500987091522
    vertex -4908.4353310388315 -16.597857996130884 4138.402789895415
  endloop
endfacet
facet normal -0.3299422446189167 0.43365817536278073 0.8384978844080971
  outer loop
    vertex -4918.906982841496 257.153128342746 4119.276721886156
    vertex -4918.686171558047 279.4964699437434 4107.80797764897
    vertex -4922.533898165531 257.1532043749303 4117.849520247026
  endloop
endfacet
facet normal -0.3299422446189167 0.43365817536278073 0.8384978844080971
  outer loop
    vertex -4918.686171558047 279.4964699437434 4107.80797764897
    vertex -4918.906982841496 257.153128342746 4119.276721886156
    vertex -4914.152527403002 279.49637490351023 4109.591979697882
  endloop
endfacet
facet normal 0.11677027352584989 -0.3385953451600403 0.933658339788518
  outer loop
    vertex -4941.846813014103 -40.349314688352365 4115.434056448394
    vertex -4944.176138983472 -16.59860724211251 4124.338678901627
    vertex -4945.738972580481 -40.34928875519053 4115.920848349298
  endloop
endfacet
facet normal 0.11677027352584989 -0.3385953451600403 0.933658339788518
  outer loop
    vertex -4944.176138983472 -16.59860724211251 4124.338678901627
    vertex -4941.846813014103 -40.349314688352365 4115.434056448394
    vertex -4941.062411330366 -16.59862798864274 4123.9492453809025
  endloop
endfacet
facet normal 0.19387940491529565 0.33903382955928274 0.9205796210888323
  outer loop
    vertex -4947.242290207227 233.40259120710158 4124.984440793903
    vertex -4945.738972580481 257.153307122248 4115.920848349298
    vertex -4949.571661610173 257.1532641196624 4116.728050714646
  endloop
endfacet
facet normal 0.19387940491529565 0.33903382955928274 0.9205796210888323
  outer loop
    vertex -4945.738972580481 257.153307122248 4115.920848349298
    vertex -4947.242290207227 233.40259120710158 4124.984440793903
    vertex -4944.176138983472 233.40262560916943 4124.338678901627
  endloop
endfacet
facet normal -0.8850462706617545 -0.4490478101681933 0.12267502994036983
  outer loop
    vertex -4881.888852899573 -62.690024567372014 4153.365416952446
    vertex -4893.6084557666845 -40.3474413823476 4150.597920106486
    vertex -4882.529368559489 -62.690270794780865 4148.743477473298
  endloop
endfacet
facet normal -0.8850462706617545 -0.4490478101681933 0.12267502994036983
  outer loop
    vertex -4893.6084557666845 -40.3474413823476 4150.597920106486
    vertex -4881.888852899573 -62.690024567372014 4153.365416952446
    vertex -4893.096043238753 -40.34724440042239 4154.295471689804
  endloop
endfacet
facet normal 0.0 -0.366501226724331 -0.9304175679820113
  outer loop
    vertex -4962.924804594873 295.705087128297 4030.2308129576495
    vertex -5112.9248045948725 287.5857651929908 4033.429098922857
    vertex -5112.9248045948725 295.705087128297 4030.2308129576495
  endloop
endfacet
facet normal 0.0 -0.366501226724331 -0.9304175679820113
  outer loop
    vertex -5112.9248045948725 287.5857651929908 4033.429098922857
    vertex -4962.924804594873 295.705087128297 4030.2308129576495
    vertex -4962.924804594873 287.5857651929908 4033.429098922857
  endloop
endfacet
facet normal -0.616207069938244 0.34523840410949064 0.7078836707299133
  outer loop
    vertex -4912.468960505354 233.4021196498006 4133.836052113739
    vertex -4908.999362196624 257.1528089004312 4125.27297982327
    vertex -4914.784450676389 233.40222703171597 4131.820384080813
  endloop
endfacet
facet normal -0.616207069938244 0.34523840410949064 0.7078836707299133
  outer loop
    vertex -4908.999362196624 257.1528089004312 4125.27297982327
    vertex -4912.468960505354 233.4021196498006 4133.836052113739
    vertex -4906.104999482833 257.152674673037 4127.79256486444
  endloop
endfacet
facet normal -0.9166567286589575 6.409721916818715e-20 0.39967542056556166
  outer loop
    vertex -4904.0958702905 -16.597436110405717 4146.322015096599
    vertex -4905.297724303934 233.40160132380907 4143.565559453866
    vertex -4905.297724303934 -16.597582956752152 4143.565559453866
  endloop
endfacet
facet normal -0.9166567286589575 6.409721916818715e-20 0.39967542056556166
  outer loop
    vertex -4905.297724303934 233.40160132380907 4143.565559453866
    vertex -4904.0958702905 -16.597436110405717 4146.322015096599
    vertex -4904.0958702905 233.40145447746247 4146.322015096599
  endloop
endfacet
facet normal 0.888155665525792 -0.3525298358237252 0.2947918395216109
  outer loop
    vertex -4971.753738900437 -16.597436110405717 4146.322015096599
    vertex -4981.391466722816 -40.34763535447394 4146.9568655329385
    vertex -4980.210972476687 -40.347824840556086 4143.400018593014
  endloop
endfacet
facet normal 0.888155665525792 -0.3525298358237252 0.2947918395216109
  outer loop
    vertex -4981.391466722816 -40.34763535447394 4146.9568655329385
    vertex -4971.753738900437 -16.597436110405717 4146.322015096599
    vertex -4972.69813429734 -16.597284521539997 4149.167492648542
  endloop
endfacet
facet normal 0.03899691673513055 -0.33837337580037713 0.9402035412795519
  outer loop
    vertex -4937.924804595475 -40.3493233547257 4115.271379792232
    vertex -4941.062411330366 -16.59862798864274 4123.9492453809025
    vertex -4941.846813014103 -40.349314688352365 4115.434056448394
  endloop
endfacet
facet normal 0.03899691673513055 -0.33837337580037713 0.9402035412795519
  outer loop
    vertex -4941.062411330366 -16.59862798864274 4123.9492453809025
    vertex -4937.924804595475 -40.3493233547257 4115.271379792232
    vertex -4937.924804595468 -16.598634921741226 4123.819104055976
  endloop
endfacet
facet normal -0.6751208060265913 0.3466039569707731 0.6512124033540887
  outer loop
    vertex -4903.452804699262 257.15252818954036 4130.542209439017
    vertex -4912.468960505354 233.4021196498006 4133.836052113739
    vertex -4910.347204678504 233.40200246300418 4136.035767773404
  endloop
endfacet
facet normal -0.6751208060265913 0.3466039569707731 0.6512124033540887
  outer loop
    vertex -4912.468960505354 233.4021196498006 4133.836052113739
    vertex -4903.452804699262 257.15252818954036 4130.542209439017
    vertex -4906.104999482833 257.152674673037 4127.79256486444
  endloop
endfacet
facet normal -0.9264782969331293 -0.35376320964430974 0.1284116693063535
  outer loop
    vertex -4893.096043238753 -40.34724440042239 4154.295471689804
    vertex -4902.471725532433 -16.597129343838926 4152.080336307377
    vertex -4893.6084557666845 -40.3474413823476 4150.597920106486
  endloop
endfacet
facet normal -0.9264782969331293 -0.35376320964430974 0.1284116693063535
  outer loop
    vertex -4902.471725532433 -16.597129343838926 4152.080336307377
    vertex -4893.096043238753 -40.34724440042239 4154.295471689804
    vertex -4902.061795510094 -16.59697175829887 4155.038377574039
  endloop
endfacet
facet normal -0.5898684739656868 0.4391692357250812 0.6776323234719843
  outer loop
    vertex -4906.104999482833 257.152674673037 4127.79256486444
    vertex -4901.768001596912 279.49597560061807 4117.087302119279
    vertex -4908.999362196624 257.1528089004312 4125.27297982327
  endloop
endfacet
facet normal -0.5898684739656868 0.4391692357250812 0.6776323234719843
  outer loop
    vertex -4901.768001596912 279.49597560061807 4117.087302119279
    vertex -4906.104999482833 257.152674673037 4127.79256486444
    vertex -4898.150048204673 279.4958078163742 4120.236783420731
  endloop
endfacet
facet normal 0.0 0.28401534470389606 -0.9588197348682009
  outer loop
    vertex -4962.924804594873 -29.416887488158153 4047.2697336434153
    vertex -5112.9248045948725 -37.78406194102685 4044.791263655774
    vertex -5112.9248045948725 -29.416887488158153 4047.2697336434153
  endloop
endfacet
facet normal 0.0 0.28401534470389606 -0.9588197348682009
  outer loop
    vertex -5112.9248045948725 -37.78406194102685 4044.791263655774
    vertex -4962.924804594873 -29.416887488158153 4047.2697336434153
    vertex -4962.924804594873 -37.78406194102685 4044.791263655774
  endloop
endfacet
facet normal -0.7197459576630826 5.846700774913958e-20 0.6942375360261444
  outer loop
    vertex -4910.347204678504 -16.597984095947268 4136.035767773404
    vertex -4912.468960505354 233.4021196498006 4133.836052113739
    vertex -4912.468960505354 -16.59810128274387 4133.836052113739
  endloop
endfacet
facet normal -0.7197459576630826 5.846700774913958e-20 0.6942375360261444
  outer loop
    vertex -4912.468960505354 233.4021196498006 4133.836052113739
    vertex -4910.347204678504 -16.597984095947268 4136.035767773404
    vertex -4910.347204678504 233.40200246300418 4136.035767773404
  endloop
endfacet
facet normal 0.03739141067176184 -0.4311587594018444 0.9015009742640537
  outer loop
    vertex -4937.9248045954755 -62.692623260251146 4104.585302080474
    vertex -4941.846813014103 -40.349314688352365 4115.434056448394
    vertex -4942.82731511876 -62.6926124272861 4104.78864790068
  endloop
endfacet
facet normal 0.03739141067176184 -0.4311587594018444 0.9015009742640537
  outer loop
    vertex -4941.846813014103 -40.349314688352365 4115.434056448394
    vertex -4937.9248045954755 -62.692623260251146 4104.585302080474
    vertex -4937.924804595475 -40.3493233547257 4115.271379792232
  endloop
endfacet
facet normal 0.5999592207600337 0.6914871176588702 0.40236115560133434
  outer loop
    vertex -5010.995697946201 308.4005857794456 4117.946708847491
    vertex -4984.002107027715 279.4954276810417 4127.3723112045955
    vertex -5007.0407582438365 308.40079523747715 4112.049097636329
  endloop
endfacet
facet normal 0.5999592207600337 0.6914871176588702 0.40236115560133434
  outer loop
    vertex -4984.002107027715 279.4954276810417 4127.3723112045955
    vertex -5010.995697946201 308.4005857794456 4117.946708847491
    vertex -4986.638733495959 279.49521822301017 4131.304052012041
  endloop
endfacet
facet normal -0.4432930006883324 -2.399871342194475e-19 0.8963767709734196
  outer loop
    vertex -4919.924804618521 -16.59839082571989 4128.40103523481
    vertex -4922.710547192288 233.40248258556758 4127.023377731114
    vertex -4922.710547192288 -16.598464218510653 4127.023377731114
  endloop
endfacet
facet normal -0.4432930006883324 -2.399871342194475e-19 0.8963767709734196
  outer loop
    vertex -4922.710547192288 233.40248258556758 4127.023377731114
    vertex -4919.924804618521 -16.59839082571989 4128.40103523481
    vertex -4919.924804618521 233.40240919277662 4128.40103523481
  endloop
endfacet
facet normal -0.8924148863800242 0.44934566399650966 0.041038333480592985
  outer loop
    vertex -4881.735383884415 279.49386503959477 4156.704684373293
    vertex -4893.096043238753 257.15126276747986 4154.295471689804
    vertex -4892.985317180325 257.15113441848473 4156.704713185023
  endloop
endfacet
facet normal -0.8924148863800242 0.44934566399650966 0.041038333480592985
  outer loop
    vertex -4893.096043238753 257.15126276747986 4154.295471689804
    vertex -4881.735383884415 279.49386503959477 4156.704684373293
    vertex -4881.888852899573 279.49404293442893 4153.365416952446
  endloop
endfacet
facet normal 0.7105762516797136 0.696691380053718 0.09850132744107722
  outer loop
    vertex -4993.320240631467 279.4942891618376 4148.743477473298
    vertex -5021.9787321393205 308.39941049086434 4151.03875625811
    vertex -4993.960756291371 279.49404293442893 4153.365416952446
  endloop
endfacet
facet normal 0.7105762516797136 0.696691380053718 0.09850132744107722
  outer loop
    vertex -5021.9787321393205 308.39941049086434 4151.03875625811
    vertex -4993.320240631467 279.4942891618376 4148.743477473298
    vertex -5021.017958649465 308.39965671827304 4144.10584703939
  endloop
endfacet
facet normal -0.6460511318019899 0.4407574344385515 0.6231779995190089
  outer loop
    vertex -4894.834804725209 279.49562471200494 4123.673839138958
    vertex -4906.104999482833 257.152674673037 4127.79256486444
    vertex -4903.452804699262 257.15252818954036 4130.542209439017
  endloop
endfacet
facet normal -0.6460511318019899 0.4407574344385515 0.6231779995190089
  outer loop
    vertex -4906.104999482833 257.152674673037 4127.79256486444
    vertex -4894.834804725209 279.49562471200494 4123.673839138958
    vertex -4898.150048204673 279.4958078163742 4120.236783420731
  endloop
endfacet
facet normal 0.8850462706620047 -0.4490478101682615 0.12267502993831458
  outer loop
    vertex -4982.241153424267 -40.3474413823476 4150.597920106486
    vertex -4993.960756291371 -62.690024567372014 4153.365416952446
    vertex -4993.320240631467 -62.690270794780865 4148.743477473298
  endloop
endfacet
facet normal 0.8850462706620047 -0.4490478101682615 0.12267502993831458
  outer loop
    vertex -4993.960756291371 -62.690024567372014 4153.365416952446
    vertex -4982.241153424267 -40.3474413823476 4150.597920106486
    vertex -4982.753565952191 -40.34724440042239 4154.295471689804
  endloop
endfacet
facet normal -0.8486910866984616 -0.4476261677274329 0.2816988699378056
  outer loop
    vertex -4883.591476936299 -62.690513259936445 4144.192159256363
    vertex -4895.638636714265 -40.347824840556086 4143.400018593014
    vertex -4885.067094743964 -62.69075011753841 4139.746100581448
  endloop
endfacet
facet normal -0.8486910866984616 -0.4476261677274329 0.2816988699378056
  outer loop
    vertex -4895.638636714265 -40.347824840556086 4143.400018593014
    vertex -4883.591476936299 -62.690513259936445 4144.192159256363
    vertex -4894.458142468134 -40.34763535447394 4146.9568655329385
  endloop
endfacet
facet normal 0.599959220760019 -0.6914871176588896 0.4023611556013231
  outer loop
    vertex -4984.002107027715 -62.69140931398497 4127.3723112045955
    vertex -5010.995697946201 -91.59656741238722 4117.946708847491
    vertex -5007.0407582438365 -91.59677687041878 4112.049097636329
  endloop
endfacet
facet normal 0.599959220760019 -0.6914871176588896 0.4023611556013231
  outer loop
    vertex -5010.995697946201 -91.59656741238722 4117.946708847491
    vertex -4984.002107027715 -62.69140931398497 4127.3723112045955
    vertex -4986.638733495959 -62.69119985595341 4131.304052012041
  endloop
endfacet
facet normal 0.39918224161131566 0.43482751750275866 0.8072041674846291
  outer loop
    vertex -4960.424804566653 257.1530366017577 4120.99879376578
    vertex -4961.697081787945 279.49637490351023 4109.591979697882
    vertex -4966.049804559447 279.49626022727625 4111.744569547408
  endloop
endfacet
facet normal 0.39918224161131566 0.43482751750275866 0.8072041674846291
  outer loop
    vertex -4961.697081787945 279.49637490351023 4109.591979697882
    vertex -4960.424804566653 257.1530366017577 4120.99879376578
    vertex -4956.94262634945 257.153128342746 4119.276721886156
  endloop
endfacet
facet normal 0.8924148863800425 0.44934566399647025 0.041038333480629005
  outer loop
    vertex -4982.753565952191 257.15126276747986 4154.295471689804
    vertex -4994.114306583955 279.4938649453824 4156.706452854451
    vertex -4982.864357015133 257.1511343431345 4156.706127590721
  endloop
endfacet
facet normal 0.8924148863800425 0.44934566399647025 0.041038333480629005
  outer loop
    vertex -4994.114306583955 279.4938649453824 4156.706452854451
    vertex -4982.753565952191 257.15126276747986 4154.295471689804
    vertex -4993.960756291371 279.49404293442893 4153.365416952446
  endloop
endfacet
facet normal -0.1858682185972773 0.43193125127613036 0.8825465423911144
  outer loop
    vertex -4926.277947580774 257.1532641196624 4116.728050714646
    vertex -4928.157094614215 279.4965983778895 4105.397137776807
    vertex -4930.110636610466 257.153307122248 4115.920848349298
  endloop
endfacet
facet normal -0.1858682185972773 0.43193125127613036 0.8825465423911144
  outer loop
    vertex -4928.157094614215 279.4965983778895 4105.397137776807
    vertex -4926.277947580774 257.1532641196624 4116.728050714646
    vertex -4923.3662333270995 279.49654462465827 4106.406140733488
  endloop
endfacet
facet normal 0.21037080928302415 -0.6800303635195003 0.7023552002321489
  outer loop
    vertex -4959.762661498035 -91.59789381403388 4080.59984192967
    vertex -4957.163437632903 -62.69245157668526 4107.80797764897
    vertex -4966.782754151617 -91.59781913311906 4082.7025973028863
  endloop
endfacet
facet normal 0.21037080928302415 -0.6800303635195003 0.7023552002321489
  outer loop
    vertex -4957.163437632903 -62.69245157668526 4107.80797764897
    vertex -4959.762661498035 -91.59789381403388 4080.59984192967
    vertex -4952.483375863847 -62.69252625760134 4106.406140733488
  endloop
endfacet
facet normal 0.04144226206705019 -1.1711330106623336e-20 0.9991409004313485
  outer loop
    vertex -4937.924804595468 -16.598634921741226 4123.819104055976
    vertex -4941.062411330366 233.4026463556995 4123.9492453809025
    vertex -4941.062411330366 -16.59862798864274 4123.9492453809025
  endloop
endfacet
facet normal 0.04144226206705019 -1.1711330106623336e-20 0.9991409004313485
  outer loop
    vertex -4941.062411330366 233.4026463556995 4123.9492453809025
    vertex -4937.924804595468 -16.598634921741226 4123.819104055976
    vertex -4937.924804595468 233.40265328879815 4123.819104055976
  endloop
endfacet
facet normal -0.6597863135167699 0.6941959564557455 0.2877047002334921
  outer loop
    vertex -4886.944991639952 279.4949979320119 4135.439138639685
    vertex -4858.6382398182095 308.4001360410322 4130.609781701621
    vertex -4861.4550851621925 308.40036548844733 4124.149338788957
  endloop
endfacet
facet normal -0.6597863135167699 0.6941959564557455 0.2877047002334921
  outer loop
    vertex -4858.6382398182095 308.4001360410322 4130.609781701621
    vertex -4886.944991639952 279.4949979320119 4135.439138639685
    vertex -4885.067094743964 279.49476848459676 4139.746100581448
  endloop
endfacet
facet normal 0.36617286711019975 -2.098216557090627e-19 0.930546845350784
  outer loop
    vertex -4950.237529739424 -16.598525044258942 4125.881616419814
    vertex -4953.139061998649 233.40248258556758 4127.023377731114
    vertex -4953.139061998649 -16.598464218510653 4127.023377731114
  endloop
endfacet
facet normal 0.36617286711019975 -2.098216557090627e-19 0.930546845350784
  outer loop
    vertex -4953.139061998649 233.40248258556758 4127.023377731114
    vertex -4950.237529739424 -16.598525044258942 4125.881616419814
    vertex -4950.237529739424 233.40254341131586 4125.881616419814
  endloop
endfacet
facet normal 0.12410300003095286 7.94565034122184e-23 0.9922693411485197
  outer loop
    vertex -4941.062411330366 -16.59862798864274 4123.9492453809025
    vertex -4944.176138983472 233.40262560916943 4124.338678901627
    vertex -4944.176138983472 -16.59860724211251 4124.338678901627
  endloop
endfacet
facet normal 0.12410300003095286 7.94565034122184e-23 0.9922693411485197
  outer loop
    vertex -4944.176138983472 233.40262560916943 4124.338678901627
    vertex -4941.062411330366 -16.59862798864274 4123.9492453809025
    vertex -4941.062411330366 233.4026463556995 4123.9492453809025
  endloop
endfacet
facet normal -0.6162070699383028 -0.3452384041095096 0.7078836707298528
  outer loop
    vertex -4908.999362196624 -40.34879053337225 4125.27297982327
    vertex -4912.468960505354 -16.59810128274387 4133.836052113739
    vertex -4914.784450676389 -16.598208664659047 4131.820384080813
  endloop
endfacet
facet normal -0.6162070699383028 -0.3452384041095096 0.7078836707298528
  outer loop
    vertex -4912.468960505354 -16.59810128274387 4133.836052113739
    vertex -4908.999362196624 -40.34879053337225 4125.27297982327
    vertex -4906.104999482833 -40.3486563059795 4127.79256486444
  endloop
endfacet
facet normal 0.26811897462317963 -0.6810406207142673 0.6813926095755225
  outer loop
    vertex -4966.782754151617 -91.59781913311906 4082.7025973028863
    vertex -4961.697081787945 -62.69235653645329 4109.591979697882
    vertex -4973.58322038418 -91.59772409288728 4085.3786003762593
  endloop
endfacet
facet normal 0.26811897462317963 -0.6810406207142673 0.6813926095755225
  outer loop
    vertex -4961.697081787945 -62.69235653645329 4109.591979697882
    vertex -4966.782754151617 -91.59781913311906 4082.7025973028863
    vertex -4957.163437632903 -62.69245157668526 4107.80797764897
  endloop
endfacet
facet normal 0.1858682185972802 0.43193125127613535 0.8825465423911114
  outer loop
    vertex -4949.571661610173 257.1532641196624 4116.728050714646
    vertex -4947.692514576733 279.4965983778895 4105.397137776807
    vertex -4952.483375863847 279.49654462465827 4106.406140733488
  endloop
endfacet
facet normal 0.1858682185972802 0.43193125127613535 0.8825465423911114
  outer loop
    vertex -4947.692514576733 279.4965983778895 4105.397137776807
    vertex -4949.571661610173 257.1532641196624 4116.728050714646
    vertex -4945.738972580481 257.153307122248 4115.920848349298
  endloop
endfacet
facet normal 0.9166567286587816 2.185111882250952e-20 0.39967542056596517
  outer loop
    vertex -4970.551884887002 233.40160132380763 4143.565559453866
    vertex -4971.753738900437 -16.597436110405717 4146.322015096599
    vertex -4970.551884887002 -16.59758295675161 4143.565559453866
  endloop
endfacet
facet normal 0.9166567286587816 2.185111882250952e-20 0.39967542056596517
  outer loop
    vertex -4971.753738900437 -16.597436110405717 4146.322015096599
    vertex -4970.551884887002 233.40160132380763 4143.565559453866
    vertex -4971.753738900437 233.40145447746247 4146.322015096599
  endloop
endfacet
facet normal -0.1241030000309812 7.945650334819612e-23 0.9922693411485162
  outer loop
    vertex -4931.6734702074655 -16.59860724211251 4124.338678901627
    vertex -4934.787197860572 233.4026463556995 4123.9492453809025
    vertex -4934.787197860572 -16.59862798864274 4123.9492453809025
  endloop
endfacet
facet normal -0.1241030000309812 7.945650334819612e-23 0.9922693411485162
  outer loop
    vertex -4934.787197860572 233.4026463556995 4123.9492453809025
    vertex -4931.6734702074655 -16.59860724211251 4124.338678901627
    vertex -4931.6734702074655 233.40262560916943 4124.338678901627
  endloop
endfacet
facet normal 0.7442305356835479 -0.4438640107471053 0.49910484842332775
  outer loop
    vertex -4974.786646541267 -40.34835219771128 4133.500987091522
    vertex -4986.638733495959 -62.69119985595341 4131.304052012041
    vertex -4984.002107027715 -62.69140931398497 4127.3723112045955
  endloop
endfacet
facet normal 0.7442305356835479 -0.4438640107471053 0.49910484842332775
  outer loop
    vertex -4986.638733495959 -62.69119985595341 4131.304052012041
    vertex -4974.786646541267 -40.34835219771128 4133.500987091522
    vertex -4976.895947715861 -40.34818463128689 4136.64637973748
  endloop
endfacet
facet normal -0.892414886380015 -0.4493456639965083 0.04103833348081107
  outer loop
    vertex -4881.735302606999 -62.68984657832426 4156.706452854206
    vertex -4893.096043238753 -40.34724440042239 4154.295471689804
    vertex -4881.888852899573 -62.690024567372014 4153.365416952446
  endloop
endfacet
facet normal -0.892414886380015 -0.4493456639965083 0.04103833348081107
  outer loop
    vertex -4893.096043238753 -40.34724440042239 4154.295471689804
    vertex -4881.735302606999 -62.68984657832426 4156.706452854206
    vertex -4892.985252175822 -40.34711597607704 4156.706127590511
  endloop
endfacet
facet normal 0.9110431655860588 0.3532592005918791 0.2126224062419572
  outer loop
    vertex -4972.69813429734 233.40130288859675 4149.167492648542
    vertex -4982.241153424267 257.15145974940503 4150.597920106486
    vertex -4973.377883658503 233.40114771089566 4152.080336307377
  endloop
endfacet
facet normal 0.9110431655860588 0.3532592005918791 0.2126224062419572
  outer loop
    vertex -4982.241153424267 257.15145974940503 4150.597920106486
    vertex -4972.69813429734 233.40130288859675 4149.167492648542
    vertex -4981.391466722816 257.15165372153285 4146.9568655329385
  endloop
endfacet
facet normal 0.9905337062598678 -9.407693722520601e-20 0.1372697226743384
  outer loop
    vertex -4973.377883658503 233.40114771089566 4152.080336307377
    vertex -4973.787813680842 -16.59697175829887 4155.038377574039
    vertex -4973.377883658503 -16.597129343838926 4152.080336307377
  endloop
endfacet
facet normal 0.9905337062598678 -9.407693722520601e-20 0.1372697226743384
  outer loop
    vertex -4973.787813680842 -16.59697175829887 4155.038377574039
    vertex -4973.377883658503 233.40114771089566 4152.080336307377
    vertex -4973.787813680842 233.40099012535578 4155.038377574039
  endloop
endfacet
facet normal 0.7163506370996543 -0.6969723414093333 0.032731025607385965
  outer loop
    vertex -5021.9787321393205 -91.595392123806 4151.03875625811
    vertex -4994.1142253065245 -62.689846672538025 4156.704684373184
    vertex -5022.23912033976 -91.5975960671251 4156.704433557652
  endloop
endfacet
facet normal 0.7163506370996543 -0.6969723414093333 0.032731025607385965
  outer loop
    vertex -4994.1142253065245 -62.689846672538025 4156.704684373184
    vertex -5021.9787321393205 -91.595392123806 4151.03875625811
    vertex -4993.960756291371 -62.690024567372014 4153.365416952446
  endloop
endfacet
facet normal 0.7163434010074963 0.6969766858340795 0.032796817479086984
  outer loop
    vertex -4993.960756291371 279.49404293442893 4153.365416952446
    vertex -5022.239242335541 308.4008909706703 4156.707087224718
    vertex -4994.114306583955 279.4938649453824 4156.706452854451
  endloop
endfacet
facet normal 0.7163434010074963 0.6969766858340795 0.032796817479086984
  outer loop
    vertex -5022.239242335541 308.4008909706703 4156.707087224718
    vertex -4993.960756291371 279.49404293442893 4153.365416952446
    vertex -5021.9787321393205 308.39941049086434 4151.03875625811
  endloop
endfacet
facet normal -0.7163506371011388 0.6969723414084281 0.03273102559417012
  outer loop
    vertex -4853.61048885118 308.4016144343293 4156.70443355776
    vertex -4881.888852899573 279.49404293442893 4153.365416952446
    vertex -4881.735383884415 279.49386503959477 4156.704684373293
  endloop
endfacet
facet normal -0.7163506371011388 0.6969723414084281 0.03273102559417012
  outer loop
    vertex -4881.888852899573 279.49404293442893 4153.365416952446
    vertex -4853.61048885118 308.4016144343293 4156.70443355776
    vertex -4853.870877051624 308.39941049086434 4151.03875625811
  endloop
endfacet
facet normal -0.716343401005526 -0.6969766858352566 0.03279681749710433
  outer loop
    vertex -4881.735302606999 -62.68984657832426 4156.706452854206
    vertex -4853.870877051624 -91.595392123806 4151.03875625811
    vertex -4853.610366855417 -91.59687260341553 4156.707087224405
  endloop
endfacet
facet normal -0.716343401005526 -0.6969766858352566 0.03279681749710433
  outer loop
    vertex -4853.870877051624 -91.595392123806 4151.03875625811
    vertex -4881.735302606999 -62.68984657832426 4156.706452854206
    vertex -4881.888852899573 -62.690024567372014 4153.365416952446
  endloop
endfacet
facet normal 0.793353341701949 0.608761427115472 8.166060961895716e-06
  outer loop
    vertex -5078.2186630839415 95.22559091852428 4066.446205998797
    vertex -5079.307543772265 96.64417928113929 4101.378186039947
    vertex -5078.218837948325 95.22535022774845 4101.378186039947
  endloop
endfacet
facet normal 0.793353341701949 0.608761427115472 8.166060961895716e-06
  outer loop
    vertex -5079.307543772265 96.64417928113929 4101.378186039947
    vertex -5078.2186630839415 95.22559091852428 4066.446205998797
    vertex -5079.307369088807 96.64441972304408 4066.4833593385924
  endloop
endfacet
facet normal 0.9762960072685704 0.21643961317363403 6.37929489573363e-06
  outer loop
    vertex -5082.316232151523 103.096945512024 4066.5925900921106
    vertex -5082.703485800831 104.84270858424915 4101.378186039947
    vertex -5082.316406303062 103.09670580180207 4101.378186039947
  endloop
endfacet
facet normal 0.9762960072685704 0.21643961317363403 6.37929489573363e-06
  outer loop
    vertex -5082.703485800831 104.84270858424915 4101.378186039947
    vertex -5082.316232151523 103.096945512024 4066.5925900921106
    vertex -5082.7033117234905 104.84294819240708 4066.6078269025397
  endloop
endfacet
facet normal 0.7372773382985022 0.675590205939834 8.345587870236227e-06
  outer loop
    vertex -5077.010440846231 93.90704813404136 4066.411678740855
    vertex -5078.218837948325 95.22535022774845 4101.378186039947
    vertex -5077.010615878752 93.90680721198372 4101.378186039947
  endloop
endfacet
facet normal 0.7372773382985022 0.675590205939834 8.345587870236227e-06
  outer loop
    vertex -5078.218837948325 95.22535022774845 4101.378186039947
    vertex -5077.010440846231 93.90704813404136 4066.411678740855
    vertex -5078.2186630839415 95.22559091852428 4066.446205998797
  endloop
endfacet
facet normal 0.9914448614518753 0.1305261914954053 5.8631683587805915e-06
  outer loop
    vertex -5082.7033117234905 104.84294819240708 4066.6078269025397
    vertex -5082.936918174905 106.6158035001126 4101.378186039947
    vertex -5082.703485800831 104.84270858424915 4101.378186039947
  endloop
endfacet
facet normal 0.9914448614518753 0.1305261914954053 5.8631683587805915e-06
  outer loop
    vertex -5082.936918174905 106.6158035001126 4101.378186039947
    vertex -5082.7033117234905 104.84294819240708 4066.6078269025397
    vertex -5082.936744172914 106.6160430046232 4066.6233001383675
  endloop
endfacet
facet normal 0.9537169508276155 -0.300705799240341 2.7025117756777653e-06
  outer loop
    vertex -5082.316232151115 113.70852636143239 4066.592576172147
    vertex -5081.778625589856 115.41390916470635 4101.378186039947
    vertex -5082.316406302725 113.70828665111425 4101.378186039947
  endloop
endfacet
facet normal 0.9537169508276155 -0.300705799240341 2.7025117756777653e-06
  outer loop
    vertex -5081.778625589856 115.41390916470635 4101.378186039947
    vertex -5082.316232151115 113.70852636143239 4066.592576172147
    vertex -5081.778451365759 115.41414897473508 4066.5776907402287
  endloop
endfacet
facet normal 0.9914448550051319 -0.13052624053176437 4.06167380455715e-06
  outer loop
    vertex -5082.936744349105 110.18942846509415 4066.623288292149
    vertex -5082.7034858006045 111.96228386866628 4101.378186039947
    vertex -5082.936918174792 110.18918895280353 4101.378186039947
  endloop
endfacet
facet normal 0.9914448550051319 -0.13052624053176437 4.06167380455715e-06
  outer loop
    vertex -5082.7034858006045 111.96228386866628 4101.378186039947
    vertex -5082.936744349105 110.18942846509415 4066.623288292149
    vertex -5082.7033117231995 111.96252347691336 4066.607814012533
  endloop
endfacet
facet normal 0.8433914470957785 0.5372996062746488 7.924389034452657e-06
  outer loop
    vertex -5079.307369088807 96.64441972304408 4066.4833593385924
    vertex -5080.2684476418735 98.15249622635176 4101.378186039947
    vertex -5079.307543772265 96.64417928113929 4101.378186039947
  endloop
endfacet
facet normal 0.8433914470957785 0.5372996062746488 7.924389034452657e-06
  outer loop
    vertex -5080.2684476418735 98.15249622635176 4101.378186039947
    vertex -5079.307369088807 96.64441972304408 4066.4833593385924
    vertex -5080.268273150752 98.15273640368757 4066.522856000893
  endloop
endfacet
facet normal 0.843391445873303 -0.5372996082517363 5.197741098963785e-07
  outer loop
    vertex -5080.268273149855 118.6527364042366 4066.5228064579865
    vertex -5079.307543771518 120.1608131717765 4101.378186039948
    vertex -5080.268447641223 118.65249622656367 4101.378186039948
  endloop
endfacet
facet normal 0.843391445873303 -0.5372996082517363 5.197741098963785e-07
  outer loop
    vertex -5079.307543771518 120.1608131717765 4101.378186039948
    vertex -5080.268273149855 118.6527364042366 4066.5228064579865
    vertex -5079.307369087814 120.16105361401843 4066.483309781831
  endloop
endfacet
facet normal 0.8870108344127645 0.46174861080058477 7.622419384669164e-06
  outer loop
    vertex -5080.268273150752 98.15273640368757 4066.522856000893
    vertex -5081.094236498494 99.73882186068448 4101.378186039947
    vertex -5080.2684476418735 98.15249622635176 4101.378186039947
  endloop
endfacet
facet normal 0.8870108344127645 0.46174861080058477 7.622419384669164e-06
  outer loop
    vertex -5081.094236498494 99.73882186068448 4101.378186039947
    vertex -5080.268273150752 98.15273640368757 4066.522856000893
    vertex -5081.061019432289 99.67558720169788 4066.562733252452
  endloop
endfacet
facet normal 0.8870108344127645 0.46174861080058477 7.622419384669164e-06
  outer loop
    vertex -5081.094236498494 99.73882186068448 4101.378186039947
    vertex -5081.061019432289 99.67558720169788 4066.562733252452
    vertex -5081.094062204258 99.73906176719323 4066.563286910889
  endloop
endfacet
facet normal 0.9537169509710182 0.3007057987197208 6.846860631587914e-06
  outer loop
    vertex -5081.778451366279 101.39132309813455 4066.577705668411
    vertex -5082.316406303062 103.09670580180207 4101.378186039947
    vertex -5081.778625590301 101.39108328820978 4101.378186039947
  endloop
endfacet
facet normal 0.9537169509710182 0.3007057987197208 6.846860631587914e-06
  outer loop
    vertex -5082.316406303062 103.09670580180207 4101.378186039947
    vertex -5081.778451366279 101.39132309813455 4066.577705668411
    vertex -5082.316232151523 103.096945512024 4066.5925900921106
  endloop
endfacet
facet normal 0.9990484388368391 -0.04361441084535441 4.928227677165763e-06
  outer loop
    vertex -5082.936744349105 110.18942846509415 4066.623288292149
    vertex -5083.014926863967 108.40249622645771 4101.378186039947
    vertex -5083.014752934043 108.40236642050186 4066.638886615902
  endloop
endfacet
facet normal 0.9990484388368391 -0.04361441084535441 4.928227677165763e-06
  outer loop
    vertex -5083.014926863967 108.40249622645771 4101.378186039947
    vertex -5082.936744349105 110.18942846509415 4066.623288292149
    vertex -5082.936918174792 110.18918895280353 4101.378186039947
  endloop
endfacet
facet normal 0.9762960071929114 -0.21643961358227357 3.3962725432065397e-06
  outer loop
    vertex -5082.7033117231995 111.96252347691336 4066.607814012533
    vertex -5082.316406302725 113.70828665111425 4101.378186039947
    vertex -5082.7034858006045 111.96228386866628 4101.378186039947
  endloop
endfacet
facet normal 0.9762960071929114 -0.21643961358227357 3.3962725432065397e-06
  outer loop
    vertex -5082.316406302725 113.70828665111425 4101.378186039947
    vertex -5082.7033117231995 111.96252347691336 4066.607814012533
    vertex -5082.316232151115 113.70852636143239 4066.592576172147
  endloop
endfacet
facet normal 0.9990480489938321 0.043623339807185676 5.067965565986349e-06
  outer loop
    vertex -5082.936744172914 106.6160430046232 4066.6233001383675
    vertex -5083.014926863967 108.40249622645771 4101.378186039947
    vertex -5082.936918174905 106.6158035001126 4101.378186039947
  endloop
endfacet
facet normal 0.9990480489938321 0.043623339807185676 5.067965565986349e-06
  outer loop
    vertex -5083.014926863967 108.40249622645771 4101.378186039947
    vertex -5082.936744172914 106.6160430046232 4066.6233001383675
    vertex -5083.014752934043 108.40236642050186 4066.638886615902
  endloop
endfacet
facet normal 0.923879532807204 0.38268343158177276 7.262309270588929e-06
  outer loop
    vertex -5081.094062204258 99.73906176719323 4066.563286910889
    vertex -5081.778625590301 101.39108328820978 4101.378186039947
    vertex -5081.094236498494 99.73882186068448 4101.378186039947
  endloop
endfacet
facet normal 0.923879532807204 0.38268343158177276 7.262309270588929e-06
  outer loop
    vertex -5081.778625590301 101.39108328820978 4101.378186039947
    vertex -5081.094062204258 99.73906176719323 4066.563286910889
    vertex -5081.778451366279 101.39132309813455 4066.577705668411
  endloop
endfacet
facet normal 0.6322945613607389 -0.6929203742338064 0.34650388546928673
  outer loop
    vertex -4986.638733495959 -62.69119985595341 4131.304052012041
    vertex -5014.394524028762 -91.59634712138897 4124.149338788957
    vertex -5010.995697946201 -91.59656741238722 4117.946708847491
  endloop
endfacet
facet normal 0.6322945613607389 -0.6929203742338064 0.34650388546928673
  outer loop
    vertex -5014.394524028762 -91.59634712138897 4124.149338788957
    vertex -4986.638733495959 -62.69119985595341 4131.304052012041
    vertex -4988.904617550998 -62.69097956495499 4135.439138639685
  endloop
endfacet
facet normal -0.8213262636432774 -0.35050518039856987 0.45007697915305533
  outer loop
    vertex -4897.140954231056 -40.348008398489355 4139.954449039594
    vertex -4906.747890099156 -16.597723942990218 4140.919104012177
    vertex -4898.953661475081 -40.34818463128689 4136.64637973748
  endloop
endfacet
facet normal -0.8213262636432774 -0.35050518039856987 0.45007697915305533
  outer loop
    vertex -4906.747890099156 -16.597723942990218 4140.919104012177
    vertex -4897.140954231056 -40.348008398489355 4139.954449039594
    vertex -4905.297724303934 -16.597582956752152 4143.565559453866
  endloop
endfacet
facet normal -0.8581212836613291 0.35160102429374845 0.37417186190709195
  outer loop
    vertex -4895.638636714265 257.1518432076135 4143.400018593014
    vertex -4905.297724303934 233.40160132380907 4143.565559453866
    vertex -4904.0958702905 233.40145447746247 4146.322015096599
  endloop
endfacet
facet normal -0.8581212836613291 0.35160102429374845 0.37417186190709195
  outer loop
    vertex -4905.297724303934 233.40160132380907 4143.565559453866
    vertex -4895.638636714265 257.1518432076135 4143.400018593014
    vertex -4897.140954231056 257.1520267655468 4139.954449039594
  endloop
endfacet
facet normal 0.6976765824282187 0.44233876082511414 0.5635457452620712
  outer loop
    vertex -4972.396804491676 257.15252818954036 4130.542209439017
    vertex -4984.002107027715 279.4954276810417 4127.3723112045955
    vertex -4974.786646541267 257.15237056476894 4133.500987091522
  endloop
endfacet
facet normal 0.6976765824282187 0.44233876082511414 0.5635457452620712
  outer loop
    vertex -4984.002107027715 279.4954276810417 4127.3723112045955
    vertex -4972.396804491676 257.15252818954036 4130.542209439017
    vertex -4981.014804465727 279.49562471200494 4123.673839138958
  endloop
endfacet
facet normal 6.775422382239439e-08 -0.25038000405438526 -0.9681476403781201
  outer loop
    vertex -4930.924804595149 214.51760241699827 3962.668488533961
    vertex -5144.924804594388 207.58976761620335 3964.46013345852
    vertex -5144.924804594388 214.51759891237225 3962.6684744638806
  endloop
endfacet
facet normal 6.775422382239439e-08 -0.25038000405438526 -0.9681476403781201
  outer loop
    vertex -5144.924804594388 207.58976761620335 3964.46013345852
    vertex -4930.924804595149 214.51760241699827 3962.668488533961
    vertex -4930.924804595149 207.58977112082863 3964.4601475286017
  endloop
endfacet
facet normal 0.0 -0.36650122672436153 0.9304175679819993
  outer loop
    vertex -4962.924804594873 -63.91724255097801 3993.1434587749777
    vertex -5112.9248045948725 -56.447466370496834 3996.085881862969
    vertex -5112.9248045948725 -63.91724255097801 3993.1434587749777
  endloop
endfacet
facet normal 0.0 -0.36650122672436153 0.9304175679819993
  outer loop
    vertex -5112.9248045948725 -56.447466370496834 3996.085881862969
    vertex -4962.924804594873 -63.91724255097801 3993.1434587749777
    vertex -4962.924804594873 -56.447466370496834 3996.085881862969
  endloop
endfacet
facet normal 0.7167453104363238 -0.6973350413541285 -8.195954065605555e-06
  outer loop
    vertex -5022.23912033976 -91.5975960671251 4156.704433557652
    vertex -4994.114205414688 -62.68988499326939 4161.704684372999
    vertex -5022.239100447921 -91.59763438785664 4161.7044335574665
  endloop
endfacet
facet normal 0.7167453104363238 -0.6973350413541285 -8.195954065605555e-06
  outer loop
    vertex -4994.114205414688 -62.68988499326939 4161.704684372999
    vertex -5022.23912033976 -91.5975960671251 4156.704433557652
    vertex -4994.1142253065245 -62.689846672538025 4156.704684373184
  endloop
endfacet
facet normal 0.429073605233236 0.6851283968705882 0.5886381920107554
  outer loop
    vertex -4992.160009093315 308.4013431570535 4096.621584008367
    vertex -4970.188479098899 279.4961267877935 4114.24936468902
    vertex -4986.320316350613 308.4014943442289 4092.3646778629777
  endloop
endfacet
facet normal 0.429073605233236 0.6851283968705882 0.5886381920107554
  outer loop
    vertex -4970.188479098899 279.4961267877935 4114.24936468902
    vertex -4992.160009093315 308.4013431570535 4096.621584008367
    vertex -4974.081607594034 279.49597560061807 4117.087302119279
  endloop
endfacet
facet normal 6.773331189627384e-08 -0.26723837607825374 -0.9636304532086216
  outer loop
    vertex -4930.924804595149 221.41310980993418 3960.756195090154
    vertex -5144.924804594388 214.51759891237225 3962.6684744638806
    vertex -5144.924804594388 221.41310630530816 3960.756181020073
  endloop
endfacet
facet normal 6.773331189627384e-08 -0.26723837607825374 -0.9636304532086216
  outer loop
    vertex -5144.924804594388 214.51759891237225 3962.6684744638806
    vertex -4930.924804595149 221.41310980993418 3960.756195090154
    vertex -4930.924804595149 214.51760241699827 3962.668488533961
  endloop
endfacet
facet normal -0.5177736195423173 3.922514682590123e-20 0.8555176672086017
  outer loop
    vertex -4917.276052913276 -16.598305424451357 4130.004104125448
    vertex -4919.924804618521 233.40240919277662 4128.40103523481
    vertex -4919.924804618521 -16.59839082571989 4128.40103523481
  endloop
endfacet
facet normal -0.5177736195423173 3.922514682590123e-20 0.8555176672086017
  outer loop
    vertex -4919.924804618521 233.40240919277662 4128.40103523481
    vertex -4917.276052913276 -16.598305424451357 4130.004104125448
    vertex -4917.276052913276 233.40232379150754 4130.004104125448
  endloop
endfacet
facet normal -0.9490924719921273 -1.805008526251836e-19 0.3149975866699188
  outer loop
    vertex -4903.151474893596 -16.597284521539997 4149.167492648542
    vertex -4904.0958702905 233.40145447746247 4146.322015096599
    vertex -4904.0958702905 -16.597436110405717 4146.322015096599
  endloop
endfacet
facet normal -0.9490924719921273 -1.805008526251836e-19 0.3149975866699188
  outer loop
    vertex -4904.0958702905 233.40145447746247 4146.322015096599
    vertex -4903.151474893596 -16.597284521539997 4149.167492648542
    vertex -4903.151474893596 233.40130288859675 4149.167492648542
  endloop
endfacet
facet normal -0.8704073403939514 -0.44846776700659213 0.20314458827261248
  outer loop
    vertex -4882.529368559489 -62.690270794780865 4148.743477473298
    vertex -4894.458142468134 -40.34763535447394 4146.9568655329385
    vertex -4883.591476936299 -62.690513259936445 4144.192159256363
  endloop
endfacet
facet normal -0.8704073403939514 -0.44846776700659213 0.20314458827261248
  outer loop
    vertex -4894.458142468134 -40.34763535447394 4146.9568655329385
    vertex -4882.529368559489 -62.690270794780865 4148.743477473298
    vertex -4893.6084557666845 -40.3474413823476 4150.597920106486
  endloop
endfacet
facet normal 0.47727720720927386 0.6867134879689383 0.5482983247467121
  outer loop
    vertex -4997.586939181678 308.4011753728111 4101.345805960529
    vertex -4974.081607594034 279.49597560061807 4117.087302119279
    vertex -4992.160009093315 308.4013431570535 4096.621584008367
  endloop
endfacet
facet normal 0.47727720720927386 0.6867134879689383 0.5482983247467121
  outer loop
    vertex -4974.081607594034 279.49597560061807 4117.087302119279
    vertex -4997.586939181678 308.4011753728111 4101.345805960529
    vertex -4977.699560986276 279.4958078163742 4120.236783420731
  endloop
endfacet
facet normal -0.6821484108916578 0.6952721860646434 0.22642909001026823
  outer loop
    vertex -4885.067094743964 279.49476848459676 4139.746100581448
    vertex -4856.4248131067125 308.39989918343025 4137.278869713984
    vertex -4858.6382398182095 308.4001360410322 4130.609781701621
  endloop
endfacet
facet normal -0.6821484108916578 0.6952721860646434 0.22642909001026823
  outer loop
    vertex -4856.4248131067125 308.39989918343025 4137.278869713984
    vertex -4885.067094743964 279.49476848459676 4139.746100581448
    vertex -4883.591476936299 279.49453162699336 4144.192159256363
  endloop
endfacet
facet normal 0.0 -0.13052619222007103 -0.9914448613738079
  outer loop
    vertex -4962.924804594873 177.98834090037238 4061.7729200450412
    vertex -5112.9248045948725 169.33646212291413 4062.9119614949173
    vertex -5112.9248045948725 177.98834090037238 4061.7729200450412
  endloop
endfacet
facet normal 0.0 -0.13052619222007103 -0.9914448613738079
  outer loop
    vertex -5112.9248045948725 169.33646212291413 4062.9119614949173
    vertex -4962.924804594873 177.98834090037238 4061.7729200450412
    vertex -4962.924804594873 169.33646212291413 4062.9119614949173
  endloop
endfacet
facet normal 0.3991822416113282 -0.4348275175027472 0.8072041674846291
  outer loop
    vertex -4961.697081787945 -62.69235653645329 4109.591979697882
    vertex -4960.424804566653 -40.349018234700246 4120.99879376578
    vertex -4966.049804559447 -62.69224186021951 4111.744569547408
  endloop
endfacet
facet normal 0.3991822416113282 -0.4348275175027472 0.8072041674846291
  outer loop
    vertex -4960.424804566653 -40.349018234700246 4120.99879376578
    vertex -4961.697081787945 -62.69235653645329 4109.591979697882
    vertex -4956.94262634945 -40.349109975688386 4119.276721886156
  endloop
endfacet
facet normal -0.9905337062598352 -9.407693722484411e-20 0.1372697226745756
  outer loop
    vertex -4902.061795510094 -16.59697175829887 4155.038377574039
    vertex -4902.471725532433 233.40114771089566 4152.080336307377
    vertex -4902.471725532433 -16.597129343838926 4152.080336307377
  endloop
endfacet
facet normal -0.9905337062598352 -9.407693722484411e-20 0.1372697226745756
  outer loop
    vertex -4902.471725532433 233.40114771089566 4152.080336307377
    vertex -4902.061795510094 -16.59697175829887 4155.038377574039
    vertex -4902.061795510094 233.40099012535578 4155.038377574039
  endloop
endfacet
facet normal 0.5890634552042056 -8.452578830385809e-20 0.8080867810717379
  outer loop
    vertex -4958.573556277661 -16.598305424451357 4130.004104125448
    vertex -4961.065158514548 233.40222703171597 4131.820384080813
    vertex -4961.065158514548 -16.598208664659047 4131.820384080813
  endloop
endfacet
facet normal 0.5890634552042056 -8.452578830385809e-20 0.8080867810717379
  outer loop
    vertex -4961.065158514548 233.40222703171597 4131.820384080813
    vertex -4958.573556277661 -16.598305424451357 4130.004104125448
    vertex -4958.573556277661 233.40232379150754 4130.004104125448
  endloop
endfacet
facet normal -0.9110431655862963 -0.353259200591415 0.21262240624170958
  outer loop
    vertex -4893.6084557666845 -40.3474413823476 4150.597920106486
    vertex -4903.151474893596 -16.597284521539997 4149.167492648542
    vertex -4894.458142468134 -40.34763535447394 4146.9568655329385
  endloop
endfacet
facet normal -0.9110431655862963 -0.353259200591415 0.21262240624170958
  outer loop
    vertex -4903.151474893596 -16.597284521539997 4149.167492648542
    vertex -4893.6084557666845 -40.3474413823476 4150.597920106486
    vertex -4902.471725532433 -16.597129343838926 4152.080336307377
  endloop
endfacet
facet normal -0.4659179491264076 0.4361610187274308 0.7698597472426338
  outer loop
    vertex -4912.113864992739 257.15292985017066 4123.002629879068
    vertex -4909.79980463149 279.49626022727625 4111.744569547408
    vertex -4915.424804624286 257.1530366017577 4120.99879376578
  endloop
endfacet
facet normal -0.4659179491264076 0.4361610187274308 0.7698597472426338
  outer loop
    vertex -4909.79980463149 279.49626022727625 4111.744569547408
    vertex -4912.113864992739 257.15292985017066 4123.002629879068
    vertex -4905.661130092057 279.4961267877935 4114.24936468902
  endloop
endfacet
facet normal -0.21037080928314092 -0.6800303635194935 0.7023552002321204
  outer loop
    vertex -4916.086947692914 -91.59789381403388 4080.59984192967
    vertex -4918.686171558047 -62.69245157668526 4107.80797764897
    vertex -4923.3662333270995 -62.69252625760134 4106.406140733488
  endloop
endfacet
facet normal -0.21037080928314092 -0.6800303635194935 0.7023552002321204
  outer loop
    vertex -4918.686171558047 -62.69245157668526 4107.80797764897
    vertex -4916.086947692914 -91.59789381403388 4080.59984192967
    vertex -4909.066855039336 -91.59781913311906 4082.7025973028863
  endloop
endfacet
facet normal 0.0 0.16504760586069525 0.9862856015372284
  outer loop
    vertex -4962.924804594873 180.36164433884622 4020.975522348019
    vertex -5112.9248045948725 188.2799521471279 4019.650452059871
    vertex -5112.9248045948725 180.36164433884622 4020.975522348019
  endloop
endfacet
facet normal 0.0 0.16504760586069525 0.9862856015372284
  outer loop
    vertex -5112.9248045948725 188.2799521471279 4019.650452059871
    vertex -4962.924804594873 180.36164433884622 4020.975522348019
    vertex -4962.924804594873 188.2799521471279 4019.650452059871
  endloop
endfacet
facet normal 0.1858682185972757 -0.4319312512761242 0.8825465423911178
  outer loop
    vertex -4947.692514576733 -62.69258001083254 4105.397137776807
    vertex -4949.571661610173 -40.34924575260481 4116.728050714646
    vertex -4952.483375863847 -62.69252625760134 4106.406140733488
  endloop
endfacet
facet normal 0.1858682185972757 -0.4319312512761242 0.8825465423911178
  outer loop
    vertex -4949.571661610173 -40.34924575260481 4116.728050714646
    vertex -4947.692514576733 -62.69258001083254 4105.397137776807
    vertex -4945.738972580481 -40.34928875519053 4115.920848349298
  endloop
endfacet
facet normal -0.5531234968432274 -0.34390956912954823 0.7588020858570756
  outer loop
    vertex -4912.113864992739 -40.348911483113184 4123.002629879068
    vertex -4914.784450676389 -16.598208664659047 4131.820384080813
    vertex -4917.276052913276 -16.598305424451357 4130.004104125448
  endloop
endfacet
facet normal -0.5531234968432274 -0.34390956912954823 0.7588020858570756
  outer loop
    vertex -4914.784450676389 -16.598208664659047 4131.820384080813
    vertex -4912.113864992739 -40.348911483113184 4123.002629879068
    vertex -4908.999362196624 -40.34879053337225 4125.27297982327
  endloop
endfacet
facet normal 0.3442843260531743 -0.34051148523008185 0.8749401301006346
  outer loop
    vertex -4953.315711025417 -40.349186007872845 4117.849520247026
    vertex -4953.139061998649 -16.598464218510653 4127.023377731114
    vertex -4956.94262634945 -40.349109975688386 4119.276721886156
  endloop
endfacet
facet normal 0.3442843260531743 -0.34051148523008185 0.8749401301006346
  outer loop
    vertex -4953.139061998649 -16.598464218510653 4127.023377731114
    vertex -4953.315711025417 -40.349186007872845 4117.849520247026
    vertex -4950.237529739424 -16.598525044258942 4125.881616419814
  endloop
endfacet
facet normal -0.185868218597273 -0.4319312512761194 0.8825465423911208
  outer loop
    vertex -4928.157094614215 -62.69258001083254 4105.397137776807
    vertex -4926.277947580774 -40.34924575260481 4116.728050714646
    vertex -4930.110636610466 -40.34928875519053 4115.920848349298
  endloop
endfacet
facet normal -0.185868218597273 -0.4319312512761194 0.8825465423911208
  outer loop
    vertex -4926.277947580774 -40.34924575260481 4116.728050714646
    vertex -4928.157094614215 -62.69258001083254 4105.397137776807
    vertex -4923.3662333270995 -62.69252625760134 4106.406140733488
  endloop
endfacet
facet normal 0.5631045332221849 0.6899422397408066 0.4548549114674531
  outer loop
    vertex -5007.0407582438365 308.40079523747715 4112.049097636329
    vertex -4981.014804465727 279.49562471200494 4123.673839138958
    vertex -5002.559804400856 308.40099226844035 4106.501389537875
  endloop
endfacet
facet normal 0.5631045332221849 0.6899422397408066 0.4548549114674531
  outer loop
    vertex -4981.014804465727 279.49562471200494 4123.673839138958
    vertex -5007.0407582438365 308.40079523747715 4112.049097636329
    vertex -4984.002107027715 279.4954276810417 4127.3723112045955
  endloop
endfacet
facet normal -0.8704073403939243 0.4484677670066142 0.20314458827267884
  outer loop
    vertex -4882.529368559489 279.4942891618376 4148.743477473298
    vertex -4894.458142468134 257.15165372153285 4146.9568655329385
    vertex -4893.6084557666845 257.15145974940503 4150.597920106486
  endloop
endfacet
facet normal -0.8704073403939243 0.4484677670066142 0.20314458827267884
  outer loop
    vertex -4894.458142468134 257.15165372153285 4146.9568655329385
    vertex -4882.529368559489 279.4942891618376 4148.743477473298
    vertex -4883.591476936299 279.49453162699336 4144.192159256363
  endloop
endfacet
facet normal -0.3442843260530171 -0.34051148522995467 0.8749401301007459
  outer loop
    vertex -4922.533898165531 -40.349186007872845 4117.849520247026
    vertex -4922.710547192288 -16.598464218510653 4127.023377731114
    vertex -4925.612079451514 -16.598525044258942 4125.881616419814
  endloop
endfacet
facet normal -0.3442843260530171 -0.34051148522995467 0.8749401301007459
  outer loop
    vertex -4922.710547192288 -16.598464218510653 4127.023377731114
    vertex -4922.533898165531 -40.349186007872845 4117.849520247026
    vertex -4918.906982841496 -40.349109975688386 4119.276721886156
  endloop
endfacet
facet normal 0.6991407499778998 0.6961133929480474 0.1631819716718039
  outer loop
    vertex -4992.258132254652 279.49453162699336 4144.192159256363
    vertex -5021.017958649465 308.39965671827304 4144.10584703939
    vertex -4993.320240631467 279.4942891618376 4148.743477473298
  endloop
endfacet
facet normal 0.6991407499778998 0.6961133929480474 0.1631819716718039
  outer loop
    vertex -5021.017958649465 308.39965671827304 4144.10584703939
    vertex -4992.258132254652 279.49453162699336 4144.192159256363
    vertex -5019.424796084242 308.39989918343025 4137.278869713984
  endloop
endfacet
facet normal 6.762960860248727e-08 -0.3007057995040765 -0.9537169507482866
  outer loop
    vertex -4930.924804595149 235.09876161869363 3956.5720714364575
    vertex -5144.924804594388 228.27418935666148 3958.7238356302064
    vertex -5144.924804594388 235.09875811406832 3956.5720573663757
  endloop
endfacet
facet normal 6.762960860248727e-08 -0.3007057995040765 -0.9537169507482866
  outer loop
    vertex -5144.924804594388 228.27418935666148 3958.7238356302064
    vertex -4930.924804595149 235.09876161869363 3956.5720714364575
    vertex -4930.924804595149 228.2741928612868 3958.7238497002872
  endloop
endfacet
facet normal 0.8486910866986531 -0.44762616772747355 0.2816988699371634
  outer loop
    vertex -4980.210972476687 -40.347824840556086 4143.400018593014
    vertex -4992.258132254652 -62.690513259936445 4144.192159256363
    vertex -4990.782514446991 -62.69075011753841 4139.746100581448
  endloop
endfacet
facet normal 0.8486910866986531 -0.44762616772747355 0.2816988699371634
  outer loop
    vertex -4992.258132254652 -62.690513259936445 4144.192159256363
    vertex -4980.210972476687 -40.347824840556086 4143.400018593014
    vertex -4981.391466722816 -40.34763535447394 4146.9568655329385
  endloop
endfacet
facet normal 0.4659179491249168 0.43616101872741697 0.7698597472435438
  outer loop
    vertex -4963.735744198213 257.15292985017066 4123.002629879068
    vertex -4966.049804559447 279.49626022727625 4111.744569547408
    vertex -4970.188479098899 279.4961267877935 4114.24936468902
  endloop
endfacet
facet normal 0.4659179491249168 0.43616101872741697 0.7698597472435438
  outer loop
    vertex -4966.049804559447 279.49626022727625 4111.744569547408
    vertex -4963.735744198213 257.15292985017066 4123.002629879068
    vertex -4960.424804566653 257.1530366017577 4120.99879376578
  endloop
endfacet
facet normal 0.6991407499778831 -0.6961133929480675 0.16318197167178916
  outer loop
    vertex -4992.258132254652 -62.690513259936445 4144.192159256363
    vertex -5021.017958649465 -91.59563835121467 4144.10584703939
    vertex -5019.424796084242 -91.59588081637187 4137.278869713984
  endloop
endfacet
facet normal 0.6991407499778831 -0.6961133929480675 0.16318197167178916
  outer loop
    vertex -5021.017958649465 -91.59563835121467 4144.10584703939
    vertex -4992.258132254652 -62.690513259936445 4144.192159256363
    vertex -4993.320240631467 -62.690270794780865 4148.743477473298
  endloop
endfacet
facet normal -0.7105762516795081 -0.6966913800536858 0.09850132744278693
  outer loop
    vertex -4853.870877051624 -91.595392123806 4151.03875625811
    vertex -4882.529368559489 -62.690270794780865 4148.743477473298
    vertex -4854.831650541496 -91.59563835121467 4144.10584703939
  endloop
endfacet
facet normal -0.7105762516795081 -0.6966913800536858 0.09850132744278693
  outer loop
    vertex -4882.529368559489 -62.690270794780865 4148.743477473298
    vertex -4853.870877051624 -91.595392123806 4151.03875625811
    vertex -4881.888852899573 -62.690024567372014 4153.365416952446
  endloop
endfacet
facet normal 0.0 -0.3007057995041606 0.9537169507482625
  outer loop
    vertex -4962.924804594873 -33.74602699213459 4004.124883170027
    vertex -5112.9248045948725 -26.089193752117566 4006.5390734172515
    vertex -5112.9248045948725 -33.74602699213459 4004.124883170027
  endloop
endfacet
facet normal 0.0 -0.3007057995041606 0.9537169507482625
  outer loop
    vertex -5112.9248045948725 -26.089193752117566 4006.5390734172515
    vertex -4962.924804594873 -33.74602699213459 4004.124883170027
    vertex -4962.924804594873 -26.089193752117566 4006.5390734172515
  endloop
endfacet
facet normal 0.0 -0.3987490689252537 0.9170600743851207
  outer loop
    vertex -4962.924804594873 -78.69706539452517 3986.8697961898524
    vertex -5112.9248045948725 -71.33452868472385 3990.071118262378
    vertex -5112.9248045948725 -78.69706539452517 3986.8697961898524
  endloop
endfacet
facet normal 0.0 -0.3987490689252537 0.9170600743851207
  outer loop
    vertex -5112.9248045948725 -71.33452868472385 3990.071118262378
    vertex -4962.924804594873 -78.69706539452517 3986.8697961898524
    vertex -4962.924804594873 -71.33452868472385 3990.071118262378
  endloop
endfacet
facet normal -0.03739141067178594 -0.4311587594018425 0.9015009742640537
  outer loop
    vertex -4933.022294072193 -62.6926124272861 4104.78864790068
    vertex -4937.924804595475 -40.3493233547257 4115.271379792232
    vertex -4937.9248045954755 -62.692623260251146 4104.585302080474
  endloop
endfacet
facet normal -0.03739141067178594 -0.4311587594018425 0.9015009742640537
  outer loop
    vertex -4937.924804595475 -40.3493233547257 4115.271379792232
    vertex -4933.022294072193 -62.6926124272861 4104.78864790068
    vertex -4934.002796176849 -40.349314688352365 4115.434056448394
  endloop
endfacet
facet normal -0.553123496843321 0.34390956912952825 0.7588020858570164
  outer loop
    vertex -4914.784450676389 233.40222703171597 4131.820384080813
    vertex -4912.113864992739 257.15292985017066 4123.002629879068
    vertex -4917.276052913276 233.40232379150754 4130.004104125448
  endloop
endfacet
facet normal -0.553123496843321 0.34390956912952825 0.7588020858570164
  outer loop
    vertex -4912.113864992739 257.15292985017066 4123.002629879068
    vertex -4914.784450676389 233.40222703171597 4131.820384080813
    vertex -4908.999362196624 257.1528089004312 4125.27297982327
  endloop
endfacet
facet normal 0.5220849135498669 -0.6883344626187174 0.5036099786690387
  outer loop
    vertex -4977.699560986276 -62.6917894493175 4120.236783420731
    vertex -5002.559804400856 -91.59697390138199 4106.501389537875
    vertex -4997.586939181678 -91.59715700575275 4101.345805960529
  endloop
endfacet
facet normal 0.5220849135498669 -0.6883344626187174 0.5036099786690387
  outer loop
    vertex -5002.559804400856 -91.59697390138199 4106.501389537875
    vertex -4977.699560986276 -62.6917894493175 4120.236783420731
    vertex -4981.014804465727 -62.691606344948 4123.673839138958
  endloop
endfacet
facet normal 2.326414122143136e-08 -0.3987483738951633 -0.9170603765924917
  outer loop
    vertex -4962.924804594873 308.4017904204629 4024.8762137987055
    vertex -5112.9248045948725 303.76735466497774 4026.8913124004766
    vertex -5112.9248045948725 308.40179042064915 4024.8762023829486
  endloop
endfacet
facet normal 2.326414122143136e-08 -0.3987483738951633 -0.9170603765924917
  outer loop
    vertex -5112.9248045948725 303.76735466497774 4026.8913124004766
    vertex -4962.924804594873 308.4017904204629 4024.8762137987055
    vertex -4962.924804594873 303.76735466497774 4026.8913124004766
  endloop
endfacet
facet normal 0.6460511318031906 -0.4407574344385588 0.6231779995177589
  outer loop
    vertex -4969.744609708116 -40.3486563059795 4127.79256486444
    vertex -4981.014804465727 -62.691606344948 4123.673839138958
    vertex -4977.699560986276 -62.6917894493175 4120.236783420731
  endloop
endfacet
facet normal 0.6460511318031906 -0.4407574344385588 0.6231779995177589
  outer loop
    vertex -4981.014804465727 -62.691606344948 4123.673839138958
    vertex -4969.744609708116 -40.3486563059795 4127.79256486444
    vertex -4972.396804491676 -40.34850982248271 4130.542209439017
  endloop
endfacet
facet normal -0.5999592207595789 -0.6914871176588708 0.4023611556020115
  outer loop
    vertex -4864.85391124474 -91.59656741238722 4117.946708847491
    vertex -4891.847502163234 -62.69140931398497 4127.3723112045955
    vertex -4868.8088509471145 -91.59677687041878 4112.049097636329
  endloop
endfacet
facet normal -0.5999592207595789 -0.6914871176588708 0.4023611556020115
  outer loop
    vertex -4891.847502163234 -62.69140931398497 4127.3723112045955
    vertex -4864.85391124474 -91.59656741238722 4117.946708847491
    vertex -4889.210875694984 -62.69119985595341 4131.304052012041
  endloop
endfacet
facet normal -0.8201766515958073 -0.44655261898205617 0.3576325190154779
  outer loop
    vertex -4885.067094743964 -62.69075011753841 4139.746100581448
    vertex -4897.140954231056 -40.348008398489355 4139.954449039594
    vertex -4886.944991639952 -62.69097956495499 4135.439138639685
  endloop
endfacet
facet normal -0.8201766515958073 -0.44655261898205617 0.3576325190154779
  outer loop
    vertex -4897.140954231056 -40.348008398489355 4139.954449039594
    vertex -4885.067094743964 -62.69075011753841 4139.746100581448
    vertex -4895.638636714265 -40.347824840556086 4143.400018593014
  endloop
endfacet
facet normal -0.7782221611968526 -0.34927967472521987 0.52189460300519
  outer loop
    vertex -4898.953661475081 -40.34818463128689 4136.64637973748
    vertex -4908.4353310388315 -16.597857996130884 4138.402789895415
    vertex -4901.062962649681 -40.34835219771128 4133.500987091522
  endloop
endfacet
facet normal -0.7782221611968526 -0.34927967472521987 0.52189460300519
  outer loop
    vertex -4908.4353310388315 -16.597857996130884 4138.402789895415
    vertex -4898.953661475081 -40.34818463128689 4136.64637973748
    vertex -4906.747890099156 -16.597723942990218 4140.919104012177
  endloop
endfacet
facet normal -0.15124486279153565 -0.6792476385758136 0.7181557191642703
  outer loop
    vertex -4923.273239623586 -91.59794756726653 4079.0863374946584
    vertex -4923.3662333270995 -62.69252625760134 4106.406140733488
    vertex -4928.157094614215 -62.69258001083254 4105.397137776807
  endloop
endfacet
facet normal -0.15124486279153565 -0.6792476385758136 0.7181557191642703
  outer loop
    vertex -4923.3662333270995 -62.69252625760134 4106.406140733488
    vertex -4923.273239623586 -91.59794756726653 4079.0863374946584
    vertex -4916.086947692914 -91.59789381403388 4080.59984192967
  endloop
endfacet
facet normal 0.5898684739654065 -0.4391692357250583 0.6776323234722431
  outer loop
    vertex -4974.081607594034 -62.691957233561325 4117.087302119279
    vertex -4969.744609708116 -40.3486563059795 4127.79256486444
    vertex -4977.699560986276 -62.6917894493175 4120.236783420731
  endloop
endfacet
facet normal 0.5898684739654065 -0.4391692357250583 0.6776323234722431
  outer loop
    vertex -4969.744609708116 -40.3486563059795 4127.79256486444
    vertex -4974.081607594034 -62.691957233561325 4117.087302119279
    vertex -4966.850246994321 -40.34879053337225 4125.27297982327
  endloop
endfacet
facet normal 0.7852180091570173 -0.4452842544509453 0.43029595725913594
  outer loop
    vertex -4976.895947715861 -40.34818463128689 4136.64637973748
    vertex -4988.904617550998 -62.69097956495499 4135.439138639685
    vertex -4986.638733495959 -62.69119985595341 4131.304052012041
  endloop
endfacet
facet normal 0.7852180091570173 -0.4452842544509453 0.43029595725913594
  outer loop
    vertex -4988.904617550998 -62.69097956495499 4135.439138639685
    vertex -4976.895947715861 -40.34818463128689 4136.64637973748
    vertex -4978.708654959893 -40.348008398489355 4139.954449039594
  endloop
endfacet
facet normal 0.41663369046765186 -0.3415129895591233 0.8424875345841593
  outer loop
    vertex -4956.94262634945 -40.349109975688386 4119.276721886156
    vertex -4955.924804572416 -16.59839082571989 4128.40103523481
    vertex -4960.424804566653 -40.349018234700246 4120.99879376578
  endloop
endfacet
facet normal 0.41663369046765186 -0.3415129895591233 0.8424875345841593
  outer loop
    vertex -4955.924804572416 -16.59839082571989 4128.40103523481
    vertex -4956.94262634945 -40.349109975688386 4119.276721886156
    vertex -4953.139061998649 -16.598464218510653 4127.023377731114
  endloop
endfacet
facet normal 0.6162070699380354 -0.34523840410973594 0.7078836707299752
  outer loop
    vertex -4966.850246994321 -40.34879053337225 4125.27297982327
    vertex -4963.380648685583 -16.59810128274387 4133.836052113739
    vertex -4969.744609708116 -40.3486563059795 4127.79256486444
  endloop
endfacet
facet normal 0.6162070699380354 -0.34523840410973594 0.7078836707299752
  outer loop
    vertex -4963.380648685583 -16.59810128274387 4133.836052113739
    vertex -4966.850246994321 -40.34879053337225 4125.27297982327
    vertex -4961.065158514548 -16.598208664659047 4131.820384080813
  endloop
endfacet
facet normal -0.4290736052326114 0.685128396870534 0.5886381920112738
  outer loop
    vertex -4905.661130092057 279.4961267877935 4114.24936468902
    vertex -4883.689600097633 308.4013431570535 4096.621584008367
    vertex -4889.529292840348 308.4014943442289 4092.3646778629777
  endloop
endfacet
facet normal -0.4290736052326114 0.685128396870534 0.5886381920112738
  outer loop
    vertex -4883.689600097633 308.4013431570535 4096.621584008367
    vertex -4905.661130092057 279.4961267877935 4114.24936468902
    vertex -4901.768001596912 279.49597560061807 4117.087302119279
  endloop
endfacet
facet normal -0.5898684739657398 -0.43916923572505967 0.6776323234719521
  outer loop
    vertex -4901.768001596912 -62.691957233561325 4117.087302119279
    vertex -4906.104999482833 -40.3486563059795 4127.79256486444
    vertex -4908.999362196624 -40.34879053337225 4125.27297982327
  endloop
endfacet
facet normal -0.5898684739657398 -0.43916923572505967 0.6776323234719521
  outer loop
    vertex -4906.104999482833 -40.3486563059795 4127.79256486444
    vertex -4901.768001596912 -62.691957233561325 4117.087302119279
    vertex -4898.150048204673 -62.6917894493175 4120.236783420731
  endloop
endfacet
facet normal 0.9989455604493913 -3.445461463865379e-14 0.04591042646776051
  outer loop
    vertex -4973.787813680842 233.40099012535578 4155.038377574039
    vertex -4973.864395879137 -16.59688298743172 4156.704697250714
    vertex -4973.787813680842 -16.59697175829887 4155.038377574039
  endloop
endfacet
facet normal 0.9989455604493913 -3.445461463865379e-14 0.04591042646776051
  outer loop
    vertex -4973.864395879137 -16.59688298743172 4156.704697250714
    vertex -4973.787813680842 233.40099012535578 4155.038377574039
    vertex -4973.864447865378 233.4009012942278 4156.705828397716
  endloop
endfacet
facet normal -0.9738348587606009 -1.1843776938538077e-31 0.22725683237852384
  outer loop
    vertex -4902.471725532433 -16.597129343838926 4152.080336307377
    vertex -4903.151474893596 233.40130288859675 4149.167492648542
    vertex -4903.151474893596 -16.597284521539997 4149.167492648542
  endloop
endfacet
facet normal -0.9738348587606009 -1.1843776938538077e-31 0.22725683237852384
  outer loop
    vertex -4903.151474893596 233.40130288859675 4149.167492648542
    vertex -4902.471725532433 -16.597129343838926 4152.080336307377
    vertex -4902.471725532433 233.40114771089566 4152.080336307377
  endloop
endfacet
facet normal 0.5177736195424206 3.922514682430819e-20 0.8555176672085393
  outer loop
    vertex -4955.924804572416 -16.59839082571989 4128.40103523481
    vertex -4958.573556277661 233.40232379150754 4130.004104125448
    vertex -4958.573556277661 -16.598305424451357 4130.004104125448
  endloop
endfacet
facet normal 0.5177736195424206 3.922514682430819e-20 0.8555176672085393
  outer loop
    vertex -4958.573556277661 233.40232379150754 4130.004104125448
    vertex -4955.924804572416 -16.59839082571989 4128.40103523481
    vertex -4955.924804572416 233.40240919277662 4128.40103523481
  endloop
endfacet
facet normal 0.0 -0.18223552549206878 -0.9832549075639692
  outer loop
    vertex -4962.924804594873 203.80628810861225 4057.4524773980884
    vertex -5112.9248045948725 195.22587925380512 4059.0427621803597
    vertex -5112.9248045948725 203.80628810861225 4057.4524773980884
  endloop
endfacet
facet normal 0.0 -0.18223552549206878 -0.9832549075639692
  outer loop
    vertex -5112.9248045948725 195.22587925380512 4059.0427621803597
    vertex -4962.924804594873 203.80628810861225 4057.4524773980884
    vertex -4962.924804594873 195.22587925380512 4059.0427621803597
  endloop
endfacet
facet normal -0.7105762516795295 0.6966913800536655 0.09850132744277594
  outer loop
    vertex -4853.870877051624 308.39941049086434 4151.03875625811
    vertex -4882.529368559489 279.4942891618376 4148.743477473298
    vertex -4881.888852899573 279.49404293442893 4153.365416952446
  endloop
endfacet
facet normal -0.7105762516795295 0.6966913800536655 0.09850132744277594
  outer loop
    vertex -4882.529368559489 279.4942891618376 4148.743477473298
    vertex -4853.870877051624 308.39941049086434 4151.03875625811
    vertex -4854.831650541496 308.39965671827304 4144.10584703939
  endloop
endfacet
facet normal 0.7105762516796922 -0.6966913800537384 0.09850132744108764
  outer loop
    vertex -4993.320240631467 -62.690270794780865 4148.743477473298
    vertex -5021.9787321393205 -91.595392123806 4151.03875625811
    vertex -5021.017958649465 -91.59563835121467 4144.10584703939
  endloop
endfacet
facet normal 0.7105762516796922 -0.6966913800537384 0.09850132744108764
  outer loop
    vertex -5021.9787321393205 -91.595392123806 4151.03875625811
    vertex -4993.320240631467 -62.690270794780865 4148.743477473298
    vertex -4993.960756291371 -62.690024567372014 4153.365416952446
  endloop
endfacet
facet normal 0.2586814956304288 -0.4326842700333894 0.8636366170352421
  outer loop
    vertex -4952.483375863847 -62.69252625760134 4106.406140733488
    vertex -4953.315711025417 -40.349186007872845 4117.849520247026
    vertex -4957.163437632903 -62.69245157668526 4107.80797764897
  endloop
endfacet
facet normal 0.2586814956304288 -0.4326842700333894 0.8636366170352421
  outer loop
    vertex -4953.315711025417 -40.349186007872845 4117.849520247026
    vertex -4952.483375863847 -62.69252625760134 4106.406140733488
    vertex -4949.571661610173 -40.34924575260481 4116.728050714646
  endloop
endfacet
facet normal -0.6565863781005972 -1.8036285514731344e-19 0.7542508389738388
  outer loop
    vertex -4912.468960505354 -16.59810128274387 4133.836052113739
    vertex -4914.784450676389 233.40222703171597 4131.820384080813
    vertex -4914.784450676389 -16.598208664659047 4131.820384080813
  endloop
endfacet
facet normal -0.6565863781005972 -1.8036285514731344e-19 0.7542508389738388
  outer loop
    vertex -4914.784450676389 233.40222703171597 4131.820384080813
    vertex -4912.468960505354 -16.59810128274387 4133.836052113739
    vertex -4912.468960505354 233.4021196498006 4133.836052113739
  endloop
endfacet
facet normal -0.6991407499780904 -0.696113392948012 0.16318197167113738
  outer loop
    vertex -4854.831650541496 -91.59563835121467 4144.10584703939
    vertex -4883.591476936299 -62.690513259936445 4144.192159256363
    vertex -4856.4248131067125 -91.59588081637187 4137.278869713984
  endloop
endfacet
facet normal -0.6991407499780904 -0.696113392948012 0.16318197167113738
  outer loop
    vertex -4883.591476936299 -62.690513259936445 4144.192159256363
    vertex -4854.831650541496 -91.59563835121467 4144.10584703939
    vertex -4882.529368559489 -62.690270794780865 4148.743477473298
  endloop
endfacet
facet normal 0.9738348587606009 -1.1843776938538075e-31 0.22725683237852384
  outer loop
    vertex -4972.69813429734 233.40130288859675 4149.167492648542
    vertex -4973.377883658503 -16.597129343838926 4152.080336307377
    vertex -4972.69813429734 -16.597284521539997 4149.167492648542
  endloop
endfacet
facet normal 0.9738348587606009 -1.1843776938538075e-31 0.22725683237852384
  outer loop
    vertex -4973.377883658503 -16.597129343838926 4152.080336307377
    vertex -4972.69813429734 233.40130288859675 4149.167492648542
    vertex -4973.377883658503 233.40114771089566 4152.080336307377
  endloop
endfacet
facet normal 0.2869381814094561 8.156982621666023e-20 0.9579491009701059
  outer loop
    vertex -4947.242290207227 -16.598572840044657 4124.984440793903
    vertex -4950.237529739424 233.40254341131586 4125.881616419814
    vertex -4950.237529739424 -16.598525044258942 4125.881616419814
  endloop
endfacet
facet normal 0.2869381814094561 8.156982621666023e-20 0.9579491009701059
  outer loop
    vertex -4950.237529739424 233.40254341131586 4125.881616419814
    vertex -4947.242290207227 -16.598572840044657 4124.984440793903
    vertex -4947.242290207227 233.40259120710158 4124.984440793903
  endloop
endfacet
facet normal -0.47727720720944955 -0.6867134879689439 0.5482983247465518
  outer loop
    vertex -4878.262670009273 -91.59715700575275 4101.345805960529
    vertex -4901.768001596912 -62.691957233561325 4117.087302119279
    vertex -4883.689600097633 -91.59732478999513 4096.621584008367
  endloop
endfacet
facet normal -0.47727720720944955 -0.6867134879689439 0.5482983247465518
  outer loop
    vertex -4901.768001596912 -62.691957233561325 4117.087302119279
    vertex -4878.262670009273 -91.59715700575275 4101.345805960529
    vertex -4898.150048204673 -62.6917894493175 4120.236783420731
  endloop
endfacet
facet normal -0.5890634552042056 8.424523548488991e-20 0.8080867810717379
  outer loop
    vertex -4914.784450676389 -16.598208664659047 4131.820384080813
    vertex -4917.276052913276 233.40232379150754 4130.004104125448
    vertex -4917.276052913276 -16.598305424451357 4130.004104125448
  endloop
endfacet
facet normal -0.5890634552042056 8.424523548488991e-20 0.8080867810717379
  outer loop
    vertex -4917.276052913276 233.40232379150754 4130.004104125448
    vertex -4914.784450676389 -16.598208664659047 4131.820384080813
    vertex -4914.784450676389 233.40222703171597 4131.820384080813
  endloop
endfacet
facet normal -0.344284326053023 0.3405114852299462 0.874940130100747
  outer loop
    vertex -4922.710547192288 233.40248258556758 4127.023377731114
    vertex -4922.533898165531 257.1532043749303 4117.849520247026
    vertex -4925.612079451514 233.40254341131586 4125.881616419814
  endloop
endfacet
facet normal -0.344284326053023 0.3405114852299462 0.874940130100747
  outer loop
    vertex -4922.533898165531 257.1532043749303 4117.849520247026
    vertex -4922.710547192288 233.40248258556758 4127.023377731114
    vertex -4918.906982841496 257.153128342746 4119.276721886156
  endloop
endfacet
facet normal -0.5220849135489944 0.6883344626186634 0.5036099786700171
  outer loop
    vertex -4898.150048204673 279.4958078163742 4120.236783420731
    vertex -4873.289804790078 308.40099226844035 4106.501389537875
    vertex -4878.262670009273 308.4011753728111 4101.345805960529
  endloop
endfacet
facet normal -0.5220849135489944 0.6883344626186634 0.5036099786700171
  outer loop
    vertex -4873.289804790078 308.40099226844035 4106.501389537875
    vertex -4898.150048204673 279.4958078163742 4120.236783420731
    vertex -4894.834804725209 279.49562471200494 4123.673839138958
  endloop
endfacet
facet normal 0.7197459576632007 5.846700775025323e-20 0.694237536026022
  outer loop
    vertex -4963.380648685583 233.4021196498006 4133.836052113739
    vertex -4965.502404512433 -16.597984095947268 4136.035767773404
    vertex -4963.380648685583 -16.59810128274387 4133.836052113739
  endloop
endfacet
facet normal 0.7197459576632007 5.846700775025323e-20 0.694237536026022
  outer loop
    vertex -4965.502404512433 -16.597984095947268 4136.035767773404
    vertex -4963.380648685583 233.4021196498006 4133.836052113739
    vertex -4965.502404512433 233.40200246300418 4136.035767773404
  endloop
endfacet
facet normal -0.03899691673515185 -0.33837337580035676 0.9402035412795583
  outer loop
    vertex -4934.002796176849 -40.349314688352365 4115.434056448394
    vertex -4937.924804595468 -16.598634921741226 4123.819104055976
    vertex -4937.924804595475 -40.3493233547257 4115.271379792232
  endloop
endfacet
facet normal -0.03899691673515185 -0.33837337580035676 0.9402035412795583
  outer loop
    vertex -4937.924804595468 -16.598634921741226 4123.819104055976
    vertex -4934.002796176849 -40.349314688352365 4115.434056448394
    vertex -4934.787197860572 -16.59862798864274 4123.9492453809025
  endloop
endfacet
facet normal -0.19387940491532193 0.33903382955921774 0.9205796210888507
  outer loop
    vertex -4928.607318983711 233.40259120710158 4124.984440793903
    vertex -4930.110636610466 257.153307122248 4115.920848349298
    vertex -4931.6734702074655 233.40262560916943 4124.338678901627
  endloop
endfacet
facet normal -0.19387940491532193 0.33903382955921774 0.9205796210888507
  outer loop
    vertex -4930.110636610466 257.153307122248 4115.920848349298
    vertex -4928.607318983711 233.40259120710158 4124.984440793903
    vertex -4926.277947580774 257.1532641196624 4116.728050714646
  endloop
endfacet
facet normal -0.6322945613613009 0.6929203742337984 0.34650388546827743
  outer loop
    vertex -4889.210875694984 279.49521822301017 4131.304052012041
    vertex -4861.4550851621925 308.40036548844733 4124.149338788957
    vertex -4864.85391124474 308.4005857794456 4117.946708847491
  endloop
endfacet
facet normal -0.6322945613613009 0.6929203742337984 0.34650388546827743
  outer loop
    vertex -4861.4550851621925 308.40036548844733 4124.149338788957
    vertex -4889.210875694984 279.49521822301017 4131.304052012041
    vertex -4886.944991639952 279.4949979320119 4135.439138639685
  endloop
endfacet
facet normal -0.5631045332230411 -0.6899422397408618 0.45485491146630935
  outer loop
    vertex -4868.8088509471145 -91.59677687041878 4112.049097636329
    vertex -4894.834804725209 -62.691606344948 4123.673839138958
    vertex -4873.289804790078 -91.59697390138199 4106.501389537875
  endloop
endfacet
facet normal -0.5631045332230411 -0.6899422397408618 0.45485491146630935
  outer loop
    vertex -4894.834804725209 -62.691606344948 4123.673839138958
    vertex -4868.8088509471145 -91.59677687041878 4112.049097636329
    vertex -4891.847502163234 -62.69140931398497 4127.3723112045955
  endloop
endfacet
facet normal -0.888155665525869 0.35252983582323094 0.2947918395219696
  outer loop
    vertex -4894.458142468134 257.15165372153285 4146.9568655329385
    vertex -4904.0958702905 233.40145447746247 4146.322015096599
    vertex -4903.151474893596 233.40130288859675 4149.167492648542
  endloop
endfacet
facet normal -0.888155665525869 0.35252983582323094 0.2947918395219696
  outer loop
    vertex -4904.0958702905 233.40145447746247 4146.322015096599
    vertex -4894.458142468134 257.15165372153285 4146.9568655329385
    vertex -4895.638636714265 257.1518432076135 4143.400018593014
  endloop
endfacet
facet normal -0.2698723813311993 0.33967795179951343 0.9009926674817699
  outer loop
    vertex -4925.612079451514 233.40254341131586 4125.881616419814
    vertex -4926.277947580774 257.1532641196624 4116.728050714646
    vertex -4928.607318983711 233.40259120710158 4124.984440793903
  endloop
endfacet
facet normal -0.2698723813311993 0.33967795179951343 0.9009926674817699
  outer loop
    vertex -4926.277947580774 257.1532641196624 4116.728050714646
    vertex -4925.612079451514 233.40254341131586 4125.881616419814
    vertex -4922.533898165531 257.1532043749303 4117.849520247026
  endloop
endfacet
facet normal 0.19387940491528807 -0.33903382955929157 0.9205796210888306
  outer loop
    vertex -4945.738972580481 -40.34928875519053 4115.920848349298
    vertex -4947.242290207227 -16.598572840044657 4124.984440793903
    vertex -4949.571661610173 -40.34924575260481 4116.728050714646
  endloop
endfacet
facet normal 0.19387940491528807 -0.33903382955929157 0.9205796210888306
  outer loop
    vertex -4947.242290207227 -16.598572840044657 4124.984440793903
    vertex -4945.738972580481 -40.34928875519053 4115.920848349298
    vertex -4944.176138983472 -16.59860724211251 4124.338678901627
  endloop
endfacet
facet normal 0.616207069938031 0.345238404109727 0.7078836707299835
  outer loop
    vertex -4963.380648685583 233.4021196498006 4133.836052113739
    vertex -4966.850246994321 257.1528089004297 4125.27297982327
    vertex -4969.744609708116 257.152674673037 4127.79256486444
  endloop
endfacet
facet normal 0.616207069938031 0.345238404109727 0.7078836707299835
  outer loop
    vertex -4966.850246994321 257.1528089004297 4125.27297982327
    vertex -4963.380648685583 233.4021196498006 4133.836052113739
    vertex -4961.065158514548 233.40222703171597 4131.820384080813
  endloop
endfacet
facet normal -0.82132626364328 0.35050518039856055 0.45007697915305794
  outer loop
    vertex -4897.140954231056 257.1520267655468 4139.954449039594
    vertex -4906.747890099156 233.40174231004696 4140.919104012177
    vertex -4905.297724303934 233.40160132380907 4143.565559453866
  endloop
endfacet
facet normal -0.82132626364328 0.35050518039856055 0.45007697915305794
  outer loop
    vertex -4906.747890099156 233.40174231004696 4140.919104012177
    vertex -4897.140954231056 257.1520267655468 4139.954449039594
    vertex -4898.953661475081 257.15220299834453 4136.64637973748
  endloop
endfacet
facet normal 0.63229456136076 0.692920374233786 0.34650388546928884
  outer loop
    vertex -5014.394524028762 308.40036548844733 4124.149338788957
    vertex -4986.638733495959 279.49521822301017 4131.304052012041
    vertex -5010.995697946201 308.4005857794456 4117.946708847491
  endloop
endfacet
facet normal 0.63229456136076 0.692920374233786 0.34650388546928884
  outer loop
    vertex -4986.638733495959 279.49521822301017 4131.304052012041
    vertex -5014.394524028762 308.40036548844733 4124.149338788957
    vertex -4988.904617550998 279.4949979320119 4135.439138639685
  endloop
endfacet
facet normal 0.11195693329168063 -0.4314184261033762 0.8951780754165107
  outer loop
    vertex -4942.82731511876 -62.6926124272861 4104.78864790068
    vertex -4945.738972580481 -40.34928875519053 4115.920848349298
    vertex -4947.692514576733 -62.69258001083254 4105.397137776807
  endloop
endfacet
facet normal 0.11195693329168063 -0.4314184261033762 0.8951780754165107
  outer loop
    vertex -4945.738972580481 -40.34928875519053 4115.920848349298
    vertex -4942.82731511876 -62.6926124272861 4104.78864790068
    vertex -4941.846813014103 -40.349314688352365 4115.434056448394
  endloop
endfacet
facet normal 0.8581212836608885 -0.35160102429417894 0.37417186190769786
  outer loop
    vertex -4970.551884887002 -16.59758295675161 4143.565559453866
    vertex -4980.210972476687 -40.347824840556086 4143.400018593014
    vertex -4978.708654959893 -40.348008398489355 4139.954449039594
  endloop
endfacet
facet normal 0.8581212836608885 -0.35160102429417894 0.37417186190769786
  outer loop
    vertex -4980.210972476687 -40.347824840556086 4143.400018593014
    vertex -4970.551884887002 -16.59758295675161 4143.565559453866
    vertex -4971.753738900437 -16.597436110405717 4146.322015096599
  endloop
endfacet
facet normal 0.9342494105831268 -0.35402376679964853 0.042955923527125066
  outer loop
    vertex -4973.787813680842 -16.59697175829887 4155.038377574039
    vertex -4982.864292010616 -40.34711605142727 4156.704713184922
    vertex -4982.753565952191 -40.34724440042239 4154.295471689804
  endloop
endfacet
facet normal 0.9342494105831268 -0.35402376679964853 0.042955923527125066
  outer loop
    vertex -4982.864292010616 -40.34711605142727 4156.704713184922
    vertex -4973.787813680842 -16.59697175829887 4155.038377574039
    vertex -4973.864395879137 -16.59688298743172 4156.704697250714
  endloop
endfacet
facet normal 0.7782221611971155 -0.3492796747255098 0.5218946030046038
  outer loop
    vertex -4967.414278152105 -16.597857996130884 4138.402789895415
    vertex -4976.895947715861 -40.34818463128689 4136.64637973748
    vertex -4974.786646541267 -40.34835219771128 4133.500987091522
  endloop
endfacet
facet normal 0.7782221611971155 -0.3492796747255098 0.5218946030046038
  outer loop
    vertex -4976.895947715861 -40.34818463128689 4136.64637973748
    vertex -4967.414278152105 -16.597857996130884 4138.402789895415
    vertex -4969.10171909178 -16.597723942990218 4140.919104012177
  endloop
endfacet
facet normal 0.11195693329168054 0.4314184261033869 0.8951780754165054
  outer loop
    vertex -4945.738972580481 257.153307122248 4115.920848349298
    vertex -4942.82731511876 279.4966307943428 4104.78864790068
    vertex -4947.692514576733 279.4965983778895 4105.397137776807
  endloop
endfacet
facet normal 0.11195693329168054 0.4314184261033869 0.8951780754165054
  outer loop
    vertex -4942.82731511876 279.4966307943428 4104.78864790068
    vertex -4945.738972580481 257.153307122248 4115.920848349298
    vertex -4941.846813014103 257.1533330554098 4115.434056448394
  endloop
endfacet
facet normal -0.8769683070987587 -2.994674358795502e-19 0.48054821646150914
  outer loop
    vertex -4905.297724303934 -16.597582956752152 4143.565559453866
    vertex -4906.747890099156 233.40174231004696 4140.919104012177
    vertex -4906.747890099156 -16.597723942990218 4140.919104012177
  endloop
endfacet
facet normal -0.8769683070987587 -2.994674358795502e-19 0.48054821646150914
  outer loop
    vertex -4906.747890099156 233.40174231004696 4140.919104012177
    vertex -4905.297724303934 -16.597582956752152 4143.565559453866
    vertex -4905.297724303934 233.40160132380907 4143.565559453866
  endloop
endfacet
facet normal -0.6976765824293892 -0.44233876082515766 0.5635457452605882
  outer loop
    vertex -4891.847502163234 -62.69140931398497 4127.3723112045955
    vertex -4903.452804699262 -40.34850982248271 4130.542209439017
    vertex -4894.834804725209 -62.691606344948 4123.673839138958
  endloop
endfacet
facet normal -0.6976765824293892 -0.44233876082515766 0.5635457452605882
  outer loop
    vertex -4903.452804699262 -40.34850982248271 4130.542209439017
    vertex -4891.847502163234 -62.69140931398497 4127.3723112045955
    vertex -4901.062962649681 -40.34835219771128 4133.500987091522
  endloop
endfacet
facet normal 0.0 0.3338068592337269 -0.942641491092194
  outer loop
    vertex -4962.924804594873 -54.382286808236465 4039.398173473914
    vertex -5112.9248045948725 -62.60828124249369 4036.48519606721
    vertex -5112.9248045948725 -54.382286808236465 4039.398173473914
  endloop
endfacet
facet normal 0.0 0.3338068592337269 -0.942641491092194
  outer loop
    vertex -5112.9248045948725 -62.60828124249369 4036.48519606721
    vertex -4962.924804594873 -54.382286808236465 4039.398173473914
    vertex -4962.924804594873 -62.60828124249369 4036.48519606721
  endloop
endfacet
facet normal 6.701038737951513e-08 -0.38268343236502883 -0.9238795325113096
  outer loop
    vertex -4930.924804595149 268.60155660556865 3944.0458896709433
    vertex -5144.924804594388 261.99049372086404 3946.7842660577435
    vertex -5144.924804594388 268.60155310094336 3944.0458756008616
  endloop
endfacet
facet normal 6.701038737951513e-08 -0.38268343236502883 -0.9238795325113096
  outer loop
    vertex -5144.924804594388 261.99049372086404 3946.7842660577435
    vertex -4930.924804595149 268.60155660556865 3944.0458896709433
    vertex -4930.924804595149 261.9904972254893 3946.7842801278257
  endloop
endfacet
facet normal 0.0 -0.2840153447040281 0.9588197348681617
  outer loop
    vertex -4962.924804594873 -26.089193752117566 4006.5390734172515
    vertex -5112.9248045948725 -18.391393255478167 4008.819265805883
    vertex -5112.9248045948725 -26.089193752117566 4006.5390734172515
  endloop
endfacet
facet normal 0.0 -0.2840153447040281 0.9588197348681617
  outer loop
    vertex -5112.9248045948725 -18.391393255478167 4008.819265805883
    vertex -4962.924804594873 -26.089193752117566 4006.5390734172515
    vertex -4962.924804594873 -18.391393255478167 4008.819265805883
  endloop
endfacet
facet normal -0.7293093585874385 0.34796516931914456 0.5890909101467091
  outer loop
    vertex -4901.062962649681 257.15237056476894 4133.500987091522
    vertex -4910.347204678504 233.40200246300418 4136.035767773404
    vertex -4908.4353310388315 233.40187636318763 4138.402789895415
  endloop
endfacet
facet normal -0.7293093585874385 0.34796516931914456 0.5890909101467091
  outer loop
    vertex -4910.347204678504 233.40200246300418 4136.035767773404
    vertex -4901.062962649681 257.15237056476894 4133.500987091522
    vertex -4903.452804699262 257.15252818954036 4130.542209439017
  endloop
endfacet
facet normal -0.6322945613612801 -0.6929203742338185 0.34650388546827504
  outer loop
    vertex -4861.4550851621925 -91.59634712138897 4124.149338788957
    vertex -4889.210875694984 -62.69119985595341 4131.304052012041
    vertex -4864.85391124474 -91.59656741238722 4117.946708847491
  endloop
endfacet
facet normal -0.6322945613612801 -0.6929203742338185 0.34650388546827504
  outer loop
    vertex -4889.210875694984 -62.69119985595341 4131.304052012041
    vertex -4861.4550851621925 -91.59634712138897 4124.149338788957
    vertex -4886.944991639952 -62.69097956495499 4135.439138639685
  endloop
endfacet
facet normal 0.7293093585866456 0.34796516931932026 0.5890909101475871
  outer loop
    vertex -4965.502404512433 233.40200246300418 4136.035767773404
    vertex -4974.786646541267 257.15237056476894 4133.500987091522
    vertex -4967.414278152105 233.40187636318763 4138.402789895415
  endloop
endfacet
facet normal 0.7293093585866456 0.34796516931932026 0.5890909101475871
  outer loop
    vertex -4974.786646541267 257.15237056476894 4133.500987091522
    vertex -4965.502404512433 233.40200246300418 4136.035767773404
    vertex -4972.396804491676 257.15252818954036 4130.542209439017
  endloop
endfacet
facet normal -0.3778755165436389 0.6836261938107643 0.6243919611371413
  outer loop
    vertex -4909.79980463149 279.49626022727625 4111.744569547408
    vertex -4889.529292840348 308.4014943442289 4092.3646778629777
    vertex -4895.737304649498 308.40162778371166 4088.607485150546
  endloop
endfacet
facet normal -0.3778755165436389 0.6836261938107643 0.6243919611371413
  outer loop
    vertex -4889.529292840348 308.4014943442289 4092.3646778629777
    vertex -4909.79980463149 279.49626022727625 4111.744569547408
    vertex -4905.661130092057 279.4961267877935 4114.24936468902
  endloop
endfacet
facet normal -0.0389969167351501 0.3383733758003479 0.9402035412795616
  outer loop
    vertex -4937.924804595468 233.40265328879815 4123.819104055976
    vertex -4934.002796176849 257.1533330554098 4115.434056448394
    vertex -4937.924804595475 257.15334172178314 4115.271379792232
  endloop
endfacet
facet normal -0.0389969167351501 0.3383733758003479 0.9402035412795616
  outer loop
    vertex -4934.002796176849 257.1533330554098 4115.434056448394
    vertex -4937.924804595468 233.40265328879815 4123.819104055976
    vertex -4934.787197860572 233.4026463556995 4123.9492453809025
  endloop
endfacet
facet normal 0.6597863135164682 -0.6941959564558042 0.287704700234042
  outer loop
    vertex -4988.904617550998 -62.69097956495499 4135.439138639685
    vertex -5017.211369372751 -91.59611767397384 4130.609781701621
    vertex -5014.394524028762 -91.59634712138897 4124.149338788957
  endloop
endfacet
facet normal 0.6597863135164682 -0.6941959564558042 0.287704700234042
  outer loop
    vertex -5017.211369372751 -91.59611767397384 4130.609781701621
    vertex -4988.904617550998 -62.69097956495499 4135.439138639685
    vertex -4990.782514446991 -62.69075011753841 4139.746100581448
  endloop
endfacet
facet normal 0.20608882652981442 1.0199274008415632e-30 0.9785332879261512
  outer loop
    vertex -4944.176138983472 -16.59860724211251 4124.338678901627
    vertex -4947.242290207227 233.40259120710158 4124.984440793903
    vertex -4947.242290207227 -16.598572840044657 4124.984440793903
  endloop
endfacet
facet normal 0.20608882652981442 1.0199274008415632e-30 0.9785332879261512
  outer loop
    vertex -4947.242290207227 233.40259120710158 4124.984440793903
    vertex -4944.176138983472 -16.59860724211251 4124.338678901627
    vertex -4944.176138983472 233.40262560916943 4124.338678901627
  endloop
endfacet
facet normal 0.3778755165423973 0.683626193810738 0.6243919611379217
  outer loop
    vertex -4986.320316350613 308.4014943442289 4092.3646778629777
    vertex -4966.049804559447 279.49626022727625 4111.744569547408
    vertex -4980.112304541435 308.40162778371166 4088.607485150546
  endloop
endfacet
facet normal 0.3778755165423973 0.683626193810738 0.6243919611379217
  outer loop
    vertex -4966.049804559447 279.49626022727625 4111.744569547408
    vertex -4986.320316350613 308.4014943442289 4092.3646778629777
    vertex -4970.188479098899 279.4961267877935 4114.24936468902
  endloop
endfacet
facet normal 0.26987238133113084 0.33967795179961446 0.9009926674817524
  outer loop
    vertex -4950.237529739424 233.40254341131586 4125.881616419814
    vertex -4949.571661610173 257.1532641196624 4116.728050714646
    vertex -4953.315711025417 257.1532043749303 4117.849520247026
  endloop
endfacet
facet normal 0.26987238133113084 0.33967795179961446 0.9009926674817524
  outer loop
    vertex -4949.571661610173 257.1532641196624 4116.728050714646
    vertex -4950.237529739424 233.40254341131586 4125.881616419814
    vertex -4947.242290207227 233.40259120710158 4124.984440793903
  endloop
endfacet
facet normal -0.47727720720946754 0.6867134879689228 0.5482983247465626
  outer loop
    vertex -4901.768001596912 279.49597560061807 4117.087302119279
    vertex -4878.262670009273 308.4011753728111 4101.345805960529
    vertex -4883.689600097633 308.4013431570535 4096.621584008367
  endloop
endfacet
facet normal -0.47727720720946754 0.6867134879689228 0.5482983247465626
  outer loop
    vertex -4878.262670009273 308.4011753728111 4101.345805960529
    vertex -4901.768001596912 279.49597560061807 4117.087302119279
    vertex -4898.150048204673 279.4958078163742 4120.236783420731
  endloop
endfacet
facet normal 0.8201766515954523 -0.44655261898210763 0.3576325190162279
  outer loop
    vertex -4978.708654959893 -40.348008398489355 4139.954449039594
    vertex -4990.782514446991 -62.69075011753841 4139.746100581448
    vertex -4988.904617550998 -62.69097956495499 4135.439138639685
  endloop
endfacet
facet normal 0.8201766515954523 -0.44655261898210763 0.3576325190162279
  outer loop
    vertex -4990.782514446991 -62.69075011753841 4139.746100581448
    vertex -4978.708654959893 -40.348008398489355 4139.954449039594
    vertex -4980.210972476687 -40.347824840556086 4143.400018593014
  endloop
endfacet
facet normal 0.0 0.4146932426563185 0.909961270876507
  outer loop
    vertex -4962.924804594873 295.5006462352089 3986.8697961898524
    vertex -5112.9248045948725 302.80619082106284 3983.540467711114
    vertex -5112.9248045948725 295.5006462352089 3986.8697961898524
  endloop
endfacet
facet normal 0.0 0.4146932426563185 0.909961270876507
  outer loop
    vertex -5112.9248045948725 302.80619082106284 3983.540467711114
    vertex -4962.924804594873 295.5006462352089 3986.8697961898524
    vertex -4962.924804594873 302.80619082106284 3983.540467711114
  endloop
endfacet
facet normal 6.682512271155843e-08 -0.3987490689250661 -0.9170600743851999
  outer loop
    vertex -4930.924804595149 275.1638175860441 3941.1925373889108
    vertex -5144.924804594388 268.60155310094336 3944.0458756008616
    vertex -5144.924804594389 275.1638140814188 3941.192523318829
  endloop
endfacet
facet normal 6.682512271155843e-08 -0.3987490689250661 -0.9170600743851999
  outer loop
    vertex -5144.924804594388 268.60155310094336 3944.0458756008616
    vertex -4930.924804595149 275.1638175860441 3941.1925373889108
    vertex -4930.924804595149 268.60155660556865 3944.0458896709433
  endloop
endfacet
facet normal -0.6821484108916672 -0.6952721860646546 0.22642909001020503
  outer loop
    vertex -4856.4248131067125 -91.59588081637187 4137.278869713984
    vertex -4885.067094743964 -62.69075011753841 4139.746100581448
    vertex -4858.6382398182095 -91.59611767397384 4130.609781701621
  endloop
endfacet
facet normal -0.6821484108916672 -0.6952721860646546 0.22642909001020503
  outer loop
    vertex -4885.067094743964 -62.69075011753841 4139.746100581448
    vertex -4856.4248131067125 -91.59588081637187 4137.278869713984
    vertex -4883.591476936299 -62.690513259936445 4144.192159256363
  endloop
endfacet
facet normal 6.614745037205789e-08 -0.44619781310991347 -0.8949343616019705
  outer loop
    vertex -4930.924804595149 294.53789881817937 3931.9515746726743
    vertex -5144.924804594388 288.1339606038627 3935.144444668022
    vertex -5144.924804594388 294.5378953135545 3931.951560602594
  endloop
endfacet
facet normal 6.614745037205789e-08 -0.44619781310991347 -0.8949343616019705
  outer loop
    vertex -5144.924804594388 288.1339606038627 3935.144444668022
    vertex -4930.924804595149 294.53789881817937 3931.9515746726743
    vertex -4930.924804595149 288.133964108488 3935.1444587381025
  endloop
endfacet
facet normal 0.0 0.3007057995041638 0.9537169507482615
  outer loop
    vertex -4962.924804594873 242.8927745927995 4006.5390734172515
    vertex -5112.9248045948725 250.54960783281635 4004.124883170027
    vertex -5112.9248045948725 242.8927745927995 4006.5390734172515
  endloop
endfacet
facet normal 0.0 0.3007057995041638 0.9537169507482615
  outer loop
    vertex -5112.9248045948725 250.54960783281635 4004.124883170027
    vertex -4962.924804594873 242.8927745927995 4006.5390734172515
    vertex -4962.924804594873 250.54960783281635 4004.124883170027
  endloop
endfacet
facet normal 0.821326263642836 0.35050518039883677 0.4500769791536528
  outer loop
    vertex -4969.10171909178 233.40174231004696 4140.919104012177
    vertex -4978.708654959893 257.1520267655468 4139.954449039594
    vertex -4970.551884887002 233.40160132380763 4143.565559453866
  endloop
endfacet
facet normal 0.821326263642836 0.35050518039883677 0.4500769791536528
  outer loop
    vertex -4978.708654959893 257.1520267655468 4139.954449039594
    vertex -4969.10171909178 233.40174231004696 4140.919104012177
    vertex -4976.895947715861 257.15220299834453 4136.64637973748
  endloop
endfacet
facet normal -0.09113817636892999 -0.6787137839891668 0.7287258965010456
  outer loop
    vertex -4930.571038810554 -91.59797998371991 4078.173602680452
    vertex -4928.157094614215 -62.69258001083254 4105.397137776807
    vertex -4933.022294072193 -62.6926124272861 4104.78864790068
  endloop
endfacet
facet normal -0.09113817636892999 -0.6787137839891668 0.7287258965010456
  outer loop
    vertex -4928.157094614215 -62.69258001083254 4105.397137776807
    vertex -4930.571038810554 -91.59797998371991 4078.173602680452
    vertex -4923.273239623586 -91.59794756726653 4079.0863374946584
  endloop
endfacet
facet normal -0.6751208060265824 -0.34660395697078167 0.6512124033540934
  outer loop
    vertex -4903.452804699262 -40.34850982248271 4130.542209439017
    vertex -4912.468960505354 -16.59810128274387 4133.836052113739
    vertex -4906.104999482833 -40.3486563059795 4127.79256486444
  endloop
endfacet
facet normal -0.6751208060265824 -0.34660395697078167 0.6512124033540934
  outer loop
    vertex -4912.468960505354 -16.59810128274387 4133.836052113739
    vertex -4903.452804699262 -40.34850982248271 4130.542209439017
    vertex -4910.347204678504 -16.597984095947268 4136.035767773404
  endloop
endfacet
facet normal -0.8881556655258375 -0.3525298358232485 0.2947918395220434
  outer loop
    vertex -4894.458142468134 -40.34763535447394 4146.9568655329385
    vertex -4904.0958702905 -16.597436110405717 4146.322015096599
    vertex -4895.638636714265 -40.347824840556086 4143.400018593014
  endloop
endfacet
facet normal -0.8881556655258375 -0.3525298358232485 0.2947918395220434
  outer loop
    vertex -4904.0958702905 -16.597436110405717 4146.322015096599
    vertex -4894.458142468134 -40.34763535447394 4146.9568655329385
    vertex -4903.151474893596 -16.597284521539997 4149.167492648542
  endloop
endfacet
facet normal -0.5296506236828776 -0.4376220397935362 0.7266066109796163
  outer loop
    vertex -4905.661130092057 -62.692108420736766 4114.24936468902
    vertex -4908.999362196624 -40.34879053337225 4125.27297982327
    vertex -4912.113864992739 -40.348911483113184 4123.002629879068
  endloop
endfacet
facet normal -0.5296506236828776 -0.4376220397935362 0.7266066109796163
  outer loop
    vertex -4908.999362196624 -40.34879053337225 4125.27297982327
    vertex -4905.661130092057 -62.692108420736766 4114.24936468902
    vertex -4901.768001596912 -62.691957233561325 4117.087302119279
  endloop
endfacet
facet normal 0.42907360523322335 -0.685128396870609 0.5886381920107406
  outer loop
    vertex -4970.188479098899 -62.692108420736766 4114.24936468902
    vertex -4992.160009093315 -91.59732478999513 4096.621584008367
    vertex -4986.320316350613 -91.59747597717056 4092.3646778629777
  endloop
endfacet
facet normal 0.42907360523322335 -0.685128396870609 0.5886381920107406
  outer loop
    vertex -4992.160009093315 -91.59732478999513 4096.621584008367
    vertex -4970.188479098899 -62.692108420736766 4114.24936468902
    vertex -4974.081607594034 -62.691957233561325 4117.087302119279
  endloop
endfacet
facet normal -0.2681189746229608 -0.6810406207142579 0.6813926095756181
  outer loop
    vertex -4909.066855039336 -91.59781913311906 4082.7025973028863
    vertex -4914.152527403002 -62.69235653645329 4109.591979697882
    vertex -4918.686171558047 -62.69245157668526 4107.80797764897
  endloop
endfacet
facet normal -0.2681189746229608 -0.6810406207142579 0.6813926095756181
  outer loop
    vertex -4914.152527403002 -62.69235653645329 4109.591979697882
    vertex -4909.066855039336 -91.59781913311906 4082.7025973028863
    vertex -4902.266388806766 -91.59772409288728 4085.3786003762593
  endloop
endfacet
facet normal 0.32994224461923527 -0.43365817536280266 0.8384978844079605
  outer loop
    vertex -4957.163437632903 -62.69245157668526 4107.80797764897
    vertex -4956.94262634945 -40.349109975688386 4119.276721886156
    vertex -4961.697081787945 -62.69235653645329 4109.591979697882
  endloop
endfacet
facet normal 0.32994224461923527 -0.43365817536280266 0.8384978844079605
  outer loop
    vertex -4956.94262634945 -40.349109975688386 4119.276721886156
    vertex -4957.163437632903 -62.69245157668526 4107.80797764897
    vertex -4953.315711025417 -40.349186007872845 4117.849520247026
  endloop
endfacet
facet normal -0.7852180091575711 -0.4452842544509343 0.43029595725813696
  outer loop
    vertex -4886.944991639952 -62.69097956495499 4135.439138639685
    vertex -4898.953661475081 -40.34818463128689 4136.64637973748
    vertex -4889.210875694984 -62.69119985595341 4131.304052012041
  endloop
endfacet
facet normal -0.7852180091575711 -0.4452842544509343 0.43029595725813696
  outer loop
    vertex -4898.953661475081 -40.34818463128689 4136.64637973748
    vertex -4886.944991639952 -62.69097956495499 4135.439138639685
    vertex -4897.140954231056 -40.348008398489355 4139.954449039594
  endloop
endfacet
facet normal 0.0 -0.14780941112960885 -0.989015863361917
  outer loop
    vertex -4962.924804594873 186.61902294045564 4060.483055971825
    vertex -5112.9248045948725 177.98834090037238 4061.7729200450412
    vertex -5112.9248045948725 186.61902294045564 4060.483055971825
  endloop
endfacet
facet normal 0.0 -0.14780941112960885 -0.989015863361917
  outer loop
    vertex -5112.9248045948725 177.98834090037238 4061.7729200450412
    vertex -4962.924804594873 186.61902294045564 4060.483055971825
    vertex -4962.924804594873 177.98834090037238 4061.7729200450412
  endloop
endfacet
facet normal 0.0 0.216439613938137 0.9762960071199258
  outer loop
    vertex -4962.924804594873 204.0411681965095 4016.586782011807
    vertex -5112.9248045948725 211.87927541851803 4014.8491154754643
    vertex -5112.9248045948725 204.0411681965095 4016.586782011807
  endloop
endfacet
facet normal 0.0 0.216439613938137 0.9762960071199258
  outer loop
    vertex -5112.9248045948725 211.87927541851803 4014.8491154754643
    vertex -4962.924804594873 204.0411681965095 4016.586782011807
    vertex -4962.924804594873 211.87927541851803 4014.8491154754643
  endloop
endfacet
facet normal 0.8305393662542095 -2.8080942391964655e-21 0.556959927734533
  outer loop
    vertex -4967.414278152105 233.40187636318763 4138.402789895415
    vertex -4969.10171909178 -16.597723942990218 4140.919104012177
    vertex -4967.414278152105 -16.597857996130884 4138.402789895415
  endloop
endfacet
facet normal 0.8305393662542095 -2.8080942391964655e-21 0.556959927734533
  outer loop
    vertex -4969.10171909178 -16.597723942990218 4140.919104012177
    vertex -4967.414278152105 233.40187636318763 4138.402789895415
    vertex -4969.10171909178 233.40174231004696 4140.919104012177
  endloop
endfacet
facet normal -0.4290736052325965 -0.6851283968705549 0.5886381920112604
  outer loop
    vertex -4883.689600097633 -91.59732478999513 4096.621584008367
    vertex -4905.661130092057 -62.692108420736766 4114.24936468902
    vertex -4889.529292840348 -91.59747597717056 4092.3646778629777
  endloop
endfacet
facet normal -0.4290736052325965 -0.6851283968705549 0.5886381920112604
  outer loop
    vertex -4905.661130092057 -62.692108420736766 4114.24936468902
    vertex -4883.689600097633 -91.59732478999513 4096.621584008367
    vertex -4901.768001596912 -62.691957233561325 4117.087302119279
  endloop
endfacet
facet normal 0.0 0.23344536385586773 0.9723699203976858
  outer loop
    vertex -4962.924804594873 211.87927541851803 4014.8491154754643
    vertex -5112.9248045948725 219.6858623961871 4012.9749197612146
    vertex -5112.9248045948725 211.87927541851803 4014.8491154754643
  endloop
endfacet
facet normal 0.0 0.23344536385586773 0.9723699203976858
  outer loop
    vertex -5112.9248045948725 219.6858623961871 4012.9749197612146
    vertex -4962.924804594873 211.87927541851803 4014.8491154754643
    vertex -4962.924804594873 219.6858623961871 4012.9749197612146
  endloop
endfacet
facet normal 0.0 0.19936793441714776 0.9799247046208397
  outer loop
    vertex -4962.924804594873 196.17392829355092 4018.1873900601813
    vertex -5112.9248045948725 204.0411681965095 4016.586782011807
    vertex -5112.9248045948725 196.17392829355092 4018.1873900601813
  endloop
endfacet
facet normal 0.0 0.19936793441714776 0.9799247046208397
  outer loop
    vertex -5112.9248045948725 204.0411681965095 4016.586782011807
    vertex -4962.924804594873 196.17392829355092 4018.1873900601813
    vertex -4962.924804594873 204.0411681965095 4016.586782011807
  endloop
endfacet
facet normal 0.682148410891777 0.6952721860647136 0.2264290900096928
  outer loop
    vertex -5019.424796084242 308.39989918343025 4137.278869713984
    vertex -4990.782514446991 279.49476848459676 4139.746100581448
    vertex -5017.211369372751 308.4001360410322 4130.609781701621
  endloop
endfacet
facet normal 0.682148410891777 0.6952721860647136 0.2264290900096928
  outer loop
    vertex -4990.782514446991 279.49476848459676 4139.746100581448
    vertex -5019.424796084242 308.39989918343025 4137.278869713984
    vertex -4992.258132254652 279.49453162699336 4144.192159256363
  endloop
endfacet
facet normal 0.9110431655860698 -0.3532592005918982 0.21262240624187723
  outer loop
    vertex -4972.69813429734 -16.597284521539997 4149.167492648542
    vertex -4982.241153424267 -40.3474413823476 4150.597920106486
    vertex -4981.391466722816 -40.34763535447394 4146.9568655329385
  endloop
endfacet
facet normal 0.9110431655860698 -0.3532592005918982 0.21262240624187723
  outer loop
    vertex -4982.241153424267 -40.3474413823476 4150.597920106486
    vertex -4972.69813429734 -16.597284521539997 4149.167492648542
    vertex -4973.377883658503 -16.597129343838926 4152.080336307377
  endloop
endfacet
facet normal 0.0 0.3826834323651 -0.9238795325112825
  outer loop
    vertex -4962.924804594873 -78.9015062876147 4030.2308129576495
    vertex -5112.9248045948725 -86.96377382429546 4026.8913124004757
    vertex -5112.9248045948725 -78.9015062876147 4030.2308129576495
  endloop
endfacet
facet normal 0.0 0.3826834323651 -0.9238795325112825
  outer loop
    vertex -5112.9248045948725 -86.96377382429546 4026.8913124004757
    vertex -4962.924804594873 -78.9015062876147 4030.2308129576495
    vertex -4962.924804594873 -86.96377382429546 4026.8913124004757
  endloop
endfacet
facet normal -0.19387940491531439 -0.33903382955922656 0.920579621088849
  outer loop
    vertex -4930.110636610466 -40.34928875519053 4115.920848349298
    vertex -4928.607318983711 -16.598572840044657 4124.984440793903
    vertex -4931.6734702074655 -16.59860724211251 4124.338678901627
  endloop
endfacet
facet normal -0.19387940491531439 -0.33903382955922656 0.920579621088849
  outer loop
    vertex -4928.607318983711 -16.598572840044657 4124.984440793903
    vertex -4930.110636610466 -40.34928875519053 4115.920848349298
    vertex -4926.277947580774 -40.34924575260481 4116.728050714646
  endloop
endfacet
facet normal 0.1512448627915317 -0.6792476385758176 0.7181557191642676
  outer loop
    vertex -4952.576369567362 -91.59794756726653 4079.0863374946584
    vertex -4952.483375863847 -62.69252625760134 4106.406140733488
    vertex -4959.762661498035 -91.59789381403388 4080.59984192967
  endloop
endfacet
facet normal 0.1512448627915317 -0.6792476385758176 0.7181557191642676
  outer loop
    vertex -4952.483375863847 -62.69252625760134 4106.406140733488
    vertex -4952.576369567362 -91.59794756726653 4079.0863374946584
    vertex -4947.692514576733 -62.69258001083254 4105.397137776807
  endloop
endfacet
facet normal 0.0 0.31730465640503625 -0.948323655206218
  outer loop
    vertex -4962.924804594873 -46.10670676713253 4042.167143821832
    vertex -5112.9248045948725 -54.382286808236465 4039.398173473914
    vertex -5112.9248045948725 -46.10670676713253 4042.167143821832
  endloop
endfacet
facet normal 0.0 0.31730465640503625 -0.948323655206218
  outer loop
    vertex -5112.9248045948725 -54.382286808236465 4039.398173473914
    vertex -4962.924804594873 -46.10670676713253 4042.167143821832
    vertex -4962.924804594873 -54.382286808236465 4039.398173473914
  endloop
endfacet
facet normal -0.2586814956306455 0.4326842700333822 0.8636366170351808
  outer loop
    vertex -4922.533898165531 257.1532043749303 4117.849520247026
    vertex -4923.3662333270995 279.49654462465827 4106.406140733488
    vertex -4926.277947580774 257.1532641196624 4116.728050714646
  endloop
endfacet
facet normal -0.2586814956306455 0.4326842700333822 0.8636366170351808
  outer loop
    vertex -4923.3662333270995 279.49654462465827 4106.406140733488
    vertex -4922.533898165531 257.1532043749303 4117.849520247026
    vertex -4918.686171558047 279.4964699437434 4107.80797764897
  endloop
endfacet
facet normal -0.11195693329153764 -0.4314184261033694 0.8951780754165317
  outer loop
    vertex -4933.022294072193 -62.6926124272861 4104.78864790068
    vertex -4930.110636610466 -40.34928875519053 4115.920848349298
    vertex -4934.002796176849 -40.349314688352365 4115.434056448394
  endloop
endfacet
facet normal -0.11195693329153764 -0.4314184261033694 0.8951780754165317
  outer loop
    vertex -4930.110636610466 -40.34928875519053 4115.920848349298
    vertex -4933.022294072193 -62.6926124272861 4104.78864790068
    vertex -4928.157094614215 -62.69258001083254 4105.397137776807
  endloop
endfacet
facet normal 0.5631045332221754 -0.6899422397408269 0.4548549114674341
  outer loop
    vertex -4981.014804465727 -62.691606344948 4123.673839138958
    vertex -5007.0407582438365 -91.59677687041878 4112.049097636329
    vertex -5002.559804400856 -91.59697390138199 4106.501389537875
  endloop
endfacet
facet normal 0.5631045332221754 -0.6899422397408269 0.4548549114674341
  outer loop
    vertex -5007.0407582438365 -91.59677687041878 4112.049097636329
    vertex -4981.014804465727 -62.691606344948 4123.673839138958
    vertex -4984.002107027715 -62.69140931398497 4127.3723112045955
  endloop
endfacet
facet normal -0.563104533223052 0.6899422397408415 0.45485491146632684
  outer loop
    vertex -4894.834804725209 279.49562471200494 4123.673839138958
    vertex -4868.8088509471145 308.40079523747715 4112.049097636329
    vertex -4873.289804790078 308.40099226844035 4106.501389537875
  endloop
endfacet
facet normal -0.563104533223052 0.6899422397408415 0.45485491146632684
  outer loop
    vertex -4868.8088509471145 308.40079523747715 4112.049097636329
    vertex -4894.834804725209 279.49562471200494 4123.673839138958
    vertex -4891.847502163234 279.4954276810417 4127.3723112045955
  endloop
endfacet
facet normal -0.5220849135489785 -0.6883344626186838 0.5036099786700057
  outer loop
    vertex -4873.289804790078 -91.59697390138199 4106.501389537875
    vertex -4898.150048204673 -62.6917894493175 4120.236783420731
    vertex -4878.262670009273 -91.59715700575275 4101.345805960529
  endloop
endfacet
facet normal -0.5220849135489785 -0.6883344626186838 0.5036099786700057
  outer loop
    vertex -4898.150048204673 -62.6917894493175 4120.236783420731
    vertex -4873.289804790078 -91.59697390138199 4106.501389537875
    vertex -4894.834804725209 -62.691606344948 4123.673839138958
  endloop
endfacet
facet normal 0.0 0.18223552549207842 0.9832549075639674
  outer loop
    vertex -4962.924804594873 188.2799521471279 4019.650452059871
    vertex -5112.9248045948725 196.17392829355092 4018.1873900601813
    vertex -5112.9248045948725 188.2799521471279 4019.650452059871
  endloop
endfacet
facet normal 0.0 0.18223552549207842 0.9832549075639674
  outer loop
    vertex -5112.9248045948725 196.17392829355092 4018.1873900601813
    vertex -4962.924804594873 188.2799521471279 4019.650452059871
    vertex -4962.924804594873 196.17392829355092 4018.1873900601813
  endloop
endfacet
facet normal 0.0 0.3007057995043859 -0.9537169507481914
  outer loop
    vertex -4962.924804594873 -37.78406194102685 4044.791263655774
    vertex -5112.9248045948725 -46.10670676713253 4042.167143821832
    vertex -5112.9248045948725 -37.78406194102685 4044.791263655774
  endloop
endfacet
facet normal 0.0 0.3007057995043859 -0.9537169507481914
  outer loop
    vertex -5112.9248045948725 -46.10670676713253 4042.167143821832
    vertex -4962.924804594873 -37.78406194102685 4044.791263655774
    vertex -4962.924804594873 -46.10670676713253 4042.167143821832
  endloop
endfacet
facet normal 6.77341324468065e-08 -0.21643961393814115 -0.9762960071199227
  outer loop
    vertex -4930.924804595149 200.63172620594932 3966.1306263173906
    vertex -5144.924804594388 193.6455836556204 3967.679401986223
    vertex -5144.924804594388 200.63172270132404 3966.130612247309
  endloop
endfacet
facet normal 6.77341324468065e-08 -0.21643961393814115 -0.9762960071199227
  outer loop
    vertex -5144.924804594388 193.6455836556204 3967.679401986223
    vertex -4930.924804595149 200.63172620594932 3966.1306263173906
    vertex -4930.924804595149 193.6455871602457 3967.679416056305
  endloop
endfacet
facet normal -0.366172867110121 -2.0982165570882667e-19 0.930546845350815
  outer loop
    vertex -4922.710547192288 -16.598464218510653 4127.023377731114
    vertex -4925.612079451514 233.40254341131586 4125.881616419814
    vertex -4925.612079451514 -16.598525044258942 4125.881616419814
  endloop
endfacet
facet normal -0.366172867110121 -2.0982165570882667e-19 0.930546845350815
  outer loop
    vertex -4925.612079451514 233.40254341131586 4125.881616419814
    vertex -4922.710547192288 -16.598464218510653 4127.023377731114
    vertex -4922.710547192288 233.40248258556758 4127.023377731114
  endloop
endfacet
facet normal 0.6976765824282243 -0.44233876082510254 0.5635457452620738
  outer loop
    vertex -4972.396804491676 -40.34850982248271 4130.542209439017
    vertex -4984.002107027715 -62.69140931398497 4127.3723112045955
    vertex -4981.014804465727 -62.691606344948 4123.673839138958
  endloop
endfacet
facet normal 0.6976765824282243 -0.44233876082510254 0.5635457452620738
  outer loop
    vertex -4984.002107027715 -62.69140931398497 4127.3723112045955
    vertex -4972.396804491676 -40.34850982248271 4130.542209439017
    vertex -4974.786646541267 -40.34835219771128 4133.500987091522
  endloop
endfacet
facet normal -0.7540338681443473 0.6568355392775108 -5.77014931209104e-06
  outer loop
    vertex -5152.099338839788 296.97758477470876 4161.707465518899
    vertex -5149.492845703836 299.96858396079864 4024.8759595907113
    vertex -5152.099344685139 296.9763760314289 4024.8760061546677
  endloop
endfacet
facet normal -0.7540338681443473 0.6568355392775108 -5.77014931209104e-06
  outer loop
    vertex -5149.492845703836 299.96858396079864 4024.8759595907113
    vertex -5152.099338839788 296.97758477470876 4161.707465518899
    vertex -5149.492839858484 299.9697927040785 4161.707418954942
  endloop
endfacet
facet normal -0.6568302958828515 0.7540384356028874 -6.632956310270996e-06
  outer loop
    vertex -5149.492845703836 299.96858396079864 4024.8759595907113
    vertex -5146.500613803837 302.5762708781992 4161.707415821989
    vertex -5146.500619649188 302.57506213491934 4024.875956457757
  endloop
endfacet
facet normal -0.6568302958828515 0.7540384356028874 -6.632956310270996e-06
  outer loop
    vertex -5146.500613803837 302.5762708781992 4161.707415821989
    vertex -5149.492845703836 299.96858396079864 4024.8759595907113
    vertex -5149.492839858484 299.9697927040785 4161.707418954942
  endloop
endfacet
facet normal -0.2992281008155138 0.9541816093697888 4.7770958874470635e-06
  outer loop
    vertex -5139.591376664548 306.44324000839896 4161.707539264075
    vertex -5135.803078146168 307.6323998644976 3929.5383847880667
    vertex -5139.5895258076325 306.4449827828246 3929.538260545703
  endloop
endfacet
facet normal -0.2992281008155138 0.9541816093697888 4.7770958874470635e-06
  outer loop
    vertex -5135.803078146168 307.6323998644976 3929.5383847880667
    vertex -5139.591376664548 306.44324000839896 4161.707539264075
    vertex -5135.804929003084 307.6306570900718 4161.7076635064395
  endloop
endfacet
facet normal -0.8369885095163621 0.5472204628068612 -4.798286654196203e-06
  outer loop
    vertex -5154.27085589911 293.6561906566577 4161.707554633945
    vertex -5152.099344685139 296.9763760314289 4024.8760061546677
    vertex -5154.270861744461 293.65498191337787 4024.8760952697135
  endloop
endfacet
facet normal -0.8369885095163621 0.5472204628068612 -4.798286654196203e-06
  outer loop
    vertex -5152.099344685139 296.9763760314289 4024.8760061546677
    vertex -5154.27085589911 293.6561906566577 4161.707554633945
    vertex -5152.099338839788 296.97758477470876 4161.707465518899
  endloop
endfacet
facet normal -0.42725830852846347 0.9041296023148269 3.3807227104163676e-06
  outer loop
    vertex -5143.179204584925 304.7477648416243 4161.707456179242
    vertex -5139.5895258076325 306.4449827828246 3929.538260545703
    vertex -5143.17735372801 304.74950761604987 3929.538177460871
  endloop
endfacet
facet normal -0.42725830852846347 0.9041296023148269 3.3807227104163676e-06
  outer loop
    vertex -5139.5895258076325 306.4449827828246 3929.538260545703
    vertex -5143.179204584925 304.7477648416243 4161.707456179242
    vertex -5139.591376664548 306.44324000839896 4161.707539264075
  endloop
endfacet
facet normal -0.16554339832118703 0.986202506200054 6.083196582416264e-06
  outer loop
    vertex -5135.804929003084 307.6306570900718 4161.7076635064395
    vertex -5131.889563008853 308.2893203145551 3929.5385478401595
    vertex -5135.803078146168 307.6323998644976 3929.5383847880667
  endloop
endfacet
facet normal -0.16554339832118703 0.986202506200054 6.083196582416264e-06
  outer loop
    vertex -5131.889563008853 308.2893203145551 3929.5385478401595
    vertex -5135.804929003084 307.6306570900718 4161.7076635064395
    vertex -5131.891413865768 308.2875775401293 4161.707826558532
  endloop
endfacet
facet normal -0.028730432482827754 0.9995871958946022 7.274343491887978e-06
  outer loop
    vertex -5131.891413865768 308.2875775401293 4161.707826558532
    vertex -5127.922933847084 308.40333034823556 3929.538746620797
    vertex -5131.889563008853 308.2893203145551 3929.5385478401595
  endloop
endfacet
facet normal -0.028730432482827754 0.9995871958946022 7.274343491887978e-06
  outer loop
    vertex -5127.922933847084 308.40333034823556 3929.538746620797
    vertex -5131.891413865768 308.2875775401293 4161.707826558532
    vertex -5127.924784703999 308.40158757380976 4161.708025339169
  endloop
endfacet
facet normal -0.5472146425628382 0.8369923147260682 -7.370455801274464e-06
  outer loop
    vertex -5146.500613803837 302.5762708781992 4161.707415821989
    vertex -5144.924808514896 303.60530687234046 4024.876088993928
    vertex -5146.500619649188 302.57506213491934 4024.875956457757
  endloop
endfacet
facet normal -0.5472146425628382 0.8369923147260682 -7.370455801274464e-06
  outer loop
    vertex -5144.924808514896 303.60530687234046 4024.876088993928
    vertex -5146.500613803837 302.5762708781992 4161.707415821989
    vertex -5143.179204584925 304.7477648416243 4161.707456179242
  endloop
endfacet
facet normal -0.5472146422723771 0.8369923149462163 1.9204642334469986e-06
  outer loop
    vertex -5143.179204584925 304.7477648416243 4161.707456179242
    vertex -5143.17735372801 304.74950761604987 3929.538177460871
    vertex -5144.922951812629 303.60825839004593 3929.5382696397864
  endloop
endfacet
facet normal -0.5484534028661884 0.8361811195269132 1.520580933461514e-05
  outer loop
    vertex -5143.179204584925 304.7477648416243 4161.707456179242
    vertex -5144.922951812629 303.60825839004593 3929.5382696397864
    vertex -5144.924808514896 303.60530687234046 4024.876088993928
  endloop
endfacet
facet normal -0.9995869961346073 0.02873738259738089 -2.1115890282388426e-07
  outer loop
    vertex -5157.924784702092 278.40179618996933 4161.708291633244
    vertex -5157.810752932416 282.3672158136308 4024.876597266463
    vertex -5157.924790547444 278.4005874466895 4024.876832269013
  endloop
endfacet
facet normal -0.9995869961346073 0.02873738259738089 -2.1115890282388426e-07
  outer loop
    vertex -5157.810752932416 282.3672158136308 4024.876597266463
    vertex -5157.924784702092 278.40179618996933 4161.708291633244
    vertex -5157.810747087065 282.36842455691044 4161.708056630694
  endloop
endfacet
facet normal -0.9541795287142015 0.29923473557722297 -2.6026212299365996e-06
  outer loop
    vertex -5157.153799424721 286.28193512438963 4161.707853009028
    vertex -5155.966361859404 290.0671657840837 4024.876225251844
    vertex -5157.153805270073 286.2807263811096 4024.8763936447986
  endloop
endfacet
facet normal -0.9541795287142015 0.29923473557722297 -2.6026212299365996e-06
  outer loop
    vertex -5155.966361859404 290.0671657840837 4024.876225251844
    vertex -5157.153799424721 286.28193512438963 4161.707853009028
    vertex -5155.9663560140525 290.0683745273636 4161.707684616076
  endloop
endfacet
facet normal -0.9862013551415234 0.16555025555705363 -1.4203098197747416e-06
  outer loop
    vertex -5157.810747087065 282.36842455691044 4161.708056630694
    vertex -5157.153805270073 286.2807263811096 4024.8763936447986
    vertex -5157.810752932416 282.3672158136308 4024.876597266463
  endloop
endfacet
facet normal -0.9862013551415234 0.16555025555705363 -1.4203098197747416e-06
  outer loop
    vertex -5157.153805270073 286.2807263811096 4024.8763936447986
    vertex -5157.810747087065 282.36842455691044 4161.708056630694
    vertex -5157.153799424721 286.28193512438963 4161.707853009028
  endloop
endfacet
facet normal -0.9041266313401878 0.42726459540604195 -3.7357510685116814e-06
  outer loop
    vertex -5155.9663560140525 290.0683745273636 4161.707684616076
    vertex -5154.270861744461 293.65498191337787 4024.8760952697135
    vertex -5155.966361859404 290.0671657840837 4024.876225251844
  endloop
endfacet
facet normal -0.9041266313401878 0.42726459540604195 -3.7357510685116814e-06
  outer loop
    vertex -5154.270861744461 293.65498191337787 4024.8760952697135
    vertex -5155.9663560140525 290.0683745273636 4161.707684616076
    vertex -5154.27085589911 293.6561906566577 4161.707554633945
  endloop
endfacet
facet normal -5.750442559557922e-07 2.9997646475727518e-05 -0.9999999995499054
  outer loop
    vertex -5144.922951812629 303.60825839004593 3929.5382696397864
    vertex -4930.924804595149 299.1739883907381 3929.5381791977948
    vertex -5144.924804594388 299.17398488611246 3929.538165127713
  endloop
endfacet
facet normal -5.750442559557922e-07 2.9997646475727518e-05 -0.9999999995499054
  outer loop
    vertex -4930.924804595149 299.1739883907381 3929.5381791977948
    vertex -5144.922951812629 303.60825839004593 3929.5382696397864
    vertex -5143.17735372801 304.74950761604987 3929.538177460871
  endloop
endfacet
facet normal -5.750442559557922e-07 2.9997646475727518e-05 -0.9999999995499054
  outer loop
    vertex -4930.924804595149 299.1739883907381 3929.5381791977948
    vertex -5143.17735372801 304.74950761604987 3929.538177460871
    vertex -5139.5895258076325 306.4449827828246 3929.538260545703
  endloop
endfacet
facet normal -5.750442559557922e-07 2.9997646475727518e-05 -0.9999999995499054
  outer loop
    vertex -4930.924804595149 299.1739883907381 3929.5381791977948
    vertex -5139.5895258076325 306.4449827828246 3929.538260545703
    vertex -5135.803078146168 307.6323998644976 3929.5383847880667
  endloop
endfacet
facet normal -5.750442559557922e-07 2.9997646475727518e-05 -0.9999999995499054
  outer loop
    vertex -4930.924804595149 299.1739883907381 3929.5381791977948
    vertex -5135.803078146168 307.6323998644976 3929.5383847880667
    vertex -5131.889563008853 308.2893203145551 3929.5385478401595
  endloop
endfacet
facet normal -5.750442559557922e-07 2.9997646475727518e-05 -0.9999999995499054
  outer loop
    vertex -4930.924804595149 299.1739883907381 3929.5381791977948
    vertex -5131.889563008853 308.2893203145551 3929.5385478401595
    vertex -5127.922933847084 308.40333034823556 3929.538746620797
  endloop
endfacet
facet normal -5.750442559557922e-07 2.9997646475727518e-05 -0.9999999995499054
  outer loop
    vertex -4930.924804595149 299.1739883907381 3929.5381791977948
    vertex -5127.922933847084 308.40333034823556 3929.538746620797
    vertex -4930.924804595149 308.4017904204629 3929.5381791977948
  endloop
endfacet
facet normal 0.0 0.0 1.0
  outer loop
    vertex -4962.924804594873 307.4017939253358 3981.3484774723847
    vertex -5112.9248045948725 308.4017904204629 3981.3484774723847
    vertex -5112.9248045948725 307.4017939253358 3981.3484774723847
  endloop
endfacet
facet normal 0.0 0.0 1.0
  outer loop
    vertex -5112.9248045948725 308.4017904204629 3981.3484774723847
    vertex -4962.924804594873 307.4017939253358 3981.3484774723847
    vertex -4962.924804594873 308.4017904204629 3981.3484774723847
  endloop
endfacet
facet normal -4.8127427968817745e-15 0.0 1.0
  outer loop
    vertex -4962.9248045948725 -91.59820957963801 3981.3484791441783
    vertex -5112.924804594872 -90.59820957965809 3981.348479144178
    vertex -5112.924804594872 -91.59820957963801 3981.348479144178
  endloop
endfacet
facet normal -4.8127427968817745e-15 0.0 1.0
  outer loop
    vertex -5112.924804594872 -90.59820957965809 3981.348479144178
    vertex -4962.9248045948725 -91.59820957963801 3981.3484791441783
    vertex -4962.9248045948725 -90.59820957965809 3981.3484791441783
  endloop
endfacet
facet normal 0.0 -0.23344536385585624 0.9723699203976885
  outer loop
    vertex -4962.924804594873 -2.8822815555060877 4012.9749197612146
    vertex -5112.9248045948725 4.924305422163343 4014.8491154754643
    vertex -5112.9248045948725 -2.8822815555060877 4012.9749197612146
  endloop
endfacet
facet normal 0.0 -0.23344536385585624 0.9723699203976885
  outer loop
    vertex -5112.9248045948725 4.924305422163343 4014.8491154754643
    vertex -4962.924804594873 -2.8822815555060877 4012.9749197612146
    vertex -4962.924804594873 4.924305422163343 4014.8491154754643
  endloop
endfacet
facet normal 6.639358637520063e-08 -0.4305110968082198 -0.902585284349894
  outer loop
    vertex -4930.924804595149 288.133964108488 3935.1444587381025
    vertex -5144.924804594388 281.67527773402674 3938.22507837039
    vertex -5144.924804594388 288.1339606038627 3935.144444668022
  endloop
endfacet
facet normal 6.639358637520063e-08 -0.4305110968082198 -0.902585284349894
  outer loop
    vertex -5144.924804594388 281.67527773402674 3938.22507837039
    vertex -4930.924804595149 288.133964108488 3935.1444587381025
    vertex -4930.924804595149 281.675281238652 3938.2250924404702
  endloop
endfacet
facet normal 0.0 0.26723837607816486 -0.9636304532086486
  outer loop
    vertex -4962.924804594873 -21.00773213091893 4049.601798818789
    vertex -5112.9248045948725 -29.416887488158153 4047.2697336434153
    vertex -5112.9248045948725 -21.00773213091893 4049.601798818789
  endloop
endfacet
facet normal 0.0 0.26723837607816486 -0.9636304532086486
  outer loop
    vertex -5112.9248045948725 -29.416887488158153 4047.2697336434153
    vertex -4962.924804594873 -21.00773213091893 4049.601798818789
    vertex -4962.924804594873 -29.416887488158153 4047.2697336434153
  endloop
endfacet
facet normal 0.0 -0.3502073812594521 -0.9366721892484035
  outer loop
    vertex -4962.924804594873 287.5857651929908 4033.429098922857
    vertex -5112.9248045948725 279.4118620831758 4036.48519606721
    vertex -5112.9248045948725 287.5857651929908 4033.429098922857
  endloop
endfacet
facet normal 0.0 -0.3502073812594521 -0.9366721892484035
  outer loop
    vertex -5112.9248045948725 279.4118620831758 4036.48519606721
    vertex -4962.924804594873 287.5857651929908 4033.429098922857
    vertex -4962.924804594873 279.4118620831758 4036.48519606721
  endloop
endfacet
facet normal -0.39918224161064864 -0.4348275175027399 0.8072041674849693
  outer loop
    vertex -4914.152527403002 -62.69235653645329 4109.591979697882
    vertex -4915.424804624286 -40.349018234700246 4120.99879376578
    vertex -4918.906982841496 -40.349109975688386 4119.276721886156
  endloop
endfacet
facet normal -0.39918224161064864 -0.4348275175027399 0.8072041674849693
  outer loop
    vertex -4915.424804624286 -40.349018234700246 4120.99879376578
    vertex -4914.152527403002 -62.69235653645329 4109.591979697882
    vertex -4909.79980463149 -62.69224186021951 4111.744569547408
  endloop
endfacet
facet normal 0.0 -0.2672383760782626 0.9636304532086214
  outer loop
    vertex -4962.924804594873 -18.391393255478167 4008.819265805883
    vertex -5112.9248045948725 -10.65497032681811 4010.9647657672276
    vertex -5112.9248045948725 -18.391393255478167 4008.819265805883
  endloop
endfacet
facet normal 0.0 -0.2672383760782626 0.9636304532086214
  outer loop
    vertex -5112.9248045948725 -10.65497032681811 4010.9647657672276
    vertex -4962.924804594873 -18.391393255478167 4008.819265805883
    vertex -4962.924804594873 -10.65497032681811 4010.9647657672276
  endloop
endfacet
facet normal 0.0 0.366501226724255 0.9304175679820412
  outer loop
    vertex -4962.924804594873 273.2510472111791 3996.085881862969
    vertex -5112.9248045948725 280.7208233916608 3993.1434587749786
    vertex -5112.9248045948725 273.2510472111791 3996.085881862969
  endloop
endfacet
facet normal 0.0 0.366501226724255 0.9304175679820412
  outer loop
    vertex -5112.9248045948725 280.7208233916608 3993.1434587749786
    vertex -4962.924804594873 273.2510472111791 3996.085881862969
    vertex -4962.924804594873 280.7208233916608 3993.1434587749786
  endloop
endfacet
facet normal 0.0 0.2503800040544594 0.9681476403781032
  outer loop
    vertex -4962.924804594873 219.6858623961871 4012.9749197612146
    vertex -5112.9248045948725 227.4585511674993 4010.9647657672276
    vertex -5112.9248045948725 219.6858623961871 4012.9749197612146
  endloop
endfacet
facet normal 0.0 0.2503800040544594 0.9681476403781032
  outer loop
    vertex -5112.9248045948725 227.4585511674993 4010.9647657672276
    vertex -4962.924804594873 219.6858623961871 4012.9749197612146
    vertex -4962.924804594873 227.4585511674993 4010.9647657672276
  endloop
endfacet
facet normal 0.0 0.3665012267243521 -0.9304175679820029
  outer loop
    vertex -4962.924804594873 -70.78218435230883 4033.429098922857
    vertex -5112.9248045948725 -78.9015062876147 4030.2308129576495
    vertex -5112.9248045948725 -70.78218435230883 4033.429098922857
  endloop
endfacet
facet normal 0.0 0.3665012267243521 -0.9304175679820029
  outer loop
    vertex -5112.9248045948725 -78.9015062876147 4030.2308129576495
    vertex -4962.924804594873 -70.78218435230883 4033.429098922857
    vertex -4962.924804594873 -78.9015062876147 4030.2308129576495
  endloop
endfacet
facet normal 0.091138176369048 -0.6787137839891725 0.7287258965010254
  outer loop
    vertex -4945.278570380405 -91.59797998371991 4078.173602680452
    vertex -4947.692514576733 -62.69258001083254 4105.397137776807
    vertex -4952.576369567362 -91.59794756726653 4079.0863374946584
  endloop
endfacet
facet normal 0.091138176369048 -0.6787137839891725 0.7287258965010254
  outer loop
    vertex -4947.692514576733 -62.69258001083254 4105.397137776807
    vertex -4945.278570380405 -91.59797998371991 4078.173602680452
    vertex -4942.82731511876 -62.6926124272861 4104.78864790068
  endloop
endfacet
facet normal -0.9264782969331327 0.353763209644301 0.12841166930635428
  outer loop
    vertex -4893.096043238753 257.15126276747986 4154.295471689804
    vertex -4902.471725532433 233.40114771089566 4152.080336307377
    vertex -4902.061795510094 233.40099012535578 4155.038377574039
  endloop
endfacet
facet normal -0.9264782969331327 0.353763209644301 0.12841166930635428
  outer loop
    vertex -4902.471725532433 233.40114771089566 4152.080336307377
    vertex -4893.096043238753 257.15126276747986 4154.295471689804
    vertex -4893.6084557666845 257.15145974940503 4150.597920106486
  endloop
endfacet
facet normal 6.744350828806055e-08 -0.33380685923377906 -0.9426414910921732
  outer loop
    vertex -4930.924804595149 248.63005268848946 3951.9128742776666
    vertex -5144.924804594388 241.88473374777314 3954.3015016810828
    vertex -5144.924804594388 248.63004918386417 3951.912860207585
  endloop
endfacet
facet normal 6.744350828806055e-08 -0.33380685923377906 -0.9426414910921732
  outer loop
    vertex -5144.924804594388 241.88473374777314 3954.3015016810828
    vertex -4930.924804595149 248.63005268848946 3951.9128742776666
    vertex -4930.924804595149 241.88473725239842 3954.3015157511645
  endloop
endfacet
facet normal 6.588116896026805e-08 -0.4617486132350144 -0.8870108331782296
  outer loop
    vertex -4930.924804595149 299.1739883907381 3929.5381791977948
    vertex -5144.924804594388 294.5378953135545 3931.951560602594
    vertex -5144.924804594388 299.17398488611246 3929.538165127713
  endloop
endfacet
facet normal 6.588116896026805e-08 -0.4617486132350144 -0.8870108331782296
  outer loop
    vertex -5144.924804594388 294.5378953135545 3931.951560602594
    vertex -4930.924804595149 299.1739883907381 3929.5381791977948
    vertex -4930.924804595149 294.53789881817937 3931.9515746726743
  endloop
endfacet
facet normal 5.07592214977491e-08 0.4617486131645078 -0.8870108332149339
  outer loop
    vertex -4930.924804595149 -77.73431096824707 3931.9515746726743
    vertex -5144.924804594388 -82.37040404502952 3929.538165127922
    vertex -5144.924804594388 -77.73431447287236 3931.9515606025925
  endloop
endfacet
facet normal 5.07592214977491e-08 0.4617486131645078 -0.8870108332149339
  outer loop
    vertex -5144.924804594388 -82.37040404502952 3929.538165127922
    vertex -4930.924804595149 -77.73431096824707 3931.9515746726743
    vertex -4930.941157594174 -82.37040054040405 3929.5381791980026
  endloop
endfacet
facet normal 0.0 0.33380685923376036 0.9426414910921823
  outer loop
    vertex -4962.924804594873 258.16314147063235 4001.577430449942
    vertex -5112.9248045948725 265.7310563501482 3998.897491235774
    vertex -5112.9248045948725 258.16314147063235 4001.577430449942
  endloop
endfacet
facet normal 0.0 0.33380685923376036 0.9426414910921823
  outer loop
    vertex -5112.9248045948725 265.7310563501482 3998.897491235774
    vertex -4962.924804594873 258.16314147063235 4001.577430449942
    vertex -4962.924804594873 265.7310563501482 3998.897491235774
  endloop
endfacet
facet normal -0.46591794912641055 -0.43616101872741925 0.7698597472426385
  outer loop
    vertex -4909.79980463149 -62.69224186021951 4111.744569547408
    vertex -4912.113864992739 -40.348911483113184 4123.002629879068
    vertex -4915.424804624286 -40.349018234700246 4120.99879376578
  endloop
endfacet
facet normal -0.46591794912641055 -0.43616101872741925 0.7698597472426385
  outer loop
    vertex -4912.113864992739 -40.348911483113184 4123.002629879068
    vertex -4909.79980463149 -62.69224186021951 4111.744569547408
    vertex -4905.661130092057 -62.692108420736766 4114.24936468902
  endloop
endfacet
facet normal 6.064497268820012e-08 0.21643961393823402 -0.9762960071199024
  outer loop
    vertex -4930.924804595149 23.158000689684464 3967.679416056305
    vertex -5144.924804594388 16.171858139355543 3966.130612247309
    vertex -5144.924804594388 23.157997185059354 3967.679401986223
  endloop
endfacet
facet normal 6.064497268820012e-08 0.21643961393823402 -0.9762960071199024
  outer loop
    vertex -5144.924804594388 16.171858139355543 3966.130612247309
    vertex -4930.924804595149 23.158000689684464 3967.679416056305
    vertex -4930.924804595149 16.17186164398083 3966.130626317389
  endloop
endfacet
facet normal 0.0 -0.21643961393825245 -0.9762960071199003
  outer loop
    vertex -4962.924804594873 220.87731759227222 4053.8239180668725
    vertex -5112.9248045948725 212.35763582921948 4055.712686041159
    vertex -5112.9248045948725 220.87731759227222 4053.8239180668725
  endloop
endfacet
facet normal 0.0 -0.21643961393825245 -0.9762960071199003
  outer loop
    vertex -5112.9248045948725 212.35763582921948 4055.712686041159
    vertex -4962.924804594873 220.87731759227222 4053.8239180668725
    vertex -4962.924804594873 212.35763582921948 4055.712686041159
  endloop
endfacet
facet normal 0.0 -0.3007057995042563 -0.9537169507482324
  outer loop
    vertex -4962.924804594873 262.91028760781444 4042.167143821833
    vertex -5112.9248045948725 254.58764278170932 4044.791263655774
    vertex -5112.9248045948725 262.91028760781444 4042.167143821833
  endloop
endfacet
facet normal 0.0 -0.3007057995042563 -0.9537169507482324
  outer loop
    vertex -5112.9248045948725 254.58764278170932 4044.791263655774
    vertex -4962.924804594873 262.91028760781444 4042.167143821833
    vertex -4962.924804594873 254.58764278170932 4044.791263655774
  endloop
endfacet
facet normal -0.03044452428814631 0.6784432222209195 0.7340217470643255
  outer loop
    vertex -4937.9248045954755 279.49664162730807 4104.585302080474
    vertex -4930.571038810554 308.4019983507783 4078.173602680452
    vertex -4937.924804595477 308.4020091837435 4077.868583950159
  endloop
endfacet
facet normal -0.03044452428814631 0.6784432222209195 0.7340217470643255
  outer loop
    vertex -4930.571038810554 308.4019983507783 4078.173602680452
    vertex -4937.9248045954755 279.49664162730807 4104.585302080474
    vertex -4933.022294072193 279.4966307943428 4104.78864790068
  endloop
endfacet
facet normal 0.0 -0.23344536385579617 -0.972369920397703
  outer loop
    vertex -4962.924804594873 229.36273822017338 4051.7867488122542
    vertex -5112.9248045948725 220.87731759227222 4053.8239180668725
    vertex -5112.9248045948725 229.36273822017338 4051.7867488122542
  endloop
endfacet
facet normal 0.0 -0.23344536385579617 -0.972369920397703
  outer loop
    vertex -5112.9248045948725 220.87731759227222 4053.8239180668725
    vertex -4962.924804594873 229.36273822017338 4051.7867488122542
    vertex -4962.924804594873 220.87731759227222 4053.8239180668725
  endloop
endfacet
facet normal -0.7167360841238649 -0.6973445243985018 2.4931109466927938e-06
  outer loop
    vertex -4853.610386747248 -91.59683428268977 4161.707087224218
    vertex -4881.735302606999 -62.68984657832426 4156.706452854206
    vertex -4853.610366855417 -91.59687260341553 4156.707087224405
  endloop
endfacet
facet normal -0.7167360841238649 -0.6973445243985018 2.4931109466927938e-06
  outer loop
    vertex -4881.735302606999 -62.68984657832426 4156.706452854206
    vertex -4853.610386747248 -91.59683428268977 4161.707087224218
    vertex -4881.73532249883 -62.68980825759831 4161.70645285402
  endloop
endfacet
facet normal 0.2681189746231303 0.6810406207142548 0.6813926095755545
  outer loop
    vertex -4961.697081787945 279.49637490351023 4109.591979697882
    vertex -4966.782754151617 308.4018375001774 4082.7025973028863
    vertex -4973.58322038418 308.40174245994564 4085.3786003762593
  endloop
endfacet
facet normal 0.2681189746231303 0.6810406207142548 0.6813926095755545
  outer loop
    vertex -4966.782754151617 308.4018375001774 4082.7025973028863
    vertex -4961.697081787945 279.49637490351023 4109.591979697882
    vertex -4957.163437632903 279.4964699437434 4107.80797764897
  endloop
endfacet
facet normal 0.8931673361209209 -0.44972448191938214 -7.00010218360363e-06
  outer loop
    vertex -4994.1142253065245 -62.689846672538025 4156.704684373184
    vertex -4982.864272118778 -40.34715437215881 4161.704713184736
    vertex -4994.114205414688 -62.68988499326939 4161.704684372999
  endloop
endfacet
facet normal 0.8931673361209209 -0.44972448191938214 -7.00010218360363e-06
  outer loop
    vertex -4982.864272118778 -40.34715437215881 4161.704713184736
    vertex -4994.1142253065245 -62.689846672538025 4156.704684373184
    vertex -4982.864292010616 -40.34711605142727 4156.704713184922
  endloop
endfacet
facet normal -0.9351123696073932 -0.35435131748906695 -1.0044196119292415e-06
  outer loop
    vertex -4892.985272067654 -40.3470776553511 4161.706127590323
    vertex -4901.985161325549 -16.59688292717089 4156.705828397541
    vertex -4892.985252175822 -40.34711597607704 4156.706127590511
  endloop
endfacet
facet normal -0.9351123696073932 -0.35435131748906695 -1.0044196119292415e-06
  outer loop
    vertex -4901.985161325549 -16.59688292717089 4156.705828397541
    vertex -4892.985272067654 -40.3470776553511 4161.706127590323
    vertex -4901.98518121738 -16.5968446064444 4161.7058283973565
  endloop
endfacet
facet normal 0.0 -0.3173046564051602 -0.9483236552061767
  outer loop
    vertex -4962.924804594873 271.1858676489191 4039.398173473914
    vertex -5112.9248045948725 262.91028760781444 4042.167143821833
    vertex -5112.9248045948725 271.1858676489191 4039.398173473914
  endloop
endfacet
facet normal 0.0 -0.3173046564051602 -0.9483236552061767
  outer loop
    vertex -5112.9248045948725 262.91028760781444 4042.167143821833
    vertex -4962.924804594873 271.1858676489191 4039.398173473914
    vertex -4962.924804594873 262.91028760781444 4042.167143821833
  endloop
endfacet
facet normal 0.0 -0.19936793441714776 0.9799247046208397
  outer loop
    vertex -4962.924804594873 12.762412644171715 4016.586782011807
    vertex -5112.9248045948725 20.62965254713029 4018.1873900601813
    vertex -5112.9248045948725 12.762412644171715 4016.586782011807
  endloop
endfacet
facet normal 0.0 -0.19936793441714776 0.9799247046208397
  outer loop
    vertex -5112.9248045948725 20.62965254713029 4018.1873900601813
    vertex -4962.924804594873 12.762412644171715 4016.586782011807
    vertex -4962.924804594873 20.62965254713029 4018.1873900601813
  endloop
endfacet
facet normal 5.8389270908164295e-08 0.2840153447040004 -0.9588197348681682
  outer loop
    vertex -4930.924804595149 -4.609521960003301 3960.756195090155
    vertex -5144.924804594388 -11.47060851598119 3958.723835630207
    vertex -5144.924804594388 -4.609525464628408 3960.756181020073
  endloop
endfacet
facet normal 5.8389270908164295e-08 0.2840153447040004 -0.9588197348681682
  outer loop
    vertex -5144.924804594388 -11.47060851598119 3958.723835630207
    vertex -4930.924804595149 -4.609521960003301 3960.756195090155
    vertex -4930.924804595149 -11.470605011355904 3958.7238497002872
  endloop
endfacet
facet normal 0.0 0.2503800040545414 -0.968147640378082
  outer loop
    vertex -4962.924804594873 -12.559157379492373 4051.7867488122542
    vertex -5112.9248045948725 -21.00773213091893 4049.601798818789
    vertex -5112.9248045948725 -12.559157379492373 4051.7867488122542
  endloop
endfacet
facet normal 0.0 0.2503800040545414 -0.968147640378082
  outer loop
    vertex -5112.9248045948725 -21.00773213091893 4049.601798818789
    vertex -4962.924804594873 -12.559157379492373 4051.7867488122542
    vertex -4962.924804594873 -21.00773213091893 4049.601798818789
  endloop
endfacet
facet normal 0.9351123696070227 0.3543513174900445 -1.004420429940095e-06
  outer loop
    vertex -4973.864447865378 233.4009012942278 4156.705828397716
    vertex -4982.864337123295 257.1510960224037 4161.706127590533
    vertex -4973.86442797354 233.400862973497 4161.705828397531
  endloop
endfacet
facet normal 0.9351123696070227 0.3543513174900445 -1.004420429940095e-06
  outer loop
    vertex -4982.864337123295 257.1510960224037 4161.706127590533
    vertex -4973.864447865378 233.4009012942278 4156.705828397716
    vertex -4982.864357015133 257.1511343431345 4156.706127590721
  endloop
endfacet
facet normal 0.0 -0.3338068592337431 -0.9426414910921884
  outer loop
    vertex -4962.924804594873 279.4118620831758 4036.48519606721
    vertex -5112.9248045948725 271.1858676489191 4039.398173473914
    vertex -5112.9248045948725 279.4118620831758 4036.48519606721
  endloop
endfacet
facet normal 0.0 -0.3338068592337431 -0.9426414910921884
  outer loop
    vertex -5112.9248045948725 271.1858676489191 4039.398173473914
    vertex -4962.924804594873 279.4118620831758 4036.48519606721
    vertex -4962.924804594873 271.1858676489191 4039.398173473914
  endloop
endfacet
facet normal 0.0 -0.2672383760781235 -0.9636304532086599
  outer loop
    vertex -4962.924804594873 246.2204683288406 4047.2697336434153
    vertex -5112.9248045948725 237.81131297159996 4049.601798818789
    vertex -5112.9248045948725 246.2204683288406 4047.2697336434153
  endloop
endfacet
facet normal 0.0 -0.2672383760781235 -0.9636304532086599
  outer loop
    vertex -5112.9248045948725 237.81131297159996 4049.601798818789
    vertex -4962.924804594873 246.2204683288406 4047.2697336434153
    vertex -4962.924804594873 237.81131297159996 4049.601798818789
  endloop
endfacet
facet normal 0.0 -0.19936793441720513 -0.9799247046208281
  outer loop
    vertex -4962.924804594873 212.35763582921948 4055.712686041159
    vertex -5112.9248045948725 203.80628810861225 4057.4524773980884
    vertex -5112.9248045948725 212.35763582921948 4055.712686041159
  endloop
endfacet
facet normal 0.0 -0.19936793441720513 -0.9799247046208281
  outer loop
    vertex -5112.9248045948725 203.80628810861225 4057.4524773980884
    vertex -4962.924804594873 212.35763582921948 4055.712686041159
    vertex -4962.924804594873 203.80628810861225 4057.4524773980884
  endloop
endfacet
facet normal 0.0 0.3502073812594412 0.9366721892484076
  outer loop
    vertex -4962.924804594873 265.7310563501482 3998.897491235774
    vertex -5112.9248045948725 273.2510472111791 3996.085881862969
    vertex -5112.9248045948725 265.7310563501482 3998.897491235774
  endloop
endfacet
facet normal 0.0 0.3502073812594412 0.9366721892484076
  outer loop
    vertex -5112.9248045948725 273.2510472111791 3996.085881862969
    vertex -4962.924804594873 265.7310563501482 3998.897491235774
    vertex -4962.924804594873 273.2510472111791 3996.085881862969
  endloop
endfacet
facet normal 0.0 0.21643961393826233 -0.9762960071198981
  outer loop
    vertex -4962.924804594873 4.445945011461384 4055.712686041159
    vertex -5112.9248045948725 -4.073736751591029 4053.8239180668725
    vertex -5112.9248045948725 4.445945011461384 4055.712686041159
  endloop
endfacet
facet normal 0.0 0.21643961393826233 -0.9762960071198981
  outer loop
    vertex -5112.9248045948725 -4.073736751591029 4053.8239180668725
    vertex -4962.924804594873 4.445945011461384 4055.712686041159
    vertex -4962.924804594873 -4.073736751591029 4053.8239180668725
  endloop
endfacet
facet normal 0.7167360841261806 0.6973445243961216 2.493110716963996e-06
  outer loop
    vertex -4994.114306583955 279.4938649453824 4156.706452854451
    vertex -5022.2392224437035 308.40085264993945 4161.70708722453
    vertex -4994.114286692117 279.4938266246516 4161.706452854266
  endloop
endfacet
facet normal 0.7167360841261806 0.6973445243961216 2.493110716963996e-06
  outer loop
    vertex -5022.2392224437035 308.40085264993945 4161.70708722453
    vertex -4994.114306583955 279.4938649453824 4156.706452854451
    vertex -5022.239242335541 308.4008909706703 4156.707087224718
  endloop
endfacet
facet normal -0.21037080928320342 0.6800303635194835 0.7023552002321113
  outer loop
    vertex -4918.686171558047 279.4964699437434 4107.80797764897
    vertex -4916.086947692914 308.40191218109226 4080.59984192967
    vertex -4923.3662333270995 279.49654462465827 4106.406140733488
  endloop
endfacet
facet normal -0.21037080928320342 0.6800303635194835 0.7023552002321113
  outer loop
    vertex -4916.086947692914 308.40191218109226 4080.59984192967
    vertex -4918.686171558047 279.4964699437434 4107.80797764897
    vertex -4909.066855039336 308.4018375001774 4082.7025973028863
  endloop
endfacet
facet normal 0.0 -0.2840153447038947 -0.9588197348682013
  outer loop
    vertex -4962.924804594873 254.58764278170932 4044.791263655774
    vertex -5112.9248045948725 246.2204683288406 4047.2697336434153
    vertex -5112.9248045948725 254.58764278170932 4044.791263655774
  endloop
endfacet
facet normal 0.0 -0.2840153447038947 -0.9588197348682013
  outer loop
    vertex -5112.9248045948725 246.2204683288406 4047.2697336434153
    vertex -4962.924804594873 254.58764278170932 4044.791263655774
    vertex -4962.924804594873 246.2204683288406 4047.2697336434153
  endloop
endfacet
facet normal -0.7167453104381062 0.6973350413522966 -8.195952493636657e-06
  outer loop
    vertex -4881.735403776246 279.49390336032127 4161.704684373109
    vertex -4853.61048885118 308.4016144343293 4156.70443355776
    vertex -4881.735383884415 279.49386503959477 4156.704684373293
  endloop
endfacet
facet normal -0.7167453104381062 0.6973350413522966 -8.195952493636657e-06
  outer loop
    vertex -4853.61048885118 308.4016144343293 4156.70443355776
    vertex -4881.735403776246 279.49390336032127 4161.704684373109
    vertex -4853.610508743011 308.40165275505575 4161.704433557573
  endloop
endfacet
facet normal 0.0 0.3173046564051177 0.9483236552061908
  outer loop
    vertex -4962.924804594873 250.54960783281635 4004.124883170027
    vertex -5112.9248045948725 258.16314147063235 4001.577430449942
    vertex -5112.9248045948725 250.54960783281635 4004.124883170027
  endloop
endfacet
facet normal 0.0 0.3173046564051177 0.9483236552061908
  outer loop
    vertex -5112.9248045948725 258.16314147063235 4001.577430449942
    vertex -4962.924804594873 250.54960783281635 4004.124883170027
    vertex -4962.924804594873 258.16314147063235 4001.577430449942
  endloop
endfacet
facet normal 0.09113817636905767 0.6787137839891522 0.7287258965010431
  outer loop
    vertex -4947.692514576733 279.4965983778895 4105.397137776807
    vertex -4945.278570380405 308.4019983507783 4078.173602680452
    vertex -4952.576369567362 308.4019659343249 4079.0863374946584
  endloop
endfacet
facet normal 0.09113817636905767 0.6787137839891522 0.7287258965010431
  outer loop
    vertex -4945.278570380405 308.4019983507783 4078.173602680452
    vertex -4947.692514576733 279.4965983778895 4105.397137776807
    vertex -4942.82731511876 279.4966307943428 4104.78864790068
  endloop
endfacet
facet normal -0.8931670746848281 -0.4497250011939912 -1.065881274128806e-07
  outer loop
    vertex -4881.73532249883 -62.68980825759831 4161.70645285402
    vertex -4892.985252175822 -40.34711597607704 4156.706127590511
    vertex -4881.735302606999 -62.68984657832426 4156.706452854206
  endloop
endfacet
facet normal -0.8931670746848281 -0.4497250011939912 -1.065881274128806e-07
  outer loop
    vertex -4892.985252175822 -40.34711597607704 4156.706127590511
    vertex -4881.73532249883 -62.68980825759831 4161.70645285402
    vertex -4892.985272067654 -40.3470776553511 4161.706127590323
  endloop
endfacet
facet normal 0.9999999999920648 2.0796480372597185e-07 -3.978365826489394e-06
  outer loop
    vertex -4973.864395879137 -16.59688298743172 4156.704697250714
    vertex -4973.86442797354 233.400862973497 4161.705828397531
    vertex -4973.8643759873 -16.59692130816254 4161.704697250527
  endloop
endfacet
facet normal 0.9999999999920648 2.0796480372597185e-07 -3.978365826489394e-06
  outer loop
    vertex -4973.86442797354 233.400862973497 4161.705828397531
    vertex -4973.864395879137 -16.59688298743172 4156.704697250714
    vertex -4973.864447865378 233.4009012942278 4156.705828397716
  endloop
endfacet
facet normal -0.2681189746229107 0.6810406207142452 0.6813926095756504
  outer loop
    vertex -4914.152527403002 279.49637490351023 4109.591979697882
    vertex -4909.066855039336 308.4018375001774 4082.7025973028863
    vertex -4918.686171558047 279.4964699437434 4107.80797764897
  endloop
endfacet
facet normal -0.2681189746229107 0.6810406207142452 0.6813926095756504
  outer loop
    vertex -4909.066855039336 308.4018375001774 4082.7025973028863
    vertex -4914.152527403002 279.49637490351023 4109.591979697882
    vertex -4902.266388806766 308.40174245994564 4085.3786003762593
  endloop
endfacet
facet normal 0.0 0.2672383760782626 0.9636304532086214
  outer loop
    vertex -4962.924804594873 227.4585511674993 4010.9647657672276
    vertex -5112.9248045948725 235.19497409615937 4008.819265805883
    vertex -5112.9248045948725 227.4585511674993 4010.9647657672276
  endloop
endfacet
facet normal 0.0 0.2672383760782626 0.9636304532086214
  outer loop
    vertex -5112.9248045948725 235.19497409615937 4008.819265805883
    vertex -4962.924804594873 227.4585511674993 4010.9647657672276
    vertex -4962.924804594873 235.19497409615937 4008.819265805883
  endloop
endfacet
facet normal 0.21037080928308635 0.6800303635194903 0.7023552002321399
  outer loop
    vertex -4957.163437632903 279.4964699437434 4107.80797764897
    vertex -4959.762661498035 308.40191218109226 4080.59984192967
    vertex -4966.782754151617 308.4018375001774 4082.7025973028863
  endloop
endfacet
facet normal 0.21037080928308635 0.6800303635194903 0.7023552002321399
  outer loop
    vertex -4959.762661498035 308.40191218109226 4080.59984192967
    vertex -4957.163437632903 279.4964699437434 4107.80797764897
    vertex -4952.483375863847 279.49654462465827 4106.406140733488
  endloop
endfacet
facet normal 0.0 -0.21643961393814415 0.9762960071199244
  outer loop
    vertex -4962.924804594873 4.924305422163343 4014.8491154754643
    vertex -5112.9248045948725 12.762412644171715 4016.586782011807
    vertex -5112.9248045948725 4.924305422163343 4014.8491154754643
  endloop
endfacet
facet normal 0.0 -0.21643961393814415 0.9762960071199244
  outer loop
    vertex -5112.9248045948725 12.762412644171715 4016.586782011807
    vertex -4962.924804594873 4.924305422163343 4014.8491154754643
    vertex -4962.924804594873 12.762412644171715 4016.586782011807
  endloop
endfacet
facet normal 0.15124486279152996 0.6792476385757976 0.7181557191642868
  outer loop
    vertex -4952.483375863847 279.49654462465827 4106.406140733488
    vertex -4952.576369567362 308.4019659343249 4079.0863374946584
    vertex -4959.762661498035 308.40191218109226 4080.59984192967
  endloop
endfacet
facet normal 0.15124486279152996 0.6792476385757976 0.7181557191642868
  outer loop
    vertex -4952.576369567362 308.4019659343249 4079.0863374946584
    vertex -4952.483375863847 279.49654462465827 4106.406140733488
    vertex -4947.692514576733 279.4965983778895 4105.397137776807
  endloop
endfacet
facet normal 0.9238795325817726 -0.3826834321897576 1.9882008253482265e-06
  outer loop
    vertex -5081.778451365759 115.41414897473508 4066.5776907402287
    vertex -5081.094236497945 117.06617059223095 4101.378186039947
    vertex -5081.778625589856 115.41390916470635 4101.378186039947
  endloop
endfacet
facet normal 0.9238795325817726 -0.3826834321897576 1.9882008253482265e-06
  outer loop
    vertex -5081.094236497945 117.06617059223095 4101.378186039947
    vertex -5081.778451365759 115.41414897473508 4066.5776907402287
    vertex -5081.094062203628 117.06641049885123 4066.563271003902
  endloop
endfacet
facet normal -0.11195693329153769 0.4314184261033802 0.8951780754165266
  outer loop
    vertex -4930.110636610466 257.153307122248 4115.920848349298
    vertex -4933.022294072193 279.4966307943428 4104.78864790068
    vertex -4934.002796176849 257.1533330554098 4115.434056448394
  endloop
endfacet
facet normal -0.11195693329153769 0.4314184261033802 0.8951780754165266
  outer loop
    vertex -4933.022294072193 279.4966307943428 4104.78864790068
    vertex -4930.110636610466 257.153307122248 4115.920848349298
    vertex -4928.157094614215 279.4965983778895 4105.397137776807
  endloop
endfacet
facet normal 0.0 -0.25038000405446337 0.9681476403781022
  outer loop
    vertex -4962.924804594873 -10.65497032681811 4010.9647657672276
    vertex -5112.9248045948725 -2.8822815555060877 4012.9749197612146
    vertex -5112.9248045948725 -10.65497032681811 4010.9647657672276
  endloop
endfacet
facet normal 0.0 -0.25038000405446337 0.9681476403781022
  outer loop
    vertex -5112.9248045948725 -2.8822815555060877 4012.9749197612146
    vertex -4962.924804594873 -10.65497032681811 4010.9647657672276
    vertex -4962.924804594873 -2.8822815555060877 4012.9749197612146
  endloop
endfacet
facet normal 6.769177010017135e-08 -0.2840153447039909 -0.9588197348681705
  outer loop
    vertex -4930.924804595149 228.2741928612868 3958.7238497002872
    vertex -5144.924804594388 221.41310630530816 3960.756181020073
    vertex -5144.924804594388 228.27418935666148 3958.7238356302064
  endloop
endfacet
facet normal 6.769177010017135e-08 -0.2840153447039909 -0.9588197348681705
  outer loop
    vertex -5144.924804594388 221.41310630530816 3960.756181020073
    vertex -4930.924804595149 228.2741928612868 3958.7238497002872
    vertex -4930.924804595149 221.41310980993418 3960.756195090154
  endloop
endfacet
facet normal -0.32408859012907365 0.6822505297385278 0.6553631057815565
  outer loop
    vertex -4914.152527403002 279.49637490351023 4109.591979697882
    vertex -4895.737304649498 308.40162778371166 4088.607485150546
    vertex -4902.266388806766 308.40174245994564 4085.3786003762593
  endloop
endfacet
facet normal -0.32408859012907365 0.6822505297385278 0.6553631057815565
  outer loop
    vertex -4895.737304649498 308.40162778371166 4088.607485150546
    vertex -4914.152527403002 279.49637490351023 4109.591979697882
    vertex -4909.79980463149 279.49626022727625 4111.744569547408
  endloop
endfacet
facet normal -0.0911381763689399 0.6787137839891466 0.7287258965010631
  outer loop
    vertex -4928.157094614215 279.4965983778895 4105.397137776807
    vertex -4930.571038810554 308.4019983507783 4078.173602680452
    vertex -4933.022294072193 279.4966307943428 4104.78864790068
  endloop
endfacet
facet normal -0.0911381763689399 0.6787137839891466 0.7287258965010631
  outer loop
    vertex -4930.571038810554 308.4019983507783 4078.173602680452
    vertex -4928.157094614215 279.4965983778895 4105.397137776807
    vertex -4923.273239623586 308.4019659343249 4079.0863374946584
  endloop
endfacet
facet normal 5.955340012065278e-08 0.2503800040543876 -0.9681476403781198
  outer loop
    vertex -4930.924804595149 9.213816729101515 3964.4601475286017
    vertex -5144.924804594388 2.285981928307148 3962.6684744638806
    vertex -5144.924804594388 9.213813224476226 3964.46013345852
  endloop
endfacet
facet normal 5.955340012065278e-08 0.2503800040543876 -0.9681476403781198
  outer loop
    vertex -5144.924804594388 2.285981928307148 3962.6684744638806
    vertex -4930.924804595149 9.213816729101515 3964.4601475286017
    vertex -4930.924804595149 2.285985432932255 3962.668488533961
  endloop
endfacet
facet normal 5.898031850221906e-08 0.26723837607821993 -0.9636304532086315
  outer loop
    vertex -4930.924804595149 2.285985432932255 3962.668488533961
    vertex -5144.924804594388 -4.609525464628408 3960.756181020073
    vertex -5144.924804594388 2.285981928307148 3962.6684744638806
  endloop
endfacet
facet normal 5.898031850221906e-08 0.26723837607821993 -0.9636304532086315
  outer loop
    vertex -5144.924804594388 -4.609525464628408 3960.756181020073
    vertex -4930.924804595149 2.285985432932255 3962.668488533961
    vertex -4930.924804595149 -4.609521960003301 3960.756195090155
  endloop
endfacet
facet normal 6.010834119612283e-08 0.2334453638559396 -0.9723699203976667
  outer loop
    vertex -4930.924804595149 16.17186164398083 3966.130626317389
    vertex -5144.924804594388 9.213813224476226 3964.46013345852
    vertex -5144.924804594388 16.171858139355543 3966.130612247309
  endloop
endfacet
facet normal 6.010834119612283e-08 0.2334453638559396 -0.9723699203976667
  outer loop
    vertex -5144.924804594388 9.213813224476226 3964.46013345852
    vertex -4930.924804595149 16.17186164398083 3966.130626317389
    vertex -4930.924804595149 9.213816729101515 3964.4601475286017
  endloop
endfacet
facet normal 0.9351125395082631 -0.3543508690732741 -6.436018208455857e-06
  outer loop
    vertex -4982.864292010616 -40.34711605142727 4156.704713184922
    vertex -4973.8643759873 -16.59692130816254 4161.704697250527
    vertex -4982.864272118778 -40.34715437215881 4161.704713184736
  endloop
endfacet
facet normal 0.9351125395082631 -0.3543508690732741 -6.436018208455857e-06
  outer loop
    vertex -4973.8643759873 -16.59692130816254 4161.704697250527
    vertex -4982.864292010616 -40.34711605142727 4156.704713184922
    vertex -4973.864395879137 -16.59688298743172 4156.704697250714
  endloop
endfacet
facet normal 0.030444524288130687 0.6784432222209221 0.7340217470643238
  outer loop
    vertex -4942.82731511876 279.4966307943428 4104.78864790068
    vertex -4937.924804595477 308.4020091837435 4077.868583950159
    vertex -4945.278570380405 308.4019983507783 4078.173602680452
  endloop
endfacet
facet normal 0.030444524288130687 0.6784432222209221 0.7340217470643238
  outer loop
    vertex -4937.924804595477 308.4020091837435 4077.868583950159
    vertex -4942.82731511876 279.4966307943428 4104.78864790068
    vertex -4937.9248045954755 279.49664162730807 4104.585302080474
  endloop
endfacet
facet normal -0.9999999999920648 -2.079649004538953e-07 -3.978364743620842e-06
  outer loop
    vertex -4901.98518121738 -16.5968446064444 4161.7058283973565
    vertex -4901.985213311813 233.40090135448864 4156.7046972508
    vertex -4901.985161325549 -16.59688292717089 4156.705828397541
  endloop
endfacet
facet normal -0.9999999999920648 -2.079649004538953e-07 -3.978364743620842e-06
  outer loop
    vertex -4901.985213311813 233.40090135448864 4156.7046972508
    vertex -4901.98518121738 -16.5968446064444 4161.7058283973565
    vertex -4901.985233203644 233.4009396752151 4161.704697250615
  endloop
endfacet
facet normal -0.1512448627915344 0.6792476385757936 0.7181557191642897
  outer loop
    vertex -4923.3662333270995 279.49654462465827 4106.406140733488
    vertex -4923.273239623586 308.4019659343249 4079.0863374946584
    vertex -4928.157094614215 279.4965983778895 4105.397137776807
  endloop
endfacet
facet normal -0.1512448627915344 0.6792476385757936 0.7181557191642897
  outer loop
    vertex -4923.273239623586 308.4019659343249 4079.0863374946584
    vertex -4923.3662333270995 279.49654462465827 4106.406140733488
    vertex -4916.086947692914 308.40191218109226 4080.59984192967
  endloop
endfacet
facet normal -0.9351125395081418 0.35435086907359425 -6.43601679587399e-06
  outer loop
    vertex -4901.985233203644 233.4009396752151 4161.704697250615
    vertex -4892.985317180325 257.15113441848473 4156.704713185023
    vertex -4901.985213311813 233.40090135448864 4156.7046972508
  endloop
endfacet
facet normal -0.9351125395081418 0.35435086907359425 -6.43601679587399e-06
  outer loop
    vertex -4892.985317180325 257.15113441848473 4156.704713185023
    vertex -4901.985233203644 233.4009396752151 4161.704697250615
    vertex -4892.985337072157 257.15117273921123 4161.704713184837
  endloop
endfacet
facet normal -0.8931673361208865 0.4497244819194504 -7.0001006369848735e-06
  outer loop
    vertex -4892.985337072157 257.15117273921123 4161.704713184837
    vertex -4881.735383884415 279.49386503959477 4156.704684373293
    vertex -4892.985317180325 257.15113441848473 4156.704713185023
  endloop
endfacet
facet normal -0.8931673361208865 0.4497244819194504 -7.0001006369848735e-06
  outer loop
    vertex -4881.735383884415 279.49386503959477 4156.704684373293
    vertex -4892.985337072157 257.15117273921123 4161.704713184837
    vertex -4881.735403776246 279.49390336032127 4161.704684373109
  endloop
endfacet
facet normal 0.8931670746848459 0.4497250011939558 -1.0658884175465705e-07
  outer loop
    vertex -4982.864357015133 257.1511343431345 4156.706127590721
    vertex -4994.114286692117 279.4938266246516 4161.706452854266
    vertex -4982.864337123295 257.1510960224037 4161.706127590533
  endloop
endfacet
facet normal 0.8931670746848459 0.4497250011939558 -1.0658884175465705e-07
  outer loop
    vertex -4994.114286692117 279.4938266246516 4161.706452854266
    vertex -4982.864357015133 257.1511343431345 4156.706127590721
    vertex -4994.114306583955 279.4938649453824 4156.706452854451
  endloop
endfacet
facet normal 5.715400176360491e-08 0.31730465640502536 -0.94832365520622
  outer loop
    vertex -4930.924804595149 -18.295173768761295 3956.572071436456
    vertex -5144.924804594388 -25.08115290709284 3954.3015016810828
    vertex -5144.924804594388 -18.295177273386585 3956.5720573663757
  endloop
endfacet
facet normal 5.715400176360491e-08 0.31730465640502536 -0.94832365520622
  outer loop
    vertex -5144.924804594388 -25.08115290709284 3954.3015016810828
    vertex -4930.924804595149 -18.295173768761295 3956.572071436456
    vertex -4930.924804595149 -25.08114940246755 3954.3015157511636
  endloop
endfacet
facet normal 5.3036844351436276e-08 0.41469324265612695 -0.9099612708765928
  outer loop
    vertex -4930.924804595149 -58.360229736112856 3941.1925373889094
    vertex -5144.924804594388 -64.87169689334642 3938.2250783703894
    vertex -5144.924804594388 -58.36023324073814 3941.1925233188276
  endloop
endfacet
facet normal 5.3036844351436276e-08 0.41469324265612695 -0.9099612708765928
  outer loop
    vertex -5144.924804594388 -64.87169689334642 3938.2250783703894
    vertex -4930.924804595149 -58.360229736112856 3941.1925373889094
    vertex -4930.924804595149 -64.87169338872113 3938.2250924404702
  endloop
endfacet
facet normal 5.517103394662783e-08 0.3665012267242107 -0.930417567982057
  outer loop
    vertex -4930.924804595149 -38.52906538860674 3949.406874619295
    vertex -5144.924804594388 -45.18691288018283 3946.784266057745
    vertex -5144.924804594388 -38.52906889323275 3949.4068605492143
  endloop
endfacet
facet normal 5.517103394662783e-08 0.3665012267242107 -0.930417567982057
  outer loop
    vertex -5144.924804594388 -45.18691288018283 3946.784266057745
    vertex -4930.924804595149 -38.52906538860674 3949.406874619295
    vertex -4930.924804595149 -45.186909375557725 3946.7842801278266
  endloop
endfacet
facet normal 5.2292841041923356e-08 0.43051109680845906 -0.9025852843497808
  outer loop
    vertex -4930.924804595149 -64.87169338872113 3938.2250924404702
    vertex -5144.924804594388 -71.3303797631795 3935.1444446680207
    vertex -5144.924804594388 -64.87169689334642 3938.2250783703894
  endloop
endfacet
facet normal 5.2292841041923356e-08 0.43051109680845906 -0.9025852843497808
  outer loop
    vertex -5144.924804594388 -71.3303797631795 3935.1444446680207
    vertex -4930.924804595149 -64.87169338872113 3938.2250924404702
    vertex -4930.924804595149 -71.33037625855421 3935.1444587381015
  endloop
endfacet
facet normal 0.6460511318031917 0.44075743443857013 0.62317799951775
  outer loop
    vertex -4969.744609708116 257.152674673037 4127.79256486444
    vertex -4981.014804465727 279.49562471200494 4123.673839138958
    vertex -4972.396804491676 257.15252818954036 4130.542209439017
  endloop
endfacet
facet normal 0.6460511318031917 0.44075743443857013 0.62317799951775
  outer loop
    vertex -4981.014804465727 279.49562471200494 4123.673839138958
    vertex -4969.744609708116 257.152674673037 4127.79256486444
    vertex -4977.699560986276 279.4958078163742 4120.236783420731
  endloop
endfacet
facet normal 0.0 -0.382683432365033 -0.9238795325113102
  outer loop
    vertex -4962.924804594873 303.76735466497774 4026.8913124004766
    vertex -5112.9248045948725 295.705087128297 4030.2308129576495
    vertex -5112.9248045948725 303.76735466497774 4026.8913124004766
  endloop
endfacet
facet normal 0.0 -0.382683432365033 -0.9238795325113102
  outer loop
    vertex -5112.9248045948725 295.705087128297 4030.2308129576495
    vertex -4962.924804594873 303.76735466497774 4026.8913124004766
    vertex -4962.924804594873 295.705087128297 4030.2308129576495
  endloop
endfacet
facet normal 0.37787551654238866 -0.6836261938107586 0.6243919611379043
  outer loop
    vertex -4966.049804559447 -62.69224186021951 4111.744569547408
    vertex -4986.320316350613 -91.59747597717056 4092.3646778629777
    vertex -4980.112304541435 -91.59760941665331 4088.607485150546
  endloop
endfacet
facet normal 0.37787551654238866 -0.6836261938107586 0.6243919611379043
  outer loop
    vertex -4986.320316350613 -91.59747597717056 4092.3646778629777
    vertex -4966.049804559447 -62.69224186021951 4111.744569547408
    vertex -4970.188479098899 -62.692108420736766 4114.24936468902
  endloop
endfacet
facet normal 0.4432930006882401 -2.3998713421941124e-19 0.8963767709734652
  outer loop
    vertex -4953.139061998649 -16.598464218510653 4127.023377731114
    vertex -4955.924804572416 233.40240919277662 4128.40103523481
    vertex -4955.924804572416 -16.59839082571989 4128.40103523481
  endloop
endfacet
facet normal 0.4432930006882401 -2.3998713421941124e-19 0.8963767709734652
  outer loop
    vertex -4955.924804572416 233.40240919277662 4128.40103523481
    vertex -4953.139061998649 -16.598464218510653 4127.023377731114
    vertex -4953.139061998649 233.40248258556758 4127.023377731114
  endloop
endfacet
facet normal 0.0 -0.1650476058607288 -0.986285601537223
  outer loop
    vertex -4962.924804594873 195.22587925380512 4059.0427621803597
    vertex -5112.9248045948725 186.61902294045564 4060.483055971825
    vertex -5112.9248045948725 195.22587925380512 4059.0427621803597
  endloop
endfacet
facet normal 0.0 -0.1650476058607288 -0.986285601537223
  outer loop
    vertex -5112.9248045948725 186.61902294045564 4060.483055971825
    vertex -4962.924804594873 195.22587925380512 4059.0427621803597
    vertex -4962.924804594873 186.61902294045564 4060.483055971825
  endloop
endfacet
facet normal 0.0 -0.33380685923379216 0.9426414910921709
  outer loop
    vertex -4962.924804594873 -48.92747550946556 3998.897491235774
    vertex -5112.9248045948725 -41.35956062995059 4001.577430449942
    vertex -5112.9248045948725 -48.92747550946556 3998.897491235774
  endloop
endfacet
facet normal 0.0 -0.33380685923379216 0.9426414910921709
  outer loop
    vertex -5112.9248045948725 -41.35956062995059 4001.577430449942
    vertex -4962.924804594873 -48.92747550946556 3998.897491235774
    vertex -4962.924804594873 -41.35956062995059 4001.577430449942
  endloop
endfacet
facet normal 0.0 -0.38268343236510854 0.923879532511279
  outer loop
    vertex -4962.924804594873 -71.33452868472385 3990.071118262378
    vertex -5112.9248045948725 -63.91724255097801 3993.1434587749777
    vertex -5112.9248045948725 -71.33452868472385 3990.071118262378
  endloop
endfacet
facet normal 0.0 -0.38268343236510854 0.923879532511279
  outer loop
    vertex -5112.9248045948725 -63.91724255097801 3993.1434587749777
    vertex -4962.924804594873 -71.33452868472385 3990.071118262378
    vertex -4962.924804594873 -63.91724255097801 3993.1434587749777
  endloop
endfacet
facet normal -0.25868149563057735 -0.43268427003338084 0.8636366170352019
  outer loop
    vertex -4923.3662333270995 -62.69252625760134 4106.406140733488
    vertex -4922.533898165531 -40.349186007872845 4117.849520247026
    vertex -4926.277947580774 -40.34924575260481 4116.728050714646
  endloop
endfacet
facet normal -0.25868149563057735 -0.43268427003338084 0.8636366170352019
  outer loop
    vertex -4922.533898165531 -40.349186007872845 4117.849520247026
    vertex -4923.3662333270995 -62.69252625760134 4106.406140733488
    vertex -4918.686171558047 -62.69245157668526 4107.80797764897
  endloop
endfacet
facet normal 0.8870108333598896 -0.4617486128843375 1.2587663080662586e-06
  outer loop
    vertex -5081.094062203628 117.06641049885123 4066.563271003902
    vertex -5080.268447641223 118.65249622656367 4101.378186039948
    vertex -5081.094236497945 117.06617059223095 4101.378186039947
  endloop
endfacet
facet normal 0.8870108333598896 -0.4617486128843375 1.2587663080662586e-06
  outer loop
    vertex -5080.268447641223 118.65249622656367 4101.378186039948
    vertex -5081.094062203628 117.06641049885123 4066.563271003902
    vertex -5081.062004049261 117.12799363898115 4066.562733252451
  endloop
endfacet
facet normal 0.8870108333598896 -0.4617486128843375 1.2587663080662586e-06
  outer loop
    vertex -5080.268447641223 118.65249622656367 4101.378186039948
    vertex -5081.062004049261 117.12799363898115 4066.562733252451
    vertex -5080.268273149855 118.6527364042366 4066.5228064579865
  endloop
endfacet
facet normal 0.6751208060273313 -0.3466039569709725 0.6512124033532154
  outer loop
    vertex -4963.380648685583 -16.59810128274387 4133.836052113739
    vertex -4972.396804491676 -40.34850982248271 4130.542209439017
    vertex -4969.744609708116 -40.3486563059795 4127.79256486444
  endloop
endfacet
facet normal 0.6751208060273313 -0.3466039569709725 0.6512124033532154
  outer loop
    vertex -4972.396804491676 -40.34850982248271 4130.542209439017
    vertex -4963.380648685583 -16.59810128274387 4133.836052113739
    vertex -4965.502404512433 -16.597984095947268 4136.035767773404
  endloop
endfacet
facet normal 5.778043415952572e-08 0.3007057995042722 -0.9537169507482256
  outer loop
    vertex -4930.924804595149 -11.470605011355904 3958.7238497002872
    vertex -5144.924804594388 -18.295177273386585 3956.5720573663757
    vertex -5144.924804594388 -11.47060851598119 3958.723835630207
  endloop
endfacet
facet normal 5.778043415952572e-08 0.3007057995042722 -0.9537169507482256
  outer loop
    vertex -5144.924804594388 -18.295177273386585 3956.5720573663757
    vertex -4930.924804595149 -11.470605011355904 3958.7238497002872
    vertex -4930.924804595149 -18.295173768761295 3956.572071436456
  endloop
endfacet
facet normal 0.8769683070987587 -1.0298478783570022e-19 0.480548216461509
  outer loop
    vertex -4969.10171909178 233.40174231004696 4140.919104012177
    vertex -4970.551884887002 -16.59758295675161 4143.565559453866
    vertex -4969.10171909178 -16.597723942990218 4140.919104012177
  endloop
endfacet
facet normal 0.8769683070987587 -1.0298478783570022e-19 0.480548216461509
  outer loop
    vertex -4970.551884887002 -16.59758295675161 4143.565559453866
    vertex -4969.10171909178 233.40174231004696 4140.919104012177
    vertex -4970.551884887002 233.40160132380763 4143.565559453866
  endloop
endfacet
facet normal -0.11677027352575842 -0.33859534515998796 0.9336583397885482
  outer loop
    vertex -4934.002796176849 -40.349314688352365 4115.434056448394
    vertex -4931.6734702074655 -16.59860724211251 4124.338678901627
    vertex -4934.787197860572 -16.59862798864274 4123.9492453809025
  endloop
endfacet
facet normal -0.11677027352575842 -0.33859534515998796 0.9336583397885482
  outer loop
    vertex -4931.6734702074655 -16.59860724211251 4124.338678901627
    vertex -4934.002796176849 -40.349314688352365 4115.434056448394
    vertex -4930.110636610466 -40.34928875519053 4115.920848349298
  endloop
endfacet
facet normal -0.32994224461898375 -0.43365817536278156 0.8384978844080704
  outer loop
    vertex -4918.686171558047 -62.69245157668526 4107.80797764897
    vertex -4918.906982841496 -40.349109975688386 4119.276721886156
    vertex -4922.533898165531 -40.349186007872845 4117.849520247026
  endloop
endfacet
facet normal -0.32994224461898375 -0.43365817536278156 0.8384978844080704
  outer loop
    vertex -4918.906982841496 -40.349109975688386 4119.276721886156
    vertex -4918.686171558047 -62.69245157668526 4107.80797764897
    vertex -4914.152527403002 -62.69235653645329 4109.591979697882
  endloop
endfacet
facet normal -0.6597863135167368 -0.6941959564557546 0.2877047002335458
  outer loop
    vertex -4858.6382398182095 -91.59611767397384 4130.609781701621
    vertex -4886.944991639952 -62.69097956495499 4135.439138639685
    vertex -4861.4550851621925 -91.59634712138897 4124.149338788957
  endloop
endfacet
facet normal -0.6597863135167368 -0.6941959564557546 0.2877047002335458
  outer loop
    vertex -4886.944991639952 -62.69097956495499 4135.439138639685
    vertex -4858.6382398182095 -91.59611767397384 4130.609781701621
    vertex -4885.067094743964 -62.69075011753841 4139.746100581448
  endloop
endfacet
facet normal 0.3442843260531805 0.3405114852300733 0.8749401301006354
  outer loop
    vertex -4953.139061998649 233.40248258556758 4127.023377731114
    vertex -4953.315711025417 257.1532043749303 4117.849520247026
    vertex -4956.94262634945 257.153128342746 4119.276721886156
  endloop
endfacet
facet normal 0.3442843260531805 0.3405114852300733 0.8749401301006354
  outer loop
    vertex -4953.315711025417 257.1532043749303 4117.849520247026
    vertex -4953.139061998649 233.40248258556758 4127.023377731114
    vertex -4950.237529739424 233.40254341131586 4125.881616419814
  endloop
endfacet
facet normal 0.0 -0.317304656405116 0.9483236552061914
  outer loop
    vertex -4962.924804594873 -41.35956062995059 4001.577430449942
    vertex -5112.9248045948725 -33.74602699213459 4004.124883170027
    vertex -5112.9248045948725 -41.35956062995059 4001.577430449942
  endloop
endfacet
facet normal 0.0 -0.317304656405116 0.9483236552061914
  outer loop
    vertex -5112.9248045948725 -33.74602699213459 4004.124883170027
    vertex -4962.924804594873 -41.35956062995059 4001.577430449942
    vertex -4962.924804594873 -33.74602699213459 4004.124883170027
  endloop
endfacet
facet normal 5.153291187342491e-08 0.4461978131098042 -0.894934361602026
  outer loop
    vertex -4930.924804595149 -71.33037625855421 3935.1444587381015
    vertex -5144.924804594388 -77.73431447287236 3931.9515606025925
    vertex -5144.924804594388 -71.3303797631795 3935.1444446680207
  endloop
endfacet
facet normal 5.153291187342491e-08 0.4461978131098042 -0.894934361602026
  outer loop
    vertex -5144.924804594388 -77.73431447287236 3931.9515606025925
    vertex -4930.924804595149 -71.33037625855421 3935.1444587381015
    vertex -4930.924804595149 -77.73431096824707 3931.9515746726743
  endloop
endfacet
facet normal 0.0 -0.41469324265629726 0.9099612708765167
  outer loop
    vertex -4962.924804594873 -86.00260998037948 3983.540467711114
    vertex -5112.9248045948725 -78.69706539452517 3986.8697961898524
    vertex -5112.9248045948725 -86.00260998037948 3983.540467711114
  endloop
endfacet
facet normal 0.0 -0.41469324265629726 0.9099612708765167
  outer loop
    vertex -5112.9248045948725 -78.69706539452517 3986.8697961898524
    vertex -4962.924804594873 -86.00260998037948 3983.540467711114
    vertex -4962.924804594873 -78.69706539452517 3986.8697961898524
  endloop
endfacet
facet normal 0.0 -0.35020738125942624 0.936672189248413
  outer loop
    vertex -4962.924804594873 -56.447466370496834 3996.085881862969
    vertex -5112.9248045948725 -48.92747550946556 3998.897491235774
    vertex -5112.9248045948725 -56.447466370496834 3996.085881862969
  endloop
endfacet
facet normal 0.0 -0.35020738125942624 0.936672189248413
  outer loop
    vertex -5112.9248045948725 -48.92747550946556 3998.897491235774
    vertex -4962.924804594873 -56.447466370496834 3996.085881862969
    vertex -4962.924804594873 -48.92747550946556 3998.897491235774
  endloop
endfacet
facet normal 0.8704073403937665 -0.44846776700664215 0.20314458827329346
  outer loop
    vertex -4981.391466722816 -40.34763535447394 4146.9568655329385
    vertex -4993.320240631467 -62.690270794780865 4148.743477473298
    vertex -4992.258132254652 -62.690513259936445 4144.192159256363
  endloop
endfacet
facet normal 0.8704073403937665 -0.44846776700664215 0.20314458827329346
  outer loop
    vertex -4993.320240631467 -62.690270794780865 4148.743477473298
    vertex -4981.391466722816 -40.34763535447394 4146.9568655329385
    vertex -4982.241153424267 -40.3474413823476 4150.597920106486
  endloop
endfacet
facet normal -0.8581212836613271 -0.35160102429375745 0.374171861907088
  outer loop
    vertex -4895.638636714265 -40.347824840556086 4143.400018593014
    vertex -4905.297724303934 -16.597582956752152 4143.565559453866
    vertex -4897.140954231056 -40.348008398489355 4139.954449039594
  endloop
endfacet
facet normal -0.8581212836613271 -0.35160102429375745 0.374171861907088
  outer loop
    vertex -4905.297724303934 -16.597582956752152 4143.565559453866
    vertex -4895.638636714265 -40.347824840556086 4143.400018593014
    vertex -4904.0958702905 -16.597436110405717 4146.322015096599
  endloop
endfacet
facet normal 0.8201766515954867 0.44655261898210796 0.35763251901614884
  outer loop
    vertex -4978.708654959893 257.1520267655468 4139.954449039594
    vertex -4990.782514446991 279.49476848459676 4139.746100581448
    vertex -4980.210972476687 257.1518432076135 4143.400018593014
  endloop
endfacet
facet normal 0.8201766515954867 0.44655261898210796 0.35763251901614884
  outer loop
    vertex -4990.782514446991 279.49476848459676 4139.746100581448
    vertex -4978.708654959893 257.1520267655468 4139.954449039594
    vertex -4988.904617550998 279.4949979320119 4135.439138639685
  endloop
endfacet
facet normal 6.775449889515004e-08 -0.23344536385603415 -0.9723699203976434
  outer loop
    vertex -4930.924804595149 207.58977112082863 3964.4601475286017
    vertex -5144.924804594388 200.63172270132404 3966.130612247309
    vertex -5144.924804594388 207.58976761620335 3964.46013345852
  endloop
endfacet
facet normal 6.775449889515004e-08 -0.23344536385603415 -0.9723699203976434
  outer loop
    vertex -5144.924804594388 200.63172270132404 3966.130612247309
    vertex -4930.924804595149 207.58977112082863 3964.4601475286017
    vertex -4930.924804595149 200.63172620594932 3966.1306263173906
  endloop
endfacet
facet normal -0.7779334561794388 6.00482106892759e-20 0.6283466700450581
  outer loop
    vertex -4908.4353310388315 -16.597857996130884 4138.402789895415
    vertex -4910.347204678504 233.40200246300418 4136.035767773404
    vertex -4910.347204678504 -16.597984095947268 4136.035767773404
  endloop
endfacet
facet normal -0.7779334561794388 6.00482106892759e-20 0.6283466700450581
  outer loop
    vertex -4910.347204678504 233.40200246300418 4136.035767773404
    vertex -4908.4353310388315 -16.597857996130884 4138.402789895415
    vertex -4908.4353310388315 233.40187636318763 4138.402789895415
  endloop
endfacet
facet normal -0.8305393662542093 -2.8080942391966333e-21 0.5569599277345331
  outer loop
    vertex -4906.747890099156 -16.597723942990218 4140.919104012177
    vertex -4908.4353310388315 233.40187636318763 4138.402789895415
    vertex -4908.4353310388315 -16.597857996130884 4138.402789895415
  endloop
endfacet
facet normal -0.8305393662542093 -2.8080942391966333e-21 0.5569599277345331
  outer loop
    vertex -4908.4353310388315 233.40187636318763 4138.402789895415
    vertex -4906.747890099156 -16.597723942990218 4140.919104012177
    vertex -4906.747890099156 233.40174231004696 4140.919104012177
  endloop
endfacet
facet normal 0.8213262636428482 -0.35050518039885153 0.4500769791536188
  outer loop
    vertex -4969.10171909178 -16.597723942990218 4140.919104012177
    vertex -4978.708654959893 -40.348008398489355 4139.954449039594
    vertex -4976.895947715861 -40.34818463128689 4136.64637973748
  endloop
endfacet
facet normal 0.8213262636428482 -0.35050518039885153 0.4500769791536188
  outer loop
    vertex -4978.708654959893 -40.348008398489355 4139.954449039594
    vertex -4969.10171909178 -16.597723942990218 4140.919104012177
    vertex -4970.551884887002 -16.59758295675161 4143.565559453866
  endloop
endfacet
facet normal 0.11677027352584998 0.33859534516003176 0.9336583397885209
  outer loop
    vertex -4944.176138983472 233.40262560916943 4124.338678901627
    vertex -4941.846813014103 257.1533330554098 4115.434056448394
    vertex -4945.738972580481 257.153307122248 4115.920848349298
  endloop
endfacet
facet normal 0.11677027352584998 0.33859534516003176 0.9336583397885209
  outer loop
    vertex -4941.846813014103 257.1533330554098 4115.434056448394
    vertex -4944.176138983472 233.40262560916943 4124.338678901627
    vertex -4941.062411330366 233.4026463556995 4123.9492453809025
  endloop
endfacet
facet normal 0.8486910866986418 0.4476261677274837 0.2816988699371818
  outer loop
    vertex -4980.210972476687 257.1518432076135 4143.400018593014
    vertex -4992.258132254652 279.49453162699336 4144.192159256363
    vertex -4981.391466722816 257.15165372153285 4146.9568655329385
  endloop
endfacet
facet normal 0.8486910866986418 0.4476261677274837 0.2816988699371818
  outer loop
    vertex -4992.258132254652 279.49453162699336 4144.192159256363
    vertex -4980.210972476687 257.1518432076135 4143.400018593014
    vertex -4990.782514446991 279.49476848459676 4139.746100581448
  endloop
endfacet
facet normal 0.03739141067175931 0.43115875940185544 0.9015009742640486
  outer loop
    vertex -4941.846813014103 257.1533330554098 4115.434056448394
    vertex -4937.9248045954755 279.49664162730807 4104.585302080474
    vertex -4942.82731511876 279.4966307943428 4104.78864790068
  endloop
endfacet
facet normal 0.03739141067175931 0.43115875940185544 0.9015009742640486
  outer loop
    vertex -4937.9248045954755 279.49664162730807 4104.585302080474
    vertex -4941.846813014103 257.1533330554098 4115.434056448394
    vertex -4937.924804595475 257.15334172178314 4115.271379792232
  endloop
endfacet
facet normal 5.6510156507090076e-08 0.3338068592339005 -0.9426414910921308
  outer loop
    vertex -4930.924804595149 -25.08114940246755 3954.3015157511636
    vertex -5144.924804594388 -31.826468343183148 3951.912860207585
    vertex -5144.924804594388 -25.08115290709284 3954.3015016810828
  endloop
endfacet
facet normal 5.6510156507090076e-08 0.3338068592339005 -0.9426414910921308
  outer loop
    vertex -5144.924804594388 -31.826468343183148 3951.912860207585
    vertex -4930.924804595149 -25.08114940246755 3954.3015157511636
    vertex -4930.924804595149 -31.82646483855786 3951.9128742776643
  endloop
endfacet
facet normal 0.9490924719921994 -3.164637993770591e-19 0.3149975866697019
  outer loop
    vertex -4971.753738900437 233.40145447746247 4146.322015096599
    vertex -4972.69813429734 -16.597284521539997 4149.167492648542
    vertex -4971.753738900437 -16.597436110405717 4146.322015096599
  endloop
endfacet
facet normal 0.9490924719921994 -3.164637993770591e-19 0.3149975866697019
  outer loop
    vertex -4972.69813429734 -16.597284521539997 4149.167492648542
    vertex -4971.753738900437 233.40145447746247 4146.322015096599
    vertex -4972.69813429734 233.40130288859675 4149.167492648542
  endloop
endfacet
facet normal 0.46591794912491896 -0.4361610187274058 0.7698597472435489
  outer loop
    vertex -4966.049804559447 -62.69224186021951 4111.744569547408
    vertex -4963.735744198213 -40.348911483113184 4123.002629879068
    vertex -4970.188479098899 -62.692108420736766 4114.24936468902
  endloop
endfacet
facet normal 0.46591794912491896 -0.4361610187274058 0.7698597472435489
  outer loop
    vertex -4963.735744198213 -40.348911483113184 4123.002629879068
    vertex -4966.049804559447 -62.69224186021951 4111.744569547408
    vertex -4960.424804566653 -40.349018234700246 4120.99879376578
  endloop
endfacet
facet normal -0.3240885901290711 -0.6822505297385487 0.6553631057815359
  outer loop
    vertex -4895.737304649498 -91.59760941665331 4088.607485150546
    vertex -4914.152527403002 -62.69235653645329 4109.591979697882
    vertex -4902.266388806766 -91.59772409288728 4085.3786003762593
  endloop
endfacet
facet normal -0.3240885901290711 -0.6822505297385487 0.6553631057815359
  outer loop
    vertex -4914.152527403002 -62.69235653645329 4109.591979697882
    vertex -4895.737304649498 -91.59760941665331 4088.607485150546
    vertex -4909.79980463149 -62.69224186021951 4111.744569547408
  endloop
endfacet
facet normal 0.7442305356835422 0.4438640107471177 0.4991048484233252
  outer loop
    vertex -4974.786646541267 257.15237056476894 4133.500987091522
    vertex -4986.638733495959 279.49521822301017 4131.304052012041
    vertex -4976.895947715861 257.15220299834453 4136.64637973748
  endloop
endfacet
facet normal 0.7442305356835422 0.4438640107471177 0.4991048484233252
  outer loop
    vertex -4986.638733495959 279.49521822301017 4131.304052012041
    vertex -4974.786646541267 257.15237056476894 4133.500987091522
    vertex -4984.002107027715 279.4954276810417 4127.3723112045955
  endloop
endfacet
facet normal -0.037391410671783296 0.43115875940185355 0.9015009742640484
  outer loop
    vertex -4937.924804595475 257.15334172178314 4115.271379792232
    vertex -4933.022294072193 279.4966307943428 4104.78864790068
    vertex -4937.9248045954755 279.49664162730807 4104.585302080474
  endloop
endfacet
facet normal -0.037391410671783296 0.43115875940185355 0.9015009742640484
  outer loop
    vertex -4933.022294072193 279.4966307943428 4104.78864790068
    vertex -4937.924804595475 257.15334172178314 4115.271379792232
    vertex -4934.002796176849 257.1533330554098 4115.434056448394
  endloop
endfacet
facet normal 5.5849098644189326e-08 0.35020738125945866 -0.9366721892483993
  outer loop
    vertex -4930.924804595149 -31.82646483855786 3951.9128742776643
    vertex -5144.924804594388 -38.52906889323275 3949.4068605492143
    vertex -5144.924804594388 -31.826468343183148 3951.912860207585
  endloop
endfacet
facet normal 5.5849098644189326e-08 0.35020738125945866 -0.9366721892483993
  outer loop
    vertex -5144.924804594388 -38.52906889323275 3949.4068605492143
    vertex -4930.924804595149 -31.82646483855786 3951.9128742776643
    vertex -4930.924804595149 -38.52906538860674 3949.406874619295
  endloop
endfacet
facet normal 0.8881556655258233 0.35252983582370767 0.29479183952153715
  outer loop
    vertex -4971.753738900437 233.40145447746247 4146.322015096599
    vertex -4981.391466722816 257.15165372153285 4146.9568655329385
    vertex -4972.69813429734 233.40130288859675 4149.167492648542
  endloop
endfacet
facet normal 0.8881556655258233 0.35252983582370767 0.29479183952153715
  outer loop
    vertex -4981.391466722816 257.15165372153285 4146.9568655329385
    vertex -4971.753738900437 233.40145447746247 4146.322015096599
    vertex -4980.210972476687 257.1518432076135 4143.400018593014
  endloop
endfacet
facet normal 5.3764690801892774e-08 0.39874906892514167 -0.9170600743851679
  outer loop
    vertex -4930.924804595149 -51.797968755634905 3944.0458896709433
    vertex -5144.924804594388 -58.36023324073814 3941.1925233188276
    vertex -5144.924804594388 -51.79797226026164 3944.0458756008616
  endloop
endfacet
facet normal 5.3764690801892774e-08 0.39874906892514167 -0.9170600743851679
  outer loop
    vertex -5144.924804594388 -58.36023324073814 3941.1925233188276
    vertex -4930.924804595149 -51.797968755634905 3944.0458896709433
    vertex -4930.924804595149 -58.360229736112856 3941.1925373889094
  endloop
endfacet
facet normal 6.754684692767976e-08 -0.3173046564051302 -0.9483236552061842
  outer loop
    vertex -4930.924804595149 241.88473725239842 3954.3015157511645
    vertex -5144.924804594388 235.09875811406832 3956.5720573663757
    vertex -5144.924804594388 241.88473374777314 3954.3015016810828
  endloop
endfacet
facet normal 6.754684692767976e-08 -0.3173046564051302 -0.9483236552061842
  outer loop
    vertex -5144.924804594388 235.09875811406832 3956.5720573663757
    vertex -4930.924804595149 241.88473725239842 3954.3015157511645
    vertex -4930.924804595149 235.09876161869363 3956.5720714364575
  endloop
endfacet
facet normal -0.9110431655862851 0.353259200591396 0.2126224062417899
  outer loop
    vertex -4893.6084557666845 257.15145974940503 4150.597920106486
    vertex -4903.151474893596 233.40130288859675 4149.167492648542
    vertex -4902.471725532433 233.40114771089566 4152.080336307377
  endloop
endfacet
facet normal -0.9110431655862851 0.353259200591396 0.2126224062417899
  outer loop
    vertex -4903.151474893596 233.40130288859675 4149.167492648542
    vertex -4893.6084557666845 257.15145974940503 4150.597920106486
    vertex -4894.458142468134 257.15165372153285 4146.9568655329385
  endloop
endfacet
facet normal 0.5220849135498812 0.688334462618697 0.5036099786690519
  outer loop
    vertex -5002.559804400856 308.40099226844035 4106.501389537875
    vertex -4977.699560986276 279.4958078163742 4120.236783420731
    vertex -4997.586939181678 308.4011753728111 4101.345805960529
  endloop
endfacet
facet normal 0.5220849135498812 0.688334462618697 0.5036099786690519
  outer loop
    vertex -4977.699560986276 279.4958078163742 4120.236783420731
    vertex -5002.559804400856 308.40099226844035 4106.501389537875
    vertex -4981.014804465727 279.49562471200494 4123.673839138958
  endloop
endfacet
facet normal 0.32994224461916827 0.433658175362802 0.8384978844079872
  outer loop
    vertex -4956.94262634945 257.153128342746 4119.276721886156
    vertex -4957.163437632903 279.4964699437434 4107.80797764897
    vertex -4961.697081787945 279.49637490351023 4109.591979697882
  endloop
endfacet
facet normal 0.32994224461916827 0.433658175362802 0.8384978844079872
  outer loop
    vertex -4957.163437632903 279.4964699437434 4107.80797764897
    vertex -4956.94262634945 257.153128342746 4119.276721886156
    vertex -4953.315711025417 257.1532043749303 4117.849520247026
  endloop
endfacet
facet normal 0.5296506236836914 -0.4376220397935911 0.7266066109789899
  outer loop
    vertex -4970.188479098899 -62.692108420736766 4114.24936468902
    vertex -4966.850246994321 -40.34879053337225 4125.27297982327
    vertex -4974.081607594034 -62.691957233561325 4117.087302119279
  endloop
endfacet
facet normal 0.5296506236836914 -0.4376220397935911 0.7266066109789899
  outer loop
    vertex -4966.850246994321 -40.34879053337225 4125.27297982327
    vertex -4970.188479098899 -62.692108420736766 4114.24936468902
    vertex -4963.735744198213 -40.348911483113184 4123.002629879068
  endloop
endfacet
facet normal 0.4864200002193847 0.3426560378190449 0.8037303174154419
  outer loop
    vertex -4958.573556277661 233.40232379150754 4130.004104125448
    vertex -4960.424804566653 257.1530366017577 4120.99879376578
    vertex -4963.735744198213 257.15292985017066 4123.002629879068
  endloop
endfacet
facet normal 0.4864200002193847 0.3426560378190449 0.8037303174154419
  outer loop
    vertex -4960.424804566653 257.1530366017577 4120.99879376578
    vertex -4958.573556277661 233.40232379150754 4130.004104125448
    vertex -4955.924804572416 233.40240919277662 4128.40103523481
  endloop
endfacet
facet normal 6.763151296338676e-08 -0.18223552549203217 -0.9832549075639736
  outer loop
    vertex -4930.924804595149 186.63348202934756 3969.1060449689858
    vertex -5144.924804594388 179.5975432637808 3970.410064420367
    vertex -5144.924804594388 186.63347852472225 3969.106030898904
  endloop
endfacet
facet normal 6.763151296338676e-08 -0.18223552549203217 -0.9832549075639736
  outer loop
    vertex -5144.924804594388 179.5975432637808 3970.410064420367
    vertex -4930.924804595149 186.63348202934756 3969.1060449689858
    vertex -4930.924804595149 179.5975467684061 3970.4100784904476
  endloop
endfacet
facet normal 0.7782221611971203 0.3492796747254996 0.5218946030046032
  outer loop
    vertex -4967.414278152105 233.40187636318763 4138.402789895415
    vertex -4976.895947715861 257.15220299834453 4136.64637973748
    vertex -4969.10171909178 233.40174231004696 4140.919104012177
  endloop
endfacet
facet normal 0.7782221611971203 0.3492796747254996 0.5218946030046032
  outer loop
    vertex -4976.895947715861 257.15220299834453 4136.64637973748
    vertex -4967.414278152105 233.40187636318763 4138.402789895415
    vertex -4974.786646541267 257.15237056476894 4133.500987091522
  endloop
endfacet
facet normal 0.9264782969331599 0.3537632096447008 0.12841166930505646
  outer loop
    vertex -4973.377883658503 233.40114771089566 4152.080336307377
    vertex -4982.753565952191 257.15126276747986 4154.295471689804
    vertex -4973.787813680842 233.40099012535578 4155.038377574039
  endloop
endfacet
facet normal 0.9264782969331599 0.3537632096447008 0.12841166930505646
  outer loop
    vertex -4982.753565952191 257.15126276747986 4154.295471689804
    vertex -4973.377883658503 233.40114771089566 4152.080336307377
    vertex -4982.241153424267 257.15145974940503 4150.597920106486
  endloop
endfacet
facet normal 6.769313354758444e-08 -0.19936793441707437 -0.9799247046208522
  outer loop
    vertex -4930.924804595149 193.6455871602457 3967.679416056305
    vertex -5144.924804594388 186.63347852472225 3969.106030898904
    vertex -5144.924804594388 193.6455836556204 3967.679401986223
  endloop
endfacet
facet normal 6.769313354758444e-08 -0.19936793441707437 -0.9799247046208522
  outer loop
    vertex -5144.924804594388 186.63347852472225 3969.106030898904
    vertex -4930.924804595149 193.6455871602457 3967.679416056305
    vertex -4930.924804595149 186.63348202934756 3969.1060449689858
  endloop
endfacet
facet normal 0.5898684739654033 0.43916923572506994 0.6776323234722385
  outer loop
    vertex -4969.744609708116 257.152674673037 4127.79256486444
    vertex -4974.081607594034 279.49597560061807 4117.087302119279
    vertex -4977.699560986276 279.4958078163742 4120.236783420731
  endloop
endfacet
facet normal 0.5898684739654033 0.43916923572506994 0.6776323234722385
  outer loop
    vertex -4974.081607594034 279.49597560061807 4117.087302119279
    vertex -4969.744609708116 257.152674673037 4127.79256486444
    vertex -4966.850246994321 257.1528089004297 4125.27297982327
  endloop
endfacet
facet normal -0.4864200002202902 -0.34265603781893006 0.8037303174149428
  outer loop
    vertex -4915.424804624286 -40.349018234700246 4120.99879376578
    vertex -4917.276052913276 -16.598305424451357 4130.004104125448
    vertex -4919.924804618521 -16.59839082571989 4128.40103523481
  endloop
endfacet
facet normal -0.4864200002202902 -0.34265603781893006 0.8037303174149428
  outer loop
    vertex -4917.276052913276 -16.598305424451357 4130.004104125448
    vertex -4915.424804624286 -40.349018234700246 4120.99879376578
    vertex -4912.113864992739 -40.348911483113184 4123.002629879068
  endloop
endfacet
facet normal 5.447615987106231e-08 0.3826834323652263 -0.9238795325112286
  outer loop
    vertex -4930.924804595149 -45.186909375557725 3946.7842801278266
    vertex -5144.924804594388 -51.79797226026164 3944.0458756008616
    vertex -5144.924804594388 -45.18691288018283 3946.784266057745
  endloop
endfacet
facet normal 5.447615987106231e-08 0.3826834323652263 -0.9238795325112286
  outer loop
    vertex -5144.924804594388 -51.79797226026164 3944.0458756008616
    vertex -4930.924804595149 -45.186909375557725 3946.7842801278266
    vertex -4930.924804595149 -51.797968755634905 3944.0458896709433
  endloop
endfacet
facet normal 0.32408859012960395 0.6822505297385294 0.6553631057812925
  outer loop
    vertex -4980.112304541435 308.40162778371166 4088.607485150546
    vertex -4961.697081787945 279.49637490351023 4109.591979697882
    vertex -4973.58322038418 308.40174245994564 4085.3786003762593
  endloop
endfacet
facet normal 0.32408859012960395 0.6822505297385294 0.6553631057812925
  outer loop
    vertex -4961.697081787945 279.49637490351023 4109.591979697882
    vertex -4980.112304541435 308.40162778371166 4088.607485150546
    vertex -4966.049804559447 279.49626022727625 4111.744569547408
  endloop
endfacet
facet normal 0.26987238133113295 -0.33967795179962346 0.9009926674817484
  outer loop
    vertex -4949.571661610173 -40.34924575260481 4116.728050714646
    vertex -4950.237529739424 -16.598525044258942 4125.881616419814
    vertex -4953.315711025417 -40.349186007872845 4117.849520247026
  endloop
endfacet
facet normal 0.26987238133113295 -0.33967795179962346 0.9009926674817484
  outer loop
    vertex -4950.237529739424 -16.598525044258942 4125.881616419814
    vertex -4949.571661610173 -40.34924575260481 4116.728050714646
    vertex -4947.242290207227 -16.598572840044657 4124.984440793903
  endloop
endfacet
facet normal 0.8581212836609059 0.35160102429416523 0.3741718619076706
  outer loop
    vertex -4970.551884887002 233.40160132380763 4143.565559453866
    vertex -4980.210972476687 257.1518432076135 4143.400018593014
    vertex -4971.753738900437 233.40145447746247 4146.322015096599
  endloop
endfacet
facet normal 0.8581212836609059 0.35160102429416523 0.3741718619076706
  outer loop
    vertex -4980.210972476687 257.1518432076135 4143.400018593014
    vertex -4970.551884887002 233.40160132380763 4143.565559453866
    vertex -4978.708654959893 257.1520267655468 4139.954449039594
  endloop
endfacet
facet normal -0.6991407499781073 0.6961133929479917 0.16318197167115153
  outer loop
    vertex -4854.831650541496 308.39965671827304 4144.10584703939
    vertex -4883.591476936299 279.49453162699336 4144.192159256363
    vertex -4882.529368559489 279.4942891618376 4148.743477473298
  endloop
endfacet
facet normal -0.6991407499781073 0.6961133929479917 0.16318197167115153
  outer loop
    vertex -4883.591476936299 279.49453162699336 4144.192159256363
    vertex -4854.831650541496 308.39965671827304 4144.10584703939
    vertex -4856.4248131067125 308.39989918343025 4137.278869713984
  endloop
endfacet
facet normal -4.395511838489844e-08 0.00872629982223241 -0.9999619251208571
  outer loop
    vertex -5083.014752934043 108.40236642050186 4066.638886615902
    vertex -5112.9248045948725 99.67558720169788 4066.562733252452
    vertex -5112.9248045948725 108.4017904203398 4066.6388856742556
  endloop
endfacet
facet normal -4.395511838489844e-08 0.00872629982223241 -0.9999619251208571
  outer loop
    vertex -5112.9248045948725 99.67558720169788 4066.562733252452
    vertex -5083.014752934043 108.40236642050186 4066.638886615902
    vertex -5082.936744172914 106.6160430046232 4066.6233001383675
  endloop
endfacet
facet normal -4.395511838489844e-08 0.00872629982223241 -0.9999619251208571
  outer loop
    vertex -5112.9248045948725 99.67558720169788 4066.562733252452
    vertex -5082.936744172914 106.6160430046232 4066.6233001383675
    vertex -5082.7033117234905 104.84294819240708 4066.6078269025397
  endloop
endfacet
facet normal -4.395511838489844e-08 0.00872629982223241 -0.9999619251208571
  outer loop
    vertex -5112.9248045948725 99.67558720169788 4066.562733252452
    vertex -5082.7033117234905 104.84294819240708 4066.6078269025397
    vertex -5082.316232151523 103.096945512024 4066.5925900921106
  endloop
endfacet
facet normal -4.395511838489844e-08 0.00872629982223241 -0.9999619251208571
  outer loop
    vertex -5112.9248045948725 99.67558720169788 4066.562733252452
    vertex -5082.316232151523 103.096945512024 4066.5925900921106
    vertex -5081.778451366279 101.39132309813455 4066.577705668411
  endloop
endfacet
facet normal -4.395511838489844e-08 0.00872629982223241 -0.9999619251208571
  outer loop
    vertex -5112.9248045948725 99.67558720169788 4066.562733252452
    vertex -5081.778451366279 101.39132309813455 4066.577705668411
    vertex -5081.094062204258 99.73906176719323 4066.563286910889
  endloop
endfacet
facet normal -4.395511838489844e-08 0.00872629982223241 -0.9999619251208571
  outer loop
    vertex -5112.9248045948725 99.67558720169788 4066.562733252452
    vertex -5081.094062204258 99.73906176719323 4066.563286910889
    vertex -5081.061019432289 99.67558720169788 4066.562733252452
  endloop
endfacet
facet normal 0.9342494105831624 0.35402376679993497 0.042955923523990656
  outer loop
    vertex -4973.787813680842 233.40099012535578 4155.038377574039
    vertex -4982.864357015133 257.1511343431345 4156.706127590721
    vertex -4973.864447865378 233.4009012942278 4156.705828397716
  endloop
endfacet
facet normal 0.9342494105831624 0.35402376679993497 0.042955923523990656
  outer loop
    vertex -4982.864357015133 257.1511343431345 4156.706127590721
    vertex -4973.787813680842 233.40099012535578 4155.038377574039
    vertex -4982.753565952191 257.15126276747986 4154.295471689804
  endloop
endfacet
facet normal 0.5296506236836896 0.437622039793603 0.7266066109789843
  outer loop
    vertex -4966.850246994321 257.1528089004297 4125.27297982327
    vertex -4970.188479098899 279.4961267877935 4114.24936468902
    vertex -4974.081607594034 279.49597560061807 4117.087302119279
  endloop
endfacet
facet normal 0.5296506236836896 0.437622039793603 0.7266066109789843
  outer loop
    vertex -4970.188479098899 279.4961267877935 4114.24936468902
    vertex -4966.850246994321 257.1528089004297 4125.27297982327
    vertex -4963.735744198213 257.15292985017066 4123.002629879068
  endloop
endfacet
facet normal 0.47727720720925887 -0.6867134879689597 0.5482983247466982
  outer loop
    vertex -4974.081607594034 -62.691957233561325 4117.087302119279
    vertex -4997.586939181678 -91.59715700575275 4101.345805960529
    vertex -4992.160009093315 -91.59732478999513 4096.621584008367
  endloop
endfacet
facet normal 0.47727720720925887 -0.6867134879689597 0.5482983247466982
  outer loop
    vertex -4997.586939181678 -91.59715700575275 4101.345805960529
    vertex -4974.081607594034 -62.691957233561325 4117.087302119279
    vertex -4977.699560986276 -62.6917894493175 4120.236783420731
  endloop
endfacet
facet normal 0.8924148863800342 -0.44934566399647025 0.04103833348080713
  outer loop
    vertex -4982.753565952191 -40.34724440042239 4154.295471689804
    vertex -4994.1142253065245 -62.689846672538025 4156.704684373184
    vertex -4993.960756291371 -62.690024567372014 4153.365416952446
  endloop
endfacet
facet normal 0.8924148863800342 -0.44934566399647025 0.04103833348080713
  outer loop
    vertex -4994.1142253065245 -62.689846672538025 4156.704684373184
    vertex -4982.753565952191 -40.34724440042239 4154.295471689804
    vertex -4982.864292010616 -40.34711605142727 4156.704713184922
  endloop
endfacet
facet normal 0.8704073403937398 0.4484677670066643 0.20314458827335957
  outer loop
    vertex -4981.391466722816 257.15165372153285 4146.9568655329385
    vertex -4993.320240631467 279.4942891618376 4148.743477473298
    vertex -4982.241153424267 257.15145974940503 4150.597920106486
  endloop
endfacet
facet normal 0.8704073403937398 0.4484677670066643 0.20314458827335957
  outer loop
    vertex -4993.320240631467 279.4942891618376 4148.743477473298
    vertex -4981.391466722816 257.15165372153285 4146.9568655329385
    vertex -4992.258132254652 279.49453162699336 4144.192159256363
  endloop
endfacet
facet normal -0.934249410583296 0.35402376679964653 0.04295592352346266
  outer loop
    vertex -4892.985317180325 257.15113441848473 4156.704713185023
    vertex -4902.061795510094 233.40099012535578 4155.038377574039
    vertex -4901.985213311813 233.40090135448864 4156.7046972508
  endloop
endfacet
facet normal -0.934249410583296 0.35402376679964653 0.04295592352346266
  outer loop
    vertex -4902.061795510094 233.40099012535578 4155.038377574039
    vertex -4892.985317180325 257.15113441848473 4156.704713185023
    vertex -4893.096043238753 257.15126276747986 4154.295471689804
  endloop
endfacet
facet normal 0.41663369046764165 0.34151298955911397 0.8424875345841683
  outer loop
    vertex -4955.924804572416 233.40240919277662 4128.40103523481
    vertex -4956.94262634945 257.153128342746 4119.276721886156
    vertex -4960.424804566653 257.1530366017577 4120.99879376578
  endloop
endfacet
facet normal 0.41663369046764165 0.34151298955911397 0.8424875345841683
  outer loop
    vertex -4956.94262634945 257.153128342746 4119.276721886156
    vertex -4955.924804572416 233.40240919277662 4128.40103523481
    vertex -4953.139061998649 233.40248258556758 4127.023377731114
  endloop
endfacet
facet normal 0.6597863135165014 0.6941959564557947 0.2877047002339888
  outer loop
    vertex -5017.211369372751 308.4001360410322 4130.609781701621
    vertex -4988.904617550998 279.4949979320119 4135.439138639685
    vertex -5014.394524028762 308.40036548844733 4124.149338788957
  endloop
endfacet
facet normal 0.6597863135165014 0.6941959564557947 0.2877047002339888
  outer loop
    vertex -4988.904617550998 279.4949979320119 4135.439138639685
    vertex -5017.211369372751 308.4001360410322 4130.609781701621
    vertex -4990.782514446991 279.49476848459676 4139.746100581448
  endloop
endfacet
facet normal 0.25868149563049747 0.43268427003339055 0.8636366170352211
  outer loop
    vertex -4953.315711025417 257.1532043749303 4117.849520247026
    vertex -4952.483375863847 279.49654462465827 4106.406140733488
    vertex -4957.163437632903 279.4964699437434 4107.80797764897
  endloop
endfacet
facet normal 0.25868149563049747 0.43268427003339055 0.8636366170352211
  outer loop
    vertex -4952.483375863847 279.49654462465827 4106.406140733488
    vertex -4953.315711025417 257.1532043749303 4117.849520247026
    vertex -4949.571661610173 257.1532641196624 4116.728050714646
  endloop
endfacet
facet normal -0.41663369046726556 0.34151298955903553 0.8424875345843861
  outer loop
    vertex -4919.924804618521 233.40240919277662 4128.40103523481
    vertex -4918.906982841496 257.153128342746 4119.276721886156
    vertex -4922.710547192288 233.40248258556758 4127.023377731114
  endloop
endfacet
facet normal -0.41663369046726556 0.34151298955903553 0.8424875345843861
  outer loop
    vertex -4918.906982841496 257.153128342746 4119.276721886156
    vertex -4919.924804618521 233.40240919277662 4128.40103523481
    vertex -4915.424804624286 257.1530366017577 4120.99879376578
  endloop
endfacet
facet normal -1.8328521473378996e-14 0.026176948308010463 -0.9996573249755537
  outer loop
    vertex -5081.061019432289 99.67558720169788 4066.562733252452
    vertex -5112.9248045948725 90.95204206908953 4066.3342991838035
    vertex -5112.9248045948725 99.67558720169788 4066.562733252452
  endloop
endfacet
facet normal -1.8328521473378996e-14 0.026176948308010463 -0.9996573249755537
  outer loop
    vertex -5112.9248045948725 90.95204206908953 4066.3342991838035
    vertex -5081.061019432289 99.67558720169788 4066.562733252452
    vertex -5080.268273150752 98.15273640368757 4066.522856000893
  endloop
endfacet
facet normal -1.8328521473378996e-14 0.026176948308010463 -0.9996573249755537
  outer loop
    vertex -5112.9248045948725 90.95204206908953 4066.3342991838035
    vertex -5080.268273150752 98.15273640368757 4066.522856000893
    vertex -5079.307369088807 96.64441972304408 4066.4833593385924
  endloop
endfacet
facet normal -1.8328521473378996e-14 0.026176948308010463 -0.9996573249755537
  outer loop
    vertex -5112.9248045948725 90.95204206908953 4066.3342991838035
    vertex -5079.307369088807 96.64441972304408 4066.4833593385924
    vertex -5078.2186630839415 95.22559091852428 4066.446205998797
  endloop
endfacet
facet normal -1.8328521473378996e-14 0.026176948308010463 -0.9996573249755537
  outer loop
    vertex -5112.9248045948725 90.95204206908953 4066.3342991838035
    vertex -5078.2186630839415 95.22559091852428 4066.446205998797
    vertex -5077.010440846231 93.90704813404136 4066.411678740855
  endloop
endfacet
facet normal -1.8328521473378996e-14 0.026176948308010463 -0.9996573249755537
  outer loop
    vertex -5112.9248045948725 90.95204206908953 4066.3342991838035
    vertex -5077.010440846231 93.90704813404136 4066.411678740855
    vertex -5075.691897676451 92.6988262763451 4066.380040338052
  endloop
endfacet
facet normal -1.8328521473378996e-14 0.026176948308010463 -0.9996573249755537
  outer loop
    vertex -5112.9248045948725 90.95204206908953 4066.3342991838035
    vertex -5075.691897676451 92.6988262763451 4066.380040338052
    vertex -5074.27306848428 91.61012064331419 4066.3515315777336
  endloop
endfacet
facet normal -1.8328521473378996e-14 0.026176948308010463 -0.9996573249755537
  outer loop
    vertex -5112.9248045948725 90.95204206908953 4066.3342991838035
    vertex -5074.27306848428 91.61012064331419 4066.3515315777336
    vertex -5073.240091772633 90.95204206908953 4066.3342991838026
  endloop
endfacet
facet normal -0.6976765824293822 0.44233876082516954 0.5635457452605874
  outer loop
    vertex -4891.847502163234 279.4954276810417 4127.3723112045955
    vertex -4903.452804699262 257.15252818954036 4130.542209439017
    vertex -4901.062962649681 257.15237056476894 4133.500987091522
  endloop
endfacet
facet normal -0.6976765824293822 0.44233876082516954 0.5635457452605874
  outer loop
    vertex -4903.452804699262 257.15252818954036 4130.542209439017
    vertex -4891.847502163234 279.4954276810417 4127.3723112045955
    vertex -4894.834804725209 279.49562471200494 4123.673839138958
  endloop
endfacet
facet normal -0.39918224161063576 0.43482751750275134 0.8072041674849693
  outer loop
    vertex -4915.424804624286 257.1530366017577 4120.99879376578
    vertex -4914.152527403002 279.49637490351023 4109.591979697882
    vertex -4918.906982841496 257.153128342746 4119.276721886156
  endloop
endfacet
facet normal -0.39918224161063576 0.43482751750275134 0.8072041674849693
  outer loop
    vertex -4914.152527403002 279.49637490351023 4109.591979697882
    vertex -4915.424804624286 257.1530366017577 4120.99879376578
    vertex -4909.79980463149 279.49626022727625 4111.744569547408
  endloop
endfacet
facet normal -7.057912827032104e-15 -0.02617694830787753 -0.9996573249755573
  outer loop
    vertex -5073.24306552988 125.85153877159095 4066.3342991838035
    vertex -5112.9248045948725 117.12799363898115 4066.562733252452
    vertex -5112.9248045948725 125.85153877159095 4066.3342991838035
  endloop
endfacet
facet normal -7.057912827032104e-15 -0.02617694830787753 -0.9996573249755573
  outer loop
    vertex -5112.9248045948725 117.12799363898115 4066.562733252452
    vertex -5073.24306552988 125.85153877159095 4066.3342991838035
    vertex -5074.273068482965 125.19535445985082 4066.3514819747256
  endloop
endfacet
facet normal -7.057912827032104e-15 -0.02617694830787753 -0.9996573249755573
  outer loop
    vertex -5112.9248045948725 117.12799363898115 4066.562733252452
    vertex -5074.273068482965 125.19535445985082 4066.3514819747256
    vertex -5075.691897675205 124.10664844488763 4066.3799907450452
  endloop
endfacet
facet normal -7.057912827032104e-15 -0.02617694830787753 -0.9996573249755573
  outer loop
    vertex -5112.9248045948725 117.12799363898115 4066.562733252452
    vertex -5075.691897675205 124.10664844488763 4066.3799907450452
    vertex -5077.010440845064 122.898426163329 4066.411629158948
  endloop
endfacet
facet normal -7.057912827032104e-15 -0.02617694830787753 -0.9996573249755573
  outer loop
    vertex -5112.9248045948725 117.12799363898115 4066.562733252452
    vertex -5077.010440845064 122.898426163329 4066.411629158948
    vertex -5078.218663083272 121.57988291660135 4066.446156428993
  endloop
endfacet
facet normal -7.057912827032104e-15 -0.02617694830787753 -0.9996573249755573
  outer loop
    vertex -5112.9248045948725 117.12799363898115 4066.562733252452
    vertex -5078.218663083272 121.57988291660135 4066.446156428993
    vertex -5079.307369087814 120.16105361401843 4066.483309781831
  endloop
endfacet
facet normal -7.057912827032104e-15 -0.02617694830787753 -0.9996573249755573
  outer loop
    vertex -5112.9248045948725 117.12799363898115 4066.562733252452
    vertex -5079.307369087814 120.16105361401843 4066.483309781831
    vertex -5080.268273149855 118.6527364042366 4066.5228064579865
  endloop
endfacet
facet normal -7.057912827032104e-15 -0.02617694830787753 -0.9996573249755573
  outer loop
    vertex -5112.9248045948725 117.12799363898115 4066.562733252452
    vertex -5080.268273149855 118.6527364042366 4066.5228064579865
    vertex -5081.062004049261 117.12799363898115 4066.562733252451
  endloop
endfacet
facet normal -0.9989455604493847 -3.707099853164984e-14 0.04591042646790511
  outer loop
    vertex -4901.985161325549 -16.59688292717089 4156.705828397541
    vertex -4902.061795510094 233.40099012535578 4155.038377574039
    vertex -4902.061795510094 -16.59697175829887 4155.038377574039
  endloop
endfacet
facet normal -0.9989455604493847 -3.707099853164984e-14 0.04591042646790511
  outer loop
    vertex -4902.061795510094 233.40099012535578 4155.038377574039
    vertex -4901.985161325549 -16.59688292717089 4156.705828397541
    vertex -4901.985213311813 233.40090135448864 4156.7046972508
  endloop
endfacet
facet normal -0.8201766515958417 0.44655261898205634 0.357632519015399
  outer loop
    vertex -4885.067094743964 279.49476848459676 4139.746100581448
    vertex -4897.140954231056 257.1520267655468 4139.954449039594
    vertex -4895.638636714265 257.1518432076135 4143.400018593014
  endloop
endfacet
facet normal -0.8201766515958417 0.44655261898205634 0.357632519015399
  outer loop
    vertex -4897.140954231056 257.1520267655468 4139.954449039594
    vertex -4885.067094743964 279.49476848459676 4139.746100581448
    vertex -4886.944991639952 279.4949979320119 4135.439138639685
  endloop
endfacet
facet normal -0.2698723813312012 -0.33967795179952237 0.900992667481766
  outer loop
    vertex -4926.277947580774 -40.34924575260481 4116.728050714646
    vertex -4925.612079451514 -16.598525044258942 4125.881616419814
    vertex -4928.607318983711 -16.598572840044657 4124.984440793903
  endloop
endfacet
facet normal -0.2698723813312012 -0.33967795179952237 0.900992667481766
  outer loop
    vertex -4925.612079451514 -16.598525044258942 4125.881616419814
    vertex -4926.277947580774 -40.34924575260481 4116.728050714646
    vertex -4922.533898165531 -40.349186007872845 4117.849520247026
  endloop
endfacet
facet normal -0.1167702735257588 0.3385953451599796 0.9336583397885513
  outer loop
    vertex -4931.6734702074655 233.40262560916943 4124.338678901627
    vertex -4934.002796176849 257.1533330554098 4115.434056448394
    vertex -4934.787197860572 233.4026463556995 4123.9492453809025
  endloop
endfacet
facet normal -0.1167702735257588 0.3385953451599796 0.9336583397885513
  outer loop
    vertex -4934.002796176849 257.1533330554098 4115.434056448394
    vertex -4931.6734702074655 233.40262560916943 4124.338678901627
    vertex -4930.110636610466 257.153307122248 4115.920848349298
  endloop
endfacet
facet normal -0.8486910866984502 0.44762616772744274 0.28169886993782384
  outer loop
    vertex -4883.591476936299 279.49453162699336 4144.192159256363
    vertex -4895.638636714265 257.1518432076135 4143.400018593014
    vertex -4894.458142468134 257.15165372153285 4146.9568655329385
  endloop
endfacet
facet normal -0.8486910866984502 0.44762616772744274 0.28169886993782384
  outer loop
    vertex -4895.638636714265 257.1518432076135 4143.400018593014
    vertex -4883.591476936299 279.49453162699336 4144.192159256363
    vertex -4885.067094743964 279.49476848459676 4139.746100581448
  endloop
endfacet
facet normal -0.9342494105832531 -0.35402376679933334 0.042955923526977406
  outer loop
    vertex -4892.985252175822 -40.34711597607704 4156.706127590511
    vertex -4902.061795510094 -16.59697175829887 4155.038377574039
    vertex -4893.096043238753 -40.34724440042239 4154.295471689804
  endloop
endfacet
facet normal -0.9342494105832531 -0.35402376679933334 0.042955923526977406
  outer loop
    vertex -4902.061795510094 -16.59697175829887 4155.038377574039
    vertex -4892.985252175822 -40.34711597607704 4156.706127590511
    vertex -4901.985161325549 -16.59688292717089 4156.705828397541
  endloop
endfacet
facet normal -0.7442305356830287 0.4438640107470907 0.49910484842411496
  outer loop
    vertex -4889.210875694984 279.49521822301017 4131.304052012041
    vertex -4901.062962649681 257.15237056476894 4133.500987091522
    vertex -4898.953661475081 257.15220299834453 4136.64637973748
  endloop
endfacet
facet normal -0.7442305356830287 0.4438640107470907 0.49910484842411496
  outer loop
    vertex -4901.062962649681 257.15237056476894 4133.500987091522
    vertex -4889.210875694984 279.49521822301017 4131.304052012041
    vertex -4891.847502163234 279.4954276810417 4127.3723112045955
  endloop
endfacet
facet normal 0.8850462706619997 0.44904781016827294 0.12267502993831052
  outer loop
    vertex -4982.241153424267 257.15145974940503 4150.597920106486
    vertex -4993.960756291371 279.49404293442893 4153.365416952446
    vertex -4982.753565952191 257.15126276747986 4154.295471689804
  endloop
endfacet
facet normal 0.8850462706619997 0.44904781016827294 0.12267502993831052
  outer loop
    vertex -4993.960756291371 279.49404293442893 4153.365416952446
    vertex -4982.241153424267 257.15145974940503 4150.597920106486
    vertex -4993.320240631467 279.4942891618376 4148.743477473298
  endloop
endfacet
facet normal 7.29637653412304e-08 -0.008726936961016535 -0.9999619195605767
  outer loop
    vertex -5081.062004049261 117.12799363898115 4066.562733252451
    vertex -5112.9248045948725 108.4017904203398 4066.6388856742556
    vertex -5112.9248045948725 117.12799363898115 4066.562733252452
  endloop
endfacet
facet normal 7.29637653412304e-08 -0.008726936961016535 -0.9999619195605767
  outer loop
    vertex -5112.9248045948725 108.4017904203398 4066.6388856742556
    vertex -5081.062004049261 117.12799363898115 4066.562733252451
    vertex -5081.094062203628 117.06641049885123 4066.563271003902
  endloop
endfacet
facet normal 7.29637653412304e-08 -0.008726936961016535 -0.9999619195605767
  outer loop
    vertex -5112.9248045948725 108.4017904203398 4066.6388856742556
    vertex -5081.094062203628 117.06641049885123 4066.563271003902
    vertex -5081.778451365759 115.41414897473508 4066.5776907402287
  endloop
endfacet
facet normal 7.29637653412304e-08 -0.008726936961016535 -0.9999619195605767
  outer loop
    vertex -5112.9248045948725 108.4017904203398 4066.6388856742556
    vertex -5081.778451365759 115.41414897473508 4066.5776907402287
    vertex -5082.316232151115 113.70852636143239 4066.592576172147
  endloop
endfacet
facet normal 7.29637653412304e-08 -0.008726936961016535 -0.9999619195605767
  outer loop
    vertex -5112.9248045948725 108.4017904203398 4066.6388856742556
    vertex -5082.316232151115 113.70852636143239 4066.592576172147
    vertex -5082.7033117231995 111.96252347691336 4066.607814012533
  endloop
endfacet
facet normal 7.29637653412304e-08 -0.008726936961016535 -0.9999619195605767
  outer loop
    vertex -5112.9248045948725 108.4017904203398 4066.6388856742556
    vertex -5082.7033117231995 111.96252347691336 4066.607814012533
    vertex -5082.936744349105 110.18942846509415 4066.623288292149
  endloop
endfacet
facet normal 7.29637653412304e-08 -0.008726936961016535 -0.9999619195605767
  outer loop
    vertex -5112.9248045948725 108.4017904203398 4066.6388856742556
    vertex -5082.936744349105 110.18942846509415 4066.623288292149
    vertex -5083.014752934043 108.40236642050186 4066.638886615902
  endloop
endfacet
facet normal -0.8850462706617495 0.4490478101682045 0.12267502994036619
  outer loop
    vertex -4881.888852899573 279.49404293442893 4153.365416952446
    vertex -4893.6084557666845 257.15145974940503 4150.597920106486
    vertex -4893.096043238753 257.15126276747986 4154.295471689804
  endloop
endfacet
facet normal -0.8850462706617495 0.4490478101682045 0.12267502994036619
  outer loop
    vertex -4893.6084557666845 257.15145974940503 4150.597920106486
    vertex -4881.888852899573 279.49404293442893 4153.365416952446
    vertex -4882.529368559489 279.4942891618376 4148.743477473298
  endloop
endfacet
facet normal 0.0 0.43051109680822774 0.9025852843498927
  outer loop
    vertex -4962.924804594873 302.80619082106284 3983.540467711114
    vertex -5112.9248045948725 307.4017939253358 3981.3484774723847
    vertex -5112.9248045948725 302.80619082106284 3983.540467711114
  endloop
endfacet
facet normal 0.0 0.43051109680822774 0.9025852843498927
  outer loop
    vertex -5112.9248045948725 307.4017939253358 3981.3484774723847
    vertex -4962.924804594873 302.80619082106284 3983.540467711114
    vertex -4962.924804594873 307.4017939253358 3981.3484774723847
  endloop
endfacet
facet normal 0.0 0.3987490689252271 -0.9170600743851325
  outer loop
    vertex -4962.924804594873 -86.96377382429546 4026.8913124004757
    vertex -5112.9248045948725 -91.59820957965822 4024.8762023830827
    vertex -5112.9248045948725 -86.96377382429546 4026.8913124004757
  endloop
endfacet
facet normal 0.0 0.3987490689252271 -0.9170600743851325
  outer loop
    vertex -5112.9248045948725 -91.59820957965822 4024.8762023830827
    vertex -4962.924804594873 -86.96377382429546 4026.8913124004757
    vertex -4962.924804594873 -91.59820957965822 4024.8762023830827
  endloop
endfacet
facet normal 9.652189616603838e-13 -1.0 -4.583082456624848e-09
  outer loop
    vertex -4718.424824374835 145.31779042062757 4101.378215957981
    vertex -4808.083566712429 145.3177903045157 4126.6941997533495
    vertex -4808.083566481986 145.31779042054094 4101.3782058543
  endloop
endfacet
facet normal 9.652189616603838e-13 -1.0 -4.583082456624848e-09
  outer loop
    vertex -4808.083566712429 145.3177903045157 4126.6941997533495
    vertex -4718.424824374835 145.31779042062757 4101.378215957981
    vertex -4718.424824605279 145.31779030460234 4126.694209857033
  endloop
endfacet
facet normal 1.0 1.4438228390774215e-12 9.102684685509385e-09
  outer loop
    vertex -4808.083566481984 144.317790420541 4101.3782058543
    vertex -4808.083566712429 145.3177903045157 4126.6941997533495
    vertex -4808.083566712428 144.31779030451557 4126.6941997533495
  endloop
endfacet
facet normal 1.0 1.4438228390774215e-12 9.102684685509385e-09
  outer loop
    vertex -4808.083566712429 145.3177903045157 4126.6941997533495
    vertex -4808.083566481984 144.317790420541 4101.3782058543
    vertex -4808.083566481986 145.31779042054094 4101.3782058543
  endloop
endfacet
facet normal -2.1727422718235386e-15 -0.43051109680871885 0.9025852843496586
  outer loop
    vertex -5112.924804594872 -90.59820957965809 3981.348479144178
    vertex -4962.924804594873 -86.00260998037948 3983.540467711114
    vertex -5112.9248045948725 -86.00260998037948 3983.540467711114
  endloop
endfacet
facet normal -2.1727422718235386e-15 -0.43051109680871885 0.9025852843496586
  outer loop
    vertex -4962.924804594873 -86.00260998037948 3983.540467711114
    vertex -5112.924804594872 -90.59820957965809 3981.348479144178
    vertex -4962.9248045948725 -90.59820957965809 3981.3484791441783
  endloop
endfacet
facet normal 0.0003544885879979089 -0.10662015982965506 0.9942997615687836
  outer loop
    vertex -4962.924804594873 60.81741433550806 4024.1189575436615
    vertex -5112.9248045948725 60.3186973172195 4024.1189575436615
    vertex -4962.924804594873 52.34189245397296 4023.210115429264
  endloop
endfacet
facet normal 0.9999999964524913 2.0554552469948374e-05 -8.168554407401712e-05
  outer loop
    vertex -4718.426988911787 -61.596891212639804 4024.8773252977458
    vertex -4718.424824374829 71.98450743891574 4101.378215957981
    vertex -4718.424824605272 71.98450732289014 4126.694209857033
  endloop
endfacet
facet normal 0.9999999964524913 2.0554552469948374e-05 -8.168554407401712e-05
  outer loop
    vertex -4718.424824374829 71.98450743891574 4101.378215957981
    vertex -4718.426988911787 -61.596891212639804 4024.8773252977458
    vertex -4718.443104781885 278.3823010609958 4024.8799339676802
  endloop
endfacet
facet normal 0.9999999964524913 2.0554552469948374e-05 -8.168554407401712e-05
  outer loop
    vertex -4718.424824374829 71.98450743891574 4101.378215957981
    vertex -4718.443104781885 278.3823010609958 4024.8799339676802
    vertex -4718.424824374835 145.31779042062757 4101.378215957981
  endloop
endfacet
facet normal 0.9999999964524913 2.0554552469948374e-05 -8.168554407401712e-05
  outer loop
    vertex -4718.424824487703 -61.60098642389224 4161.709167444498
    vertex -4718.424824605272 71.98450732289014 4126.694209857033
    vertex -4718.424824487703 278.40179618996933 4161.708291633244
  endloop
endfacet
facet normal 0.9999999964524913 2.0554552469948374e-05 -8.168554407401712e-05
  outer loop
    vertex -4718.424824605272 71.98450732289014 4126.694209857033
    vertex -4718.424824487703 -61.60098642389224 4161.709167444498
    vertex -4718.426988911787 -61.596891212639804 4024.8773252977458
  endloop
endfacet
facet normal 0.9999999964524913 2.0554552469948374e-05 -8.168554407401712e-05
  outer loop
    vertex -4718.424824487703 278.40179618996933 4161.708291633244
    vertex -4718.424824605272 71.98450732289014 4126.694209857033
    vertex -4718.424824605279 145.31779030460234 4126.694209857033
  endloop
endfacet
facet normal 0.9999999964524913 2.0554552469948374e-05 -8.168554407401712e-05
  outer loop
    vertex -4718.424824487703 278.40179618996933 4161.708291633244
    vertex -4718.424824605279 145.31779030460234 4126.694209857033
    vertex -4718.424824374835 145.31779042062757 4101.378215957981
  endloop
endfacet
facet normal 0.9999999964524913 2.0554552469948374e-05 -8.168554407401712e-05
  outer loop
    vertex -4718.424824487703 278.40179618996933 4161.708291633244
    vertex -4718.424824374835 145.31779042062757 4101.378215957981
    vertex -4718.443104781885 278.3823010609958 4024.8799339676802
  endloop
endfacet
facet normal 0.0 -0.07845909572789686 0.9969173337331239
  outer loop
    vertex -4962.924804594873 76.81252951633067 4025.5183487937757
    vertex -5112.9248045948725 76.81252951633067 4025.5183487937757
    vertex -4962.924804594873 68.8088657747056 4024.888446796459
  endloop
endfacet
facet normal 1.0 1.8047785488319906e-12 -2.1261961022134935e-09
  outer loop
    vertex -4808.083566481977 71.98450743884679 4101.378205854298
    vertex -4808.083566428152 72.9845073067588 4126.694214218333
    vertex -4808.08356642815 71.98450730675866 4126.694214218333
  endloop
endfacet
facet normal 1.0 1.8047785488319906e-12 -2.1261961022134935e-09
  outer loop
    vertex -4808.083566428152 72.9845073067588 4126.694214218333
    vertex -4808.083566481977 71.98450743884679 4101.378205854298
    vertex -4808.083566481979 72.98450743884675 4101.378205854298
  endloop
endfacet
facet normal -1.5032984298855804e-18 -0.11320321376789183 0.9935718556765892
  outer loop
    vertex -4962.924804594873 52.34189245397296 4023.210115429264
    vertex -5112.9248045948725 60.3186973172195 4024.1189575436615
    vertex -5112.9248045948725 52.34189245397296 4023.210115429264
  endloop
endfacet
facet normal 0.8720315231590889 0.48944971408392857 6.996398044347946e-10
  outer loop
    vertex -4808.083566481979 72.98450743884675 4101.378205854298
    vertex -4828.242328427207 108.90050730675644 4126.6941997533495
    vertex -4808.083566428152 72.9845073067588 4126.694214218333
  endloop
endfacet
facet normal 0.8720315231590889 0.48944971408392857 6.996398044347946e-10
  outer loop
    vertex -4828.242328427207 108.90050730675644 4126.6941997533495
    vertex -4808.083566481979 72.98450743884675 4101.378205854298
    vertex -4828.242328481033 108.90050743884439 4101.3782058543
  endloop
endfacet
facet normal -9.034552662510046e-11 1.0 4.900329012192358e-09
  outer loop
    vertex -4808.08356642815 71.98450730675866 4126.694214218333
    vertex -4718.424824374829 71.98450743891574 4101.378215957981
    vertex -4808.083566481977 71.98450743884679 4101.378205854298
  endloop
endfacet
facet normal -9.034552662510046e-11 1.0 4.900329012192358e-09
  outer loop
    vertex -4718.424824374829 71.98450743891574 4101.378215957981
    vertex -4808.08356642815 71.98450730675866 4126.694214218333
    vertex -4718.424824605272 71.98450732289014 4126.694209857033
  endloop
endfacet
facet normal 0.8690841989092168 -0.494664184276894 6.075913918732596e-10
  outer loop
    vertex -4828.242328481033 108.90050743884439 4101.3782058543
    vertex -4808.083566712428 144.31779030451557 4126.6941997533495
    vertex -4828.242328427207 108.90050730675644 4126.6941997533495
  endloop
endfacet
facet normal 0.8690841989092168 -0.494664184276894 6.075913918732596e-10
  outer loop
    vertex -4808.083566712428 144.31779030451557 4126.6941997533495
    vertex -4828.242328481033 108.90050743884439 4101.3782058543
    vertex -4808.083566481984 144.317790420541 4101.3782058543
  endloop
endfacet
facet normal -1.1109940220028533e-07 -8.427504896795963e-10 0.9999999999999938
  outer loop
    vertex -4809.449747093679 108.40135765715277 4101.378206222011
    vertex -4808.083566481984 144.317790420541 4101.3782058543
    vertex -4828.242328481033 108.90050743884439 4101.3782058543
  endloop
endfacet
facet normal -1.1109940220028533e-07 -8.427504896795963e-10 0.9999999999999938
  outer loop
    vertex -4808.083566481984 144.317790420541 4101.3782058543
    vertex -4809.449747093679 108.40135765715277 4101.378206222011
    vertex -4809.367837970117 110.27738501984024 4101.378206231556
  endloop
endfacet
facet normal -1.1109940220028533e-07 -8.427504896795963e-10 0.9999999999999938
  outer loop
    vertex -4808.083566481984 144.317790420541 4101.3782058543
    vertex -4809.367837970117 110.27738501984024 4101.378206231556
    vertex -4809.122733977293 112.13913468152084 4101.378206259907
  endloop
endfacet
facet normal -1.1109940220028533e-07 -8.427504896795963e-10 0.9999999999999938
  outer loop
    vertex -4808.083566481984 144.317790420541 4101.3782058543
    vertex -4809.122733977293 112.13913468152084 4101.378206259907
    vertex -4808.716300504591 113.97243760311518 4101.378206306844
  endloop
endfacet
facet normal -1.1109940220028533e-07 -8.427504896795963e-10 0.9999999999999938
  outer loop
    vertex -4808.083566481984 144.317790420541 4101.3782058543
    vertex -4808.716300504591 113.97243760311518 4101.378206306844
    vertex -4808.151630756148 115.76334124241137 4101.378206372011
  endloop
endfacet
facet normal -1.1109940220028533e-07 -8.427504896795963e-10 0.9999999999999938
  outer loop
    vertex -4808.083566481984 144.317790420541 4101.3782058543
    vertex -4808.151630756148 115.76334124241137 4101.378206372011
    vertex -4807.433022209707 117.49821574133613 4101.378206454916
  endloop
endfacet
facet normal -1.1109940220028533e-07 -8.427504896795963e-10 0.9999999999999938
  outer loop
    vertex -4808.083566481979 72.98450743884675 4101.378205854298
    vertex -4809.449747093679 108.40135765715277 4101.378206222011
    vertex -4828.242328481033 108.90050743884439 4101.3782058543
  endloop
endfacet
facet normal -1.1109940220028533e-07 -8.427504896795963e-10 0.9999999999999938
  outer loop
    vertex -4809.449747093679 108.40135765715277 4101.378206222011
    vertex -4808.083566481979 72.98450743884675 4101.378205854298
    vertex -4809.3678379700905 106.52533029446602 4101.378206231345
  endloop
endfacet
facet normal -1.1109940220028533e-07 -8.427504896795963e-10 0.9999999999999938
  outer loop
    vertex -4809.3678379700905 106.52533029446602 4101.378206231345
    vertex -4808.083566481979 72.98450743884675 4101.378205854298
    vertex -4809.12273397724 104.66358063278541 4101.378206259483
  endloop
endfacet
facet normal -1.1109940220028533e-07 -8.427504896795963e-10 0.9999999999999938
  outer loop
    vertex -4809.12273397724 104.66358063278541 4101.378206259483
    vertex -4808.083566481979 72.98450743884675 4101.378205854298
    vertex -4808.716300504512 102.83027771119161 4101.378206306213
  endloop
endfacet
facet normal -1.1109940220028533e-07 -8.427504896795963e-10 0.9999999999999938
  outer loop
    vertex -4808.716300504512 102.83027771119161 4101.378206306213
    vertex -4808.083566481979 72.98450743884675 4101.378205854298
    vertex -4808.151630756043 101.03937407189777 4101.378206371178
  endloop
endfacet
facet normal -1.1109940220028533e-07 -8.427504896795963e-10 0.9999999999999938
  outer loop
    vertex -4808.151630756043 101.03937407189777 4101.378206371178
    vertex -4808.083566481979 72.98450743884675 4101.378205854298
    vertex -4807.433022209579 99.304499572975 4101.378206453886
  endloop
endfacet
facet normal -1.1109940220028533e-07 -8.427504896795963e-10 0.9999999999999938
  outer loop
    vertex -4807.433022209579 99.304499572975 4101.378206453886
    vertex -4808.083566481979 72.98450743884675 4101.378205854298
    vertex -4808.083566481977 71.98450743884679 4101.378205854298
  endloop
endfacet
facet normal -1.1109940220028533e-07 -8.427504896795963e-10 0.9999999999999938
  outer loop
    vertex -4807.433022209579 99.304499572975 4101.378206453886
    vertex -4808.083566481977 71.98450743884679 4101.378205854298
    vertex -4806.565943910063 97.63885765690634 4101.378206553705
  endloop
endfacet
facet normal -1.1109940220028533e-07 -8.427504896795963e-10 0.9999999999999938
  outer loop
    vertex -4806.565943910063 97.63885765690634 4101.378206553705
    vertex -4808.083566481977 71.98450743884679 4101.378205854298
    vertex -4805.556994846913 96.05512486441484 4101.37820666988
  endloop
endfacet
facet normal -1.1109940220028533e-07 -8.427504896795963e-10 0.9999999999999938
  outer loop
    vertex -4805.556994846913 96.05512486441484 4101.37820666988
    vertex -4808.083566481977 71.98450743884679 4101.378205854298
    vertex -4804.4138537317185 94.56535435833506 4101.37820680152
  endloop
endfacet
facet normal -1.1109940220028533e-07 -8.427504896795963e-10 0.9999999999999938
  outer loop
    vertex -4804.4138537317185 94.56535435833506 4101.37820680152
    vertex -4808.083566481977 71.98450743884679 4101.378205854298
    vertex -4803.145220558614 93.18088419176755 4101.378206947627
  endloop
endfacet
facet normal -1.1109940220028533e-07 -8.427504896795963e-10 0.9999999999999938
  outer loop
    vertex -4803.145220558614 93.18088419176755 4101.378206947627
    vertex -4808.083566481977 71.98450743884679 4101.378205854298
    vertex -4801.760750392067 91.91225101864485 4101.378207107089
  endloop
endfacet
facet normal -1.1109940220028533e-07 -8.427504896795963e-10 0.9999999999999938
  outer loop
    vertex -4801.760750392067 91.91225101864485 4101.378207107089
    vertex -4808.083566481977 71.98450743884679 4101.378205854298
    vertex -4800.270979886012 90.769109903436 4101.378207278693
  endloop
endfacet
facet normal -1.1109940220028533e-07 -8.427504896795963e-10 0.9999999999999938
  outer loop
    vertex -4800.270979886012 90.769109903436 4101.378207278693
    vertex -4808.083566481977 71.98450743884679 4101.378205854298
    vertex -4798.68724709355 89.76016084027444 4101.378207461132
  endloop
endfacet
facet normal -1.1109940220028533e-07 -8.427504896795963e-10 0.9999999999999938
  outer loop
    vertex -4798.68724709355 89.76016084027444 4101.378207461132
    vertex -4808.083566481977 71.98450743884679 4101.378205854298
    vertex -4797.021605177513 88.89308254075377 4101.378207653014
  endloop
endfacet
facet normal -1.1109940220028533e-07 -8.427504896795963e-10 0.9999999999999938
  outer loop
    vertex -4797.021605177513 88.89308254075377 4101.378207653014
    vertex -4808.083566481977 71.98450743884679 4101.378205854298
    vertex -4795.286730678626 88.17447399428652 4101.378207852886
  endloop
endfacet
facet normal -1.1109940220028533e-07 -8.427504896795963e-10 0.9999999999999938
  outer loop
    vertex -4795.286730678626 88.17447399428652 4101.378207852886
    vertex -4808.083566481977 71.98450743884679 4101.378205854298
    vertex -4793.495827039368 87.60980424582065 4101.378208059221
  endloop
endfacet
facet normal -1.1109940220028533e-07 -8.427504896795963e-10 0.9999999999999938
  outer loop
    vertex -4793.495827039368 87.60980424582065 4101.378208059221
    vertex -4808.083566481977 71.98450743884679 4101.378205854298
    vertex -4791.6625241178135 87.20337077309901 4101.378208270451
  endloop
endfacet
facet normal -1.1109940220028533e-07 -8.427504896795963e-10 0.9999999999999938
  outer loop
    vertex -4791.6625241178135 87.20337077309901 4101.378208270451
    vertex -4808.083566481977 71.98450743884679 4101.378205854298
    vertex -4718.424824374829 71.98450743891574 4101.378215957981
  endloop
endfacet
facet normal -1.1109940220028533e-07 -8.427504896795963e-10 0.9999999999999938
  outer loop
    vertex -4791.6625241178135 87.20337077309901 4101.378208270451
    vertex -4718.424824374829 71.98450743891574 4101.378215957981
    vertex -4789.8007744561755 86.95826678025837 4101.378208484969
  endloop
endfacet
facet normal -1.1109940220028533e-07 -8.427504896795963e-10 0.9999999999999938
  outer loop
    vertex -4789.8007744561755 86.95826678025837 4101.378208484969
    vertex -4718.424824374829 71.98450743891574 4101.378215957981
    vertex -4787.924747093532 86.87635765668445 4101.3782087011405
  endloop
endfacet
facet normal -1.1109940220028533e-07 -8.427504896795963e-10 0.9999999999999938
  outer loop
    vertex -4787.924747093532 86.87635765668445 4101.3782087011405
    vertex -4718.424824374829 71.98450743891574 4101.378215957981
    vertex -4784.99871973089 86.95826678026559 4101.378209038316
  endloop
endfacet
facet normal -1.1109940220028533e-07 -8.427504896795963e-10 0.9999999999999938
  outer loop
    vertex -4784.99871973089 86.95826678026559 4101.378209038316
    vertex -4718.424824374829 71.98450743891574 4101.378215957981
    vertex -4784.186970069253 87.20337077311056 4101.378209131867
  endloop
endfacet
facet normal -1.1109940220028533e-07 -8.427504896795963e-10 0.9999999999999938
  outer loop
    vertex -4784.186970069253 87.20337077311056 4101.378209131867
    vertex -4718.424824374829 71.98450743891574 4101.378215957981
    vertex -4782.353667147706 87.60980424583815 4101.378209343145
  endloop
endfacet
facet normal -1.1109940220028533e-07 -8.427504896795963e-10 0.9999999999999938
  outer loop
    vertex -4782.353667147706 87.60980424583815 4101.378209343145
    vertex -4718.424824374829 71.98450743891574 4101.378215957981
    vertex -4780.562763508457 88.17447399430962 4101.3782095495435
  endloop
endfacet
facet normal -1.1109940220028533e-07 -8.427504896795963e-10 0.9999999999999938
  outer loop
    vertex -4780.562763508457 88.17447399430962 4101.3782095495435
    vertex -4718.424824374829 71.98450743891574 4101.378215957981
    vertex -4778.82788900958 88.89308254078155 4101.378209749496
  endloop
endfacet
facet normal -1.1109940220028533e-07 -8.427504896795963e-10 0.9999999999999938
  outer loop
    vertex -4778.82788900958 88.89308254078155 4101.378209749496
    vertex -4718.424824374829 71.98450743891574 4101.378215957981
    vertex -4777.162247093554 89.76016084030873 4101.3782099414775
  endloop
endfacet
facet normal -1.1109940220028533e-07 -8.427504896795963e-10 0.9999999999999938
  outer loop
    vertex -4777.162247093554 89.76016084030873 4101.3782099414775
    vertex -4718.424824374829 71.98450743891574 4101.378215957981
    vertex -4775.578514301106 90.7691099034739 4101.37821012403
  endloop
endfacet
facet normal -1.1109940220028533e-07 -8.427504896795963e-10 0.9999999999999938
  outer loop
    vertex -4775.578514301106 90.7691099034739 4101.37821012403
    vertex -4718.424824374829 71.98450743891574 4101.378215957981
    vertex -4774.088743795068 91.9122510186878 4101.378210295761
  endloop
endfacet
facet normal -1.1109940220028533e-07 -8.427504896795963e-10 0.9999999999999938
  outer loop
    vertex -4774.088743795068 91.9122510186878 4101.378210295761
    vertex -4718.424824374829 71.98450743891574 4101.378215957981
    vertex -4772.704273628539 93.18088419181501 4101.3782104553675
  endloop
endfacet
facet normal -1.1109940220028533e-07 -8.427504896795963e-10 0.9999999999999938
  outer loop
    vertex -4772.704273628539 93.18088419181501 4101.3782104553675
    vertex -4718.424824374829 71.98450743891574 4101.378215957981
    vertex -4771.435640455454 94.56535435838721 4101.378210601633
  endloop
endfacet
facet normal -1.1109940220028533e-07 -8.427504896795963e-10 0.9999999999999938
  outer loop
    vertex -4771.435640455454 94.56535435838721 4101.378210601633
    vertex -4718.424824374829 71.98450743891574 4101.378215957981
    vertex -4770.29249934028 96.05512486446987 4101.378210733443
  endloop
endfacet
facet normal -1.1109940220028533e-07 -8.427504896795963e-10 0.9999999999999938
  outer loop
    vertex -4770.29249934028 96.05512486446987 4101.378210733443
    vertex -4718.424824374829 71.98450743891574 4101.378215957981
    vertex -4769.283550277151 97.63885765696499 4101.378210849795
  endloop
endfacet
facet normal -1.1109940220028533e-07 -8.427504896795963e-10 0.9999999999999938
  outer loop
    vertex -4769.283550277151 97.63885765696499 4101.378210849795
    vertex -4718.424824374829 71.98450743891574 4101.378215957981
    vertex -4768.416471977658 99.30449957303601 4101.378210949803
  endloop
endfacet
facet normal -1.1109940220028533e-07 -8.427504896795963e-10 0.9999999999999938
  outer loop
    vertex -4768.416471977658 99.30449957303601 4101.378210949803
    vertex -4718.424824374829 71.98450743891574 4101.378215957981
    vertex -4767.697863431219 101.03937407196184 4101.378211032706
  endloop
endfacet
facet normal -1.1109940220028533e-07 -8.427504896795963e-10 0.9999999999999938
  outer loop
    vertex -4767.697863431219 101.03937407196184 4101.378211032706
    vertex -4718.424824374829 71.98450743891574 4101.378215957981
    vertex -4767.133193682776 102.83027771125677 4101.3782110978755
  endloop
endfacet
facet normal -1.1109940220028533e-07 -8.427504896795963e-10 0.9999999999999938
  outer loop
    vertex -4767.133193682776 102.83027771125677 4101.3782110978755
    vertex -4718.424824374829 71.98450743891574 4101.378215957981
    vertex -4766.726760210074 104.663580632852 4101.378211144814
  endloop
endfacet
facet normal -1.1109940220028533e-07 -8.427504896795963e-10 0.9999999999999938
  outer loop
    vertex -4766.726760210074 104.663580632852 4101.378211144814
    vertex -4718.424824374829 71.98450743891574 4101.378215957981
    vertex -4766.48165621725 106.52533029453315 4101.378211173162
  endloop
endfacet
facet normal -1.1109940220028533e-07 -8.427504896795963e-10 0.9999999999999938
  outer loop
    vertex -4766.48165621725 106.52533029453315 4101.378211173162
    vertex -4718.424824374829 71.98450743891574 4101.378215957981
    vertex -4766.399747093687 108.40135765722063 4101.378211182706
  endloop
endfacet
facet normal -1.1109940220028533e-07 -8.427504896795963e-10 0.9999999999999938
  outer loop
    vertex -4766.399747093687 108.40135765722063 4101.378211182706
    vertex -4718.424824374829 71.98450743891574 4101.378215957981
    vertex -4718.424824374835 145.31779042062757 4101.378215957981
  endloop
endfacet
facet normal -1.1109940220028533e-07 -8.427504896795963e-10 0.9999999999999938
  outer loop
    vertex -4808.083566481984 144.317790420541 4101.3782058543
    vertex -4718.424824374835 145.31779042062757 4101.378215957981
    vertex -4808.083566481986 145.31779042054094 4101.3782058543
  endloop
endfacet
facet normal -1.1109940220028533e-07 -8.427504896795963e-10 0.9999999999999938
  outer loop
    vertex -4718.424824374835 145.31779042062757 4101.378215957981
    vertex -4808.083566481984 144.317790420541 4101.3782058543
    vertex -4791.662524118114 129.5993445412632 4101.378208272852
  endloop
endfacet
facet normal -1.1109940220028533e-07 -8.427504896795963e-10 0.9999999999999938
  outer loop
    vertex -4791.662524118114 129.5993445412632 4101.378208272852
    vertex -4808.083566481984 144.317790420541 4101.3782058543
    vertex -4793.495827039662 129.1929110685356 4101.378208061574
  endloop
endfacet
facet normal -1.1109940220028533e-07 -8.427504896795963e-10 0.9999999999999938
  outer loop
    vertex -4793.495827039662 129.1929110685356 4101.378208061574
    vertex -4808.083566481984 144.317790420541 4101.3782058543
    vertex -4795.28673067891 128.62824132006395 4101.378207855176
  endloop
endfacet
facet normal -1.1109940220028533e-07 -8.427504896795963e-10 0.9999999999999938
  outer loop
    vertex -4795.28673067891 128.62824132006395 4101.378207855176
    vertex -4808.083566481984 144.317790420541 4101.3782058543
    vertex -4797.021605177788 127.9096327735913 4101.378207655224
  endloop
endfacet
facet normal -1.1109940220028533e-07 -8.427504896795963e-10 0.9999999999999938
  outer loop
    vertex -4797.021605177788 127.9096327735913 4101.378207655224
    vertex -4808.083566481984 144.317790420541 4101.3782058543
    vertex -4798.687247093813 127.04255447406503 4101.378207463242
  endloop
endfacet
facet normal -1.1109940220028533e-07 -8.427504896795963e-10 0.9999999999999938
  outer loop
    vertex -4798.687247093813 127.04255447406503 4101.378207463242
    vertex -4808.083566481984 144.317790420541 4101.3782058543
    vertex -4800.270979886263 126.03360541089877 4101.378207280688
  endloop
endfacet
facet normal -1.1109940220028533e-07 -8.427504896795963e-10 0.9999999999999938
  outer loop
    vertex -4800.270979886263 126.03360541089877 4101.378207280688
    vertex -4808.083566481984 144.317790420541 4101.3782058543
    vertex -4801.760750392301 124.89046429568596 4101.378207108955
  endloop
endfacet
facet normal -1.1109940220028533e-07 -8.427504896795963e-10 0.9999999999999938
  outer loop
    vertex -4801.760750392301 124.89046429568596 4101.378207108955
    vertex -4808.083566481984 144.317790420541 4101.3782058543
    vertex -4803.145220558828 123.62183112255802 4101.378206949351
  endloop
endfacet
facet normal -1.1109940220028533e-07 -8.427504896795963e-10 0.9999999999999938
  outer loop
    vertex -4803.145220558828 123.62183112255802 4101.378206949351
    vertex -4808.083566481984 144.317790420541 4101.3782058543
    vertex -4804.413853731914 122.23736095598636 4101.378206803086
  endloop
endfacet
facet normal -1.1109940220028533e-07 -8.427504896795963e-10 0.9999999999999938
  outer loop
    vertex -4804.413853731914 122.23736095598636 4101.378206803086
    vertex -4808.083566481984 144.317790420541 4101.3782058543
    vertex -4805.5569948470875 120.74759044990351 4101.3782066712765
  endloop
endfacet
facet normal -1.1109940220028533e-07 -8.427504896795963e-10 0.9999999999999938
  outer loop
    vertex -4805.5569948470875 120.74759044990351 4101.3782066712765
    vertex -4808.083566481984 144.317790420541 4101.3782058543
    vertex -4806.5659439102155 119.16385765740804 4101.378206554925
  endloop
endfacet
facet normal -1.1109940220028533e-07 -8.427504896795963e-10 0.9999999999999938
  outer loop
    vertex -4806.5659439102155 119.16385765740804 4101.378206554925
    vertex -4808.083566481984 144.317790420541 4101.3782058543
    vertex -4807.433022209707 117.49821574133613 4101.378206454916
  endloop
endfacet
facet normal -1.1109940220028533e-07 -8.427504896795963e-10 0.9999999999999938
  outer loop
    vertex -4718.424824374835 145.31779042062757 4101.378215957981
    vertex -4791.662524118114 129.5993445412632 4101.378208272852
    vertex -4789.800774456478 129.84444853410926 4101.378208487397
  endloop
endfacet
facet normal -1.1109940220028533e-07 -8.427504896795963e-10 0.9999999999999938
  outer loop
    vertex -4718.424824374835 145.31779042062757 4101.378215957981
    vertex -4789.800774456478 129.84444853410926 4101.378208487397
    vertex -4787.924747093837 129.92635765768895 4101.378208703579
  endloop
endfacet
facet normal -1.1109940220028533e-07 -8.427504896795963e-10 0.9999999999999938
  outer loop
    vertex -4718.424824374835 145.31779042062757 4101.378215957981
    vertex -4787.924747093837 129.92635765768895 4101.378208703579
    vertex -4786.048719731192 129.84444853411503 4101.37820891975
  endloop
endfacet
facet normal -1.1109940220028533e-07 -8.427504896795963e-10 0.9999999999999938
  outer loop
    vertex -4718.424824374835 145.31779042062757 4101.378215957981
    vertex -4786.048719731192 129.84444853411503 4101.37820891975
    vertex -4784.186970069553 129.59934454127549 4101.378209134268
  endloop
endfacet
facet normal -1.1109940220028533e-07 -8.427504896795963e-10 0.9999999999999938
  outer loop
    vertex -4718.424824374835 145.31779042062757 4101.378215957981
    vertex -4784.186970069553 129.59934454127549 4101.378209134268
    vertex -4782.353667148001 129.19291106855292 4101.378209345497
  endloop
endfacet
facet normal -1.1109940220028533e-07 -8.427504896795963e-10 0.9999999999999938
  outer loop
    vertex -4718.424824374835 145.31779042062757 4101.378215957981
    vertex -4782.353667148001 129.19291106855292 4101.378209345497
    vertex -4780.562763508743 128.6282413200869 4101.378209551834
  endloop
endfacet
facet normal -1.1109940220028533e-07 -8.427504896795963e-10 0.9999999999999938
  outer loop
    vertex -4718.424824374835 145.31779042062757 4101.378215957981
    vertex -4780.562763508743 128.6282413200869 4101.378209551834
    vertex -4778.827889009855 127.9096327736209 4101.378209751704
  endloop
endfacet
facet normal -1.1109940220028533e-07 -8.427504896795963e-10 0.9999999999999938
  outer loop
    vertex -4718.424824374835 145.31779042062757 4101.378215957981
    vertex -4778.827889009855 127.9096327736209 4101.378209751704
    vertex -4777.162247093818 127.04255447409932 4101.3782099435875
  endloop
endfacet
facet normal -1.1109940220028533e-07 -8.427504896795963e-10 0.9999999999999938
  outer loop
    vertex -4718.424824374835 145.31779042062757 4101.378215957981
    vertex -4777.162247093818 127.04255447409932 4101.3782099435875
    vertex -4775.5785143013545 126.03360541093956 4101.378210126028
  endloop
endfacet
facet normal -1.1109940220028533e-07 -8.427504896795963e-10 0.9999999999999938
  outer loop
    vertex -4718.424824374835 145.31779042062757 4101.378215957981
    vertex -4775.5785143013545 126.03360541093956 4101.378210126028
    vertex -4774.088743795301 124.89046429572963 4101.378210297629
  endloop
endfacet
facet normal -1.1109940220028533e-07 -8.427504896795963e-10 0.9999999999999938
  outer loop
    vertex -4718.424824374835 145.31779042062757 4101.378215957981
    vertex -4774.088743795301 124.89046429572963 4101.378210297629
    vertex -4772.704273628755 123.62183112260712 4101.378210457092
  endloop
endfacet
facet normal -1.1109940220028533e-07 -8.427504896795963e-10 0.9999999999999938
  outer loop
    vertex -4718.424824374835 145.31779042062757 4101.378215957981
    vertex -4772.704273628755 123.62183112260712 4101.378210457092
    vertex -4771.435640455648 122.23736095603851 4101.3782106031995
  endloop
endfacet
facet normal -1.1109940220028533e-07 -8.427504896795963e-10 0.9999999999999938
  outer loop
    vertex -4718.424824374835 145.31779042062757 4101.378215957981
    vertex -4771.435640455648 122.23736095603851 4101.3782106031995
    vertex -4770.292499340454 120.74759044995946 4101.378210734841
  endloop
endfacet
facet normal -1.1109940220028533e-07 -8.427504896795963e-10 0.9999999999999938
  outer loop
    vertex -4718.424824374835 145.31779042062757 4101.378215957981
    vertex -4770.292499340454 120.74759044995946 4101.378210734841
    vertex -4769.283550277304 119.16385765746723 4101.378210851014
  endloop
endfacet
facet normal -1.1109940220028533e-07 -8.427504896795963e-10 0.9999999999999938
  outer loop
    vertex -4718.424824374835 145.31779042062757 4101.378215957981
    vertex -4769.283550277304 119.16385765746723 4101.378210851014
    vertex -4768.416471977787 117.49821574139857 4101.378210950833
  endloop
endfacet
facet normal -1.1109940220028533e-07 -8.427504896795963e-10 0.9999999999999938
  outer loop
    vertex -4718.424824374835 145.31779042062757 4101.378215957981
    vertex -4768.416471977787 117.49821574139857 4101.378210950833
    vertex -4767.697863431324 115.76334124247508 4101.378211033541
  endloop
endfacet
facet normal -1.1109940220028533e-07 -8.427504896795963e-10 0.9999999999999938
  outer loop
    vertex -4718.424824374835 145.31779042062757 4101.378215957981
    vertex -4767.697863431324 115.76334124247508 4101.378211033541
    vertex -4767.133193682856 113.97243760318088 4101.378211098506
  endloop
endfacet
facet normal -1.1109940220028533e-07 -8.427504896795963e-10 0.9999999999999938
  outer loop
    vertex -4718.424824374835 145.31779042062757 4101.378215957981
    vertex -4767.133193682856 113.97243760318088 4101.378211098506
    vertex -4766.726760210127 112.13913468158799 4101.3782111452365
  endloop
endfacet
facet normal -1.1109940220028533e-07 -8.427504896795963e-10 0.9999999999999938
  outer loop
    vertex -4718.424824374835 145.31779042062757 4101.378215957981
    vertex -4766.726760210127 112.13913468158799 4101.3782111452365
    vertex -4766.481656217276 110.27738501990756 4101.378211173374
  endloop
endfacet
facet normal -1.1109940220028533e-07 -8.427504896795963e-10 0.9999999999999938
  outer loop
    vertex -4718.424824374835 145.31779042062757 4101.378215957981
    vertex -4766.481656217276 110.27738501990756 4101.378211173374
    vertex -4766.399747093687 108.40135765722063 4101.378211182706
  endloop
endfacet
facet normal 0.9264782969331566 -0.3537632096447097 0.12841166930505526
  outer loop
    vertex -4973.377883658503 -16.597129343838926 4152.080336307377
    vertex -4982.753565952191 -40.34724440042239 4154.295471689804
    vertex -4982.241153424267 -40.3474413823476 4150.597920106486
  endloop
endfacet
facet normal 0.9264782969331566 -0.3537632096447097 0.12841166930505526
  outer loop
    vertex -4982.753565952191 -40.34724440042239 4154.295471689804
    vertex -4973.377883658503 -16.597129343838926 4152.080336307377
    vertex -4973.787813680842 -16.59697175829887 4155.038377574039
  endloop
endfacet
facet normal 0.7779334561794388 6.00482106892759e-20 0.6283466700450581
  outer loop
    vertex -4965.502404512433 233.40200246300418 4136.035767773404
    vertex -4967.414278152105 -16.597857996130884 4138.402789895415
    vertex -4965.502404512433 -16.597984095947268 4136.035767773404
  endloop
endfacet
facet normal 0.7779334561794388 6.00482106892759e-20 0.6283466700450581
  outer loop
    vertex -4967.414278152105 -16.597857996130884 4138.402789895415
    vertex -4965.502404512433 233.40200246300418 4136.035767773404
    vertex -4967.414278152105 233.40187636318763 4138.402789895415
  endloop
endfacet
facet normal 0.9995869960237278 -0.028737381618990938 -1.667167364675819e-05
  outer loop
    vertex -4718.541026526815 -65.56351957958111 4024.8770902951946
    vertex -4718.424824487703 -61.60098642389224 4161.709167444498
    vertex -4718.5388621027305 -65.56761479083336 4161.708932441949
  endloop
endfacet
facet normal 0.9995869960237278 -0.028737381618990938 -1.667167364675819e-05
  outer loop
    vertex -4718.424824487703 -61.60098642389224 4161.709167444498
    vertex -4718.541026526815 -65.56351957958111 4024.8770902951946
    vertex -4718.426988911787 -61.596891212639804 4024.8773252977458
  endloop
endfacet
facet normal 0.9862013550967289 -0.16555025455397251 -2.0554581344067385e-05
  outer loop
    vertex -4719.197974189158 -69.47703014706013 4024.8768866735304
    vertex -4718.5388621027305 -65.56761479083336 4161.708932441949
    vertex -4719.195809765074 -69.48112535831238 4161.708728820285
  endloop
endfacet
facet normal 0.9862013550967289 -0.16555025455397251 -2.0554581344067385e-05
  outer loop
    vertex -4718.5388621027305 -65.56761479083336 4161.708932441949
    vertex -4719.197974189158 -69.47703014706013 4024.8768866735304
    vertex -4718.541026526815 -65.56351957958111 4024.8770902951946
  endloop
endfacet
facet normal 0.9541795287138315 -0.2992347346233267 -2.4049070399443687e-05
  outer loop
    vertex -4720.385417599827 -73.26346955003403 4024.8767182805773
    vertex -4719.195809765074 -69.48112535831238 4161.708728820285
    vertex -4720.3832531757425 -73.2675647612863 4161.70856042733
  endloop
endfacet
facet normal 0.9541795287138315 -0.2992347346233267 -2.4049070399443687e-05
  outer loop
    vertex -4719.195809765074 -69.48112535831238 4161.708728820285
    vertex -4720.385417599827 -73.26346955003403 4024.8767182805773
    vertex -4719.197974189158 -69.47703014706013 4024.8768866735304
  endloop
endfacet
facet normal 0.9041266313415988 -0.4272645945606457 -2.7089105671660883e-05
  outer loop
    vertex -4722.080917714769 -76.8512856793282 4024.8765882984453
    vertex -4720.3832531757425 -73.2675647612863 4161.70856042733
    vertex -4722.078753290685 -76.85538089058063 4161.708430445199
  endloop
endfacet
facet normal 0.9041266313415988 -0.4272645945606457 -2.7089105671660883e-05
  outer loop
    vertex -4720.3832531757425 -73.2675647612863 4161.70856042733
    vertex -4722.080917714769 -76.8512856793282 4024.8765882984453
    vertex -4720.385417599827 -73.26346955003403 4024.8767182805773
  endloop
endfacet
facet normal 0.8369885094638992 -0.5472204621066535 -2.9617239802441143e-05
  outer loop
    vertex -4724.252434774091 -80.1726797973792 4024.8764991834005
    vertex -4722.078753290685 -76.85538089058063 4161.708430445199
    vertex -4724.250270350008 -80.17677500863147 4161.708341330154
  endloop
endfacet
facet normal 0.8369885094638992 -0.5472204621066535 -2.9617239802441143e-05
  outer loop
    vertex -4722.078753290685 -76.85538089058063 4161.708430445199
    vertex -4724.252434774091 -80.1726797973792 4024.8764991834005
    vertex -4722.080917714769 -76.8512856793282 4024.8765882984453
  endloop
endfacet
facet normal 0.7540338679797511 -0.6568355387323672 -3.158569880600488e-05
  outer loop
    vertex -4726.858933755395 -83.16488772674911 4024.876452619443
    vertex -4724.250270350008 -80.17677500863147 4161.708341330154
    vertex -4726.856769331311 -83.16898293800136 4161.7082947661975
  endloop
endfacet
facet normal 0.7540338679797511 -0.6568355387323672 -3.158569880600488e-05
  outer loop
    vertex -4724.250270350008 -80.17677500863147 4161.708341330154
    vertex -4726.858933755395 -83.16488772674911 4024.876452619443
    vertex -4724.252434774091 -80.1726797973792 4024.8764991834005
  endloop
endfacet
facet normal 0.6568302955648369 -0.7540384351888346 -3.2957284828956376e-05
  outer loop
    vertex -4726.858933755395 -83.16488772674911 4024.876452619443
    vertex -4729.848995385959 -85.77546111212209 4161.708291633244
    vertex -4729.851159810042 -85.77136590086965 4024.8764494864904
  endloop
endfacet
facet normal 0.6568302955648369 -0.7540384351888346 -3.2957284828956376e-05
  outer loop
    vertex -4729.848995385959 -85.77546111212209 4161.708291633244
    vertex -4726.858933755395 -83.16488772674911 4024.876452619443
    vertex -4726.856769331311 -83.16898293800136 4161.7082947661975
  endloop
endfacet
facet normal 0.5472146420494335 -0.8369923144154973 -3.3706079096340045e-05
  outer loop
    vertex -4729.848995385959 -85.77546111212209 4161.708291633244
    vertex -4733.172569028954 -87.94285986429475 4024.8764898437444
    vertex -4729.851159810042 -85.77136590086965 4024.8764494864904
  endloop
endfacet
facet normal 0.5472146420494335 -0.8369923144154973 -3.3706079096340045e-05
  outer loop
    vertex -4733.172569028954 -87.94285986429475 4024.8764898437444
    vertex -4729.848995385959 -85.77546111212209 4161.708291633244
    vertex -4733.17040460487 -87.94695507554718 4161.708331990499
  endloop
endfacet
facet normal 0.4272583075824108 -0.9041296021357567 -3.381793169397096e-05
  outer loop
    vertex -4733.17040460487 -87.94695507554718 4161.708331990499
    vertex -4736.760396949331 -89.63833503106945 4024.876572928578
    vertex -4733.172569028954 -87.94285986429475 4024.8764898437444
  endloop
endfacet
facet normal 0.4272583075824108 -0.9041296021357567 -3.381793169397096e-05
  outer loop
    vertex -4736.760396949331 -89.63833503106945 4024.876572928578
    vertex -4733.17040460487 -87.94695507554718 4161.708331990499
    vertex -4736.758232525247 -89.64243024232188 4161.708415075332
  endloop
endfacet
facet normal 0.2992280995158392 -0.9541816092085753 -3.329072894640691e-05
  outer loop
    vertex -4736.758232525247 -89.64243024232188 4161.708415075332
    vertex -4740.546844610795 -90.82575211274224 4024.876697170941
    vertex -4736.760396949331 -89.63833503106945 4024.876572928578
  endloop
endfacet
facet normal 0.2992280995158392 -0.9541816092085753 -3.329072894640691e-05
  outer loop
    vertex -4740.546844610795 -90.82575211274224 4024.876697170941
    vertex -4736.758232525247 -89.64243024232188 4161.708415075332
    vertex -4740.544680186711 -90.82984732399449 4161.708539317695
  endloop
endfacet
facet normal 0.16554339669014853 -0.9862025059690663 -3.213443337020227e-05
  outer loop
    vertex -4740.544680186711 -90.82984732399449 4161.708539317695
    vertex -4744.460359748111 -91.48267256279992 4024.876860223034
    vertex -4740.546844610795 -90.82575211274224 4024.876697170941
  endloop
endfacet
facet normal 0.16554339669014853 -0.9862025059690663 -3.213443337020227e-05
  outer loop
    vertex -4744.460359748111 -91.48267256279992 4024.876860223034
    vertex -4740.544680186711 -90.82984732399449 4161.708539317695
    vertex -4744.458195324027 -91.48676777405218 4161.708702369788
  endloop
endfacet
facet normal 0.028730424488622598 0.9995871854506819 -0.00014625829070677543
  outer loop
    vertex -4748.443104779979 308.38209244483613 4024.879667673606
    vertex -4744.458195324027 308.2875775401293 4161.707826558532
    vertex -4744.47647561821 308.2680824111556 4024.8794688929684
  endloop
endfacet
facet normal 0.028730424488622598 0.9995871854506819 -0.00014625829070677543
  outer loop
    vertex -4744.458195324027 308.2875775401293 4161.707826558532
    vertex -4748.443104779979 308.38209244483613 4024.879667673606
    vertex -4748.424824485796 308.40158757380976 4161.708025339169
  endloop
endfacet
facet normal 0.16554338929846246 0.9862024943241755 -0.00016262949476965053
  outer loop
    vertex -4744.47647561821 308.2680824111556 4024.8794688929684
    vertex -4740.544680186711 307.6306570900718 4161.7076635064395
    vertex -4740.562960480894 307.6111619610983 4024.8793058408755
  endloop
endfacet
facet normal 0.16554338929846246 0.9862024943241755 -0.00016262949476965053
  outer loop
    vertex -4740.544680186711 307.6306570900718 4161.7076635064395
    vertex -4744.47647561821 308.2680824111556 4024.8794688929684
    vertex -4744.458195324027 308.2875775401293 4161.707826558532
  endloop
endfacet
facet normal 0.2992280907898774 0.9541815963074115 -0.00017592749940292956
  outer loop
    vertex -4740.562960480894 307.6111619610983 4024.8793058408755
    vertex -4736.758232525247 306.44324000839896 4161.707539264075
    vertex -4736.77651281943 306.42374487942527 4024.879181598512
  endloop
endfacet
facet normal 0.2992280907898774 0.9541815963074115 -0.00017592749940292956
  outer loop
    vertex -4736.758232525247 306.44324000839896 4161.707539264075
    vertex -4740.562960480894 307.6111619610983 4024.8793058408755
    vertex -4740.544680186711 307.6306570900718 4161.7076635064395
  endloop
endfacet
facet normal 0.4272582975649536 0.9041295883902434 -0.00018590101306393444
  outer loop
    vertex -4736.77651281943 306.42374487942527 4024.879181598512
    vertex -4733.17040460487 304.7477648416243 4161.707456179242
    vertex -4733.1886848990525 304.7282697126506 4024.8790985136798
  endloop
endfacet
facet normal 0.4272582975649536 0.9041295883902434 -0.00018590101306393444
  outer loop
    vertex -4733.17040460487 304.7477648416243 4161.707456179242
    vertex -4736.77651281943 306.42374487942527 4024.879181598512
    vertex -4736.758232525247 306.44324000839896 4161.707539264075
  endloop
endfacet
facet normal 0.547214630885508 0.8369923002882791 -0.0001923615669052197
  outer loop
    vertex -4733.1886848990525 304.7282697126506 4024.8790985136798
    vertex -4729.848995385959 302.5762708781992 4161.707415821989
    vertex -4729.867275680142 302.5567757492255 4024.8790581564244
  endloop
endfacet
facet normal 0.547214630885508 0.8369923002882791 -0.0001923615669052197
  outer loop
    vertex -4729.848995385959 302.5762708781992 4161.707415821989
    vertex -4733.1886848990525 304.7282697126506 4024.8790985136798
    vertex -4733.17040460487 304.7477648416243 4161.707456179242
  endloop
endfacet
facet normal 0.6568302835061008 0.7540384211506074 -0.00019518707625767654
  outer loop
    vertex -4729.848995385959 302.5762708781992 4161.707415821989
    vertex -4726.875049625493 299.9502975751048 4024.8790612893786
    vertex -4729.867275680142 302.5567757492255 4024.8790581564244
  endloop
endfacet
facet normal 0.6568302835061008 0.7540384211506074 -0.00019518707625767654
  outer loop
    vertex -4726.875049625493 299.9502975751048 4024.8790612893786
    vertex -4729.848995385959 302.5762708781992 4161.707415821989
    vertex -4726.856769331311 299.9697927040785 4161.707418954942
  endloop
endfacet
facet normal 0.7540338553733297 0.6568355252184204 -0.00019432414765284666
  outer loop
    vertex -4726.875049625493 299.9502975751048 4024.8790612893786
    vertex -4724.250270350008 296.97758477470876 4161.707465518899
    vertex -4724.268550644189 296.95808964573524 4024.879107853335
  endloop
endfacet
facet normal 0.7540338553733297 0.6568355252184204 -0.00019432414765284666
  outer loop
    vertex -4724.250270350008 296.97758477470876 4161.707465518899
    vertex -4726.875049625493 299.9502975751048 4024.8790612893786
    vertex -4726.856769331311 299.9697927040785 4161.707418954942
  endloop
endfacet
facet normal 0.8369884967252106 0.5472204494806222 -0.00018978908780238558
  outer loop
    vertex -4724.268550644189 296.95808964573524 4024.879107853335
    vertex -4722.078753290685 293.6561906566577 4161.707554633945
    vertex -4722.097033584868 293.63669552768425 4024.8791969683807
  endloop
endfacet
facet normal 0.8369884967252106 0.5472204494806222 -0.00018978908780238558
  outer loop
    vertex -4722.078753290685 293.6561906566577 4161.707554633945
    vertex -4724.268550644189 296.95808964573524 4024.879107853335
    vertex -4724.250270350008 296.97758477470876 4161.707465518899
  endloop
endfacet
facet normal 0.9041266189171935 0.42726458308903714 -0.00018166759544109998
  outer loop
    vertex -4722.097033584868 293.63669552768425 4024.8791969683807
    vertex -4720.3832531757425 290.0683745273636 4161.707684616076
    vertex -4720.401533469925 290.0488793983899 4024.8793269505118
  endloop
endfacet
facet normal 0.9041266189171935 0.42726458308903714 -0.00018166759544109998
  outer loop
    vertex -4720.3832531757425 290.0683745273636 4161.707684616076
    vertex -4722.097033584868 293.63669552768425 4024.8791969683807
    vertex -4722.078753290685 293.6561906566577 4161.707554633945
  endloop
endfacet
facet normal 0.9541795170382265 0.29923472446595467 -0.00017011314188357976
  outer loop
    vertex -4720.401533469925 290.0488793983899 4024.8793269505118
    vertex -4719.195809765074 286.28193512438963 4161.707853009028
    vertex -4719.214090059257 286.262439995416 4024.879495343466
  endloop
endfacet
facet normal 0.9541795170382265 0.29923472446595467 -0.00017011314188357976
  outer loop
    vertex -4719.195809765074 286.28193512438963 4161.707853009028
    vertex -4720.401533469925 290.0488793983899 4024.8793269505118
    vertex -4720.3832531757425 290.0683745273636 4161.707684616076
  endloop
endfacet
facet normal 0.9862013445506717 0.16555024577048202 -0.000155344070901298
  outer loop
    vertex -4719.214090059257 286.262439995416 4024.879495343466
    vertex -4718.5388621027305 282.36842455691044 4161.708056630694
    vertex -4718.557142396913 282.348929427937 4024.87969896513
  endloop
endfacet
facet normal 0.9862013445506717 0.16555024577048202 -0.000155344070901298
  outer loop
    vertex -4718.5388621027305 282.36842455691044 4161.708056630694
    vertex -4719.214090059257 286.262439995416 4024.879495343466
    vertex -4719.195809765074 286.28193512438963 4161.707853009028
  endloop
endfacet
facet normal 0.9995869869001104 0.028737374189967572 -0.00013763947268738525
  outer loop
    vertex -4718.557142396913 282.348929427937 4024.87969896513
    vertex -4718.424824487703 278.40179618996933 4161.708291633244
    vertex -4718.443104781885 278.3823010609958 4024.8799339676802
  endloop
endfacet
facet normal 0.9995869869001104 0.028737374189967572 -0.00013763947268738525
  outer loop
    vertex -4718.424824487703 278.40179618996933 4161.708291633244
    vertex -4718.557142396913 282.348929427937 4024.87969896513
    vertex -4718.5388621027305 282.36842455691044 4161.708056630694
  endloop
endfacet
facet normal -0.9995869961342702 -0.028737382609880475 2.5959001380847152e-20
  outer loop
    vertex -5157.924784702092 -61.60098642389224 4161.709167444498
    vertex -5157.810747087065 -65.56761479083336 4024.8802644781526
    vertex -5157.810747087065 -65.56761479083336 4161.708932441949
  endloop
endfacet
facet normal -0.9995869961342702 -0.028737382609880475 2.5959001380847152e-20
  outer loop
    vertex -5157.810747087065 -65.56761479083336 4024.8802644781526
    vertex -5157.924784702092 -61.60098642389224 4161.709167444498
    vertex -5157.924784702092 -61.60098642389224 4024.880499480703
  endloop
endfacet
facet normal -0.9862013551304523 -0.1655502556290974 1.6906850617518537e-19
  outer loop
    vertex -5157.810747087065 -65.56761479083336 4161.708932441949
    vertex -5157.153799424721 -69.48112535831238 4024.8800608564875
    vertex -5157.153799424721 -69.48112535831238 4161.708728820285
  endloop
endfacet
facet normal -0.9862013551304523 -0.1655502556290974 1.6906850617518537e-19
  outer loop
    vertex -5157.153799424721 -69.48112535831238 4024.8800608564875
    vertex -5157.810747087065 -65.56761479083336 4161.708932441949
    vertex -5157.810747087065 -65.56761479083336 4024.8802644781526
  endloop
endfacet
facet normal -0.9541795286843852 -0.29923473568361797 -1.040310314630971e-19
  outer loop
    vertex -5157.153799424721 -69.48112535831238 4161.708728820285
    vertex -5155.9663560140525 -73.2675647612863 4024.8798924635344
    vertex -5155.9663560140525 -73.2675647612863 4161.70856042733
  endloop
endfacet
facet normal -0.9541795286843852 -0.29923473568361797 -1.040310314630971e-19
  outer loop
    vertex -5155.9663560140525 -73.2675647612863 4024.8798924635344
    vertex -5157.153799424721 -69.48112535831238 4161.708728820285
    vertex -5157.153799424721 -69.48112535831238 4024.8800608564875
  endloop
endfacet
facet normal -0.9041266312942118 -0.427264595519662 -2.0279012698912986e-19
  outer loop
    vertex -5155.9663560140525 -73.2675647612863 4161.70856042733
    vertex -5154.27085589911 -76.85538089058063 4024.8797624814033
    vertex -5154.27085589911 -76.85538089058063 4161.708430445199
  endloop
endfacet
facet normal -0.9041266312942118 -0.427264595519662 -2.0279012698912986e-19
  outer loop
    vertex -5154.27085589911 -76.85538089058063 4024.8797624814033
    vertex -5155.9663560140525 -73.2675647612863 4161.70856042733
    vertex -5155.9663560140525 -73.2675647612863 4024.8798924635344
  endloop
endfacet
facet normal -0.8369885094670768 -0.5472204629032812 6.75564053182382e-20
  outer loop
    vertex -5154.27085589911 -76.85538089058063 4161.708430445199
    vertex -5152.099338839788 -80.17677500863147 4024.8796733663576
    vertex -5152.099338839788 -80.17677500863147 4161.708341330154
  endloop
endfacet
facet normal -0.8369885094670768 -0.5472204629032812 6.75564053182382e-20
  outer loop
    vertex -5152.099338839788 -80.17677500863147 4024.8796733663576
    vertex -5154.27085589911 -76.85538089058063 4161.708430445199
    vertex -5154.27085589911 -76.85538089058063 4024.8797624814033
  endloop
endfacet
facet normal -0.754033868112352 -0.6568355393395856 -3.1374077210355617e-19
  outer loop
    vertex -5152.099338839788 -80.17677500863147 4161.708341330154
    vertex -5149.492839858484 -83.16898293800136 4024.879626802401
    vertex -5149.492839858484 -83.16898293800136 4161.7082947661975
  endloop
endfacet
facet normal -0.754033868112352 -0.6568355393395856 -3.1374077210355617e-19
  outer loop
    vertex -5149.492839858484 -83.16898293800136 4024.879626802401
    vertex -5152.099338839788 -80.17677500863147 4161.708341330154
    vertex -5152.099338839788 -80.17677500863147 4024.8796733663576
  endloop
endfacet
facet normal -0.656830295902035 -0.7540384356153506 -1.589613948032766e-16
  outer loop
    vertex -5146.500613803837 -85.77546111212209 4161.708291633244
    vertex -5149.492839858484 -83.16898293800136 4024.879626802401
    vertex -5146.500613803837 -85.77546111212209 4024.879623669447
  endloop
endfacet
facet normal -0.656830295902035 -0.7540384356153506 -1.589613948032766e-16
  outer loop
    vertex -5149.492839858484 -83.16898293800136 4024.879626802401
    vertex -5146.500613803837 -85.77546111212209 4161.708291633244
    vertex -5149.492839858484 -83.16898293800136 4161.7082947661975
  endloop
endfacet
facet normal -0.547214642579478 -0.8369923147476409 5.474151987448256e-12
  outer loop
    vertex -5143.179204584925 -87.94695507554718 4161.708331990499
    vertex -5144.922951808411 -86.80691592023354 3929.5379224895178
    vertex -5143.179204584925 -87.94695507554718 3929.5375965268977
  endloop
endfacet
facet normal -0.547214642579478 -0.8369923147476409 5.474151987448256e-12
  outer loop
    vertex -5144.922951808411 -86.80691592023354 3929.5379224895178
    vertex -5143.179204584925 -87.94695507554718 4161.708331990499
    vertex -5144.922951808411 -86.80691592023354 4024.8796640267014
  endloop
endfacet
facet normal -0.547214642579478 -0.8369923147476409 5.474151987448256e-12
  outer loop
    vertex -5144.922951808411 -86.80691592023354 4024.8796640267014
    vertex -5143.179204584925 -87.94695507554718 4161.708331990499
    vertex -5146.500613803837 -85.77546111212209 4161.708291633244
  endloop
endfacet
facet normal -0.547214642579478 -0.8369923147476409 5.474151987448256e-12
  outer loop
    vertex -5146.500613803837 -85.77546111212209 4161.708291633244
    vertex -5146.500613803837 -85.77546111212209 4024.879623669447
    vertex -5144.922951808411 -86.80691592023354 4024.8796640267014
  endloop
endfacet
facet normal -0.4272583084669124 -0.9041296023502343 -3.7436419219265673e-19
  outer loop
    vertex -5139.591376664548 -89.64243024232188 3929.5376796117307
    vertex -5143.179204584925 -87.94695507554718 4161.708331990499
    vertex -5143.179204584925 -87.94695507554718 3929.5375965268977
  endloop
endfacet
facet normal -0.4272583084669124 -0.9041296023502343 -3.7436419219265673e-19
  outer loop
    vertex -5143.179204584925 -87.94695507554718 4161.708331990499
    vertex -5139.591376664548 -89.64243024232188 3929.5376796117307
    vertex -5139.591376664548 -89.64243024232188 4161.708415075332
  endloop
endfacet
facet normal -0.2992281007842363 -0.9541816093915555 -3.017452934945377e-12
  outer loop
    vertex -5135.804929003084 -90.82984732399449 3929.537803854093
    vertex -5139.591376664548 -89.64243024232188 4161.708415075332
    vertex -5139.591376664548 -89.64243024232188 3929.5376796117307
  endloop
endfacet
facet normal -0.2992281007842363 -0.9541816093915555 -3.017452934945377e-12
  outer loop
    vertex -5139.591376664548 -89.64243024232188 4161.708415075332
    vertex -5135.804929003084 -90.82984732399449 3929.537803854093
    vertex -5135.804929003084 -90.82984732399449 4161.708539317695
  endloop
endfacet
facet normal -0.165543398077774 -0.9862025062596746 3.9443090147985194e-20
  outer loop
    vertex -5131.891413865768 -91.48676777405218 3929.5379669061863
    vertex -5135.804929003084 -90.82984732399449 4161.708539317695
    vertex -5135.804929003084 -90.82984732399449 3929.537803854093
  endloop
endfacet
facet normal -0.165543398077774 -0.9862025062596746 3.9443090147985194e-20
  outer loop
    vertex -5135.804929003084 -90.82984732399449 4161.708539317695
    vertex -5131.891413865768 -91.48676777405218 3929.5379669061863
    vertex -5131.891413865768 -91.48676777405218 4161.708702369788
  endloop
endfacet
facet normal 1.3004810644368884e-06 1.0133020949826978e-05 -0.9999999999478153
  outer loop
    vertex -4930.941157594174 -82.37040054040405 3929.5381791980026
    vertex -5144.922951808411 -86.80691592023354 3929.5379224895178
    vertex -5144.924804594388 -82.37040404502952 3929.538165127922
  endloop
endfacet
facet normal 1.3004810644368884e-06 1.0133020949826978e-05 -0.9999999999478153
  outer loop
    vertex -5144.922951808411 -86.80691592023354 3929.5379224895178
    vertex -4930.941157594174 -82.37040054040405 3929.5381791980026
    vertex -5143.179204584925 -87.94695507554718 3929.5375965268977
  endloop
endfacet
facet normal 1.3004810644368884e-06 1.0133020949826978e-05 -0.9999999999478153
  outer loop
    vertex -5143.179204584925 -87.94695507554718 3929.5375965268977
    vertex -4930.941157594174 -82.37040054040405 3929.5381791980026
    vertex -5139.591376664548 -89.64243024232188 3929.5376796117307
  endloop
endfacet
facet normal 1.3004810644368884e-06 1.0133020949826978e-05 -0.9999999999478153
  outer loop
    vertex -5139.591376664548 -89.64243024232188 3929.5376796117307
    vertex -4930.941157594174 -82.37040054040405 3929.5381791980026
    vertex -5135.804929003084 -90.82984732399449 3929.537803854093
  endloop
endfacet
facet normal 1.3004810644368884e-06 1.0133020949826978e-05 -0.9999999999478153
  outer loop
    vertex -5135.804929003084 -90.82984732399449 3929.537803854093
    vertex -4930.941157594174 -82.37040054040405 3929.5381791980026
    vertex -5131.891413865768 -91.48676777405218 3929.5379669061863
  endloop
endfacet
facet normal 1.3004810644368884e-06 1.0133020949826978e-05 -0.9999999999478153
  outer loop
    vertex -5131.891413865768 -91.48676777405218 3929.5379669061863
    vertex -4930.941157594174 -82.37040054040405 3929.5381791980026
    vertex -5127.902976669285 -91.5879823261399 3929.53816568754
  endloop
endfacet
facet normal 1.3004810644368884e-06 1.0133020949826978e-05 -0.9999999999478153
  outer loop
    vertex -5127.902976669285 -91.5879823261399 3929.53816568754
    vertex -4930.941157594174 -82.37040054040405 3929.5381791980026
    vertex -4930.941157594174 -91.59820957963801 3929.538172162963
  endloop
endfacet
facet normal -0.9999999999999187 -4.014007448985519e-07 4.120974007733094e-08
  outer loop
    vertex -5144.922951808411 -86.80691592023354 4024.8796640267014
    vertex -5144.924804594388 -51.79797226026164 3944.0458756008616
    vertex -5144.922951808411 -86.80691592023354 3929.5379224895178
  endloop
endfacet
facet normal -0.9999999999999187 -4.014007448985519e-07 4.120974007733094e-08
  outer loop
    vertex -5144.924804594388 -51.79797226026164 3944.0458756008616
    vertex -5144.922951808411 -86.80691592023354 4024.8796640267014
    vertex -5144.924804594388 -45.18691288018283 3946.784266057745
  endloop
endfacet
facet normal -0.9999999999999187 -4.014007448985519e-07 4.120974007733094e-08
  outer loop
    vertex -5144.924804594388 -45.18691288018283 3946.784266057745
    vertex -5144.922951808411 -86.80691592023354 4024.8796640267014
    vertex -5144.924804594388 -38.52906889323275 3949.4068605492143
  endloop
endfacet
facet normal -0.9999999999999187 -4.014007448985519e-07 4.120974007733094e-08
  outer loop
    vertex -5144.924804594388 -38.52906889323275 3949.4068605492143
    vertex -5144.922951808411 -86.80691592023354 4024.8796640267014
    vertex -5144.924804594388 -31.826468343183148 3951.912860207585
  endloop
endfacet
facet normal -0.9999999999999187 -4.014007448985519e-07 4.120974007733094e-08
  outer loop
    vertex -5144.924804594388 -31.826468343183148 3951.912860207585
    vertex -5144.922951808411 -86.80691592023354 4024.8796640267014
    vertex -5144.924804594388 -25.08115290709284 3954.3015016810828
  endloop
endfacet
facet normal -0.9999999999999187 -4.014007448985519e-07 4.120974007733094e-08
  outer loop
    vertex -5144.924804594388 -25.08115290709284 3954.3015016810828
    vertex -5144.922951808411 -86.80691592023354 4024.8796640267014
    vertex -5144.924804594388 -18.295177273386585 3956.5720573663757
  endloop
endfacet
facet normal -0.9999999999999187 -4.014007448985519e-07 4.120974007733094e-08
  outer loop
    vertex -5144.924804594388 -18.295177273386585 3956.5720573663757
    vertex -5144.922951808411 -86.80691592023354 4024.8796640267014
    vertex -5144.924804594388 -11.47060851598119 3958.723835630207
  endloop
endfacet
facet normal -0.9999999999999187 -4.014007448985519e-07 4.120974007733094e-08
  outer loop
    vertex -5144.924804594388 -11.47060851598119 3958.723835630207
    vertex -5144.922951808411 -86.80691592023354 4024.8796640267014
    vertex -5144.924804594388 -4.609525464628408 3960.756181020073
  endloop
endfacet
facet normal -0.9999999999999187 -4.014007448985519e-07 4.120974007733094e-08
  outer loop
    vertex -5144.924804594388 -4.609525464628408 3960.756181020073
    vertex -5144.922951808411 -86.80691592023354 4024.8796640267014
    vertex -5144.924804594388 2.285981928307148 3962.6684744638806
  endloop
endfacet
facet normal -0.9999999999999187 -4.014007448985519e-07 4.120974007733094e-08
  outer loop
    vertex -5144.924804594388 2.285981928307148 3962.6684744638806
    vertex -5144.922951808411 -86.80691592023354 4024.8796640267014
    vertex -5144.924804594388 9.213813224476226 3964.46013345852
  endloop
endfacet
facet normal -0.9999999999999187 -4.014007448985519e-07 4.120974007733094e-08
  outer loop
    vertex -5144.924804594388 9.213813224476226 3964.46013345852
    vertex -5144.922951808411 -86.80691592023354 4024.8796640267014
    vertex -5144.924804594388 16.171858139355543 3966.130612247309
  endloop
endfacet
facet normal -0.9999999999999187 -4.014007448985519e-07 4.120974007733094e-08
  outer loop
    vertex -5144.924804594388 16.171858139355543 3966.130612247309
    vertex -5144.922951808411 -86.80691592023354 4024.8796640267014
    vertex -5144.924804594388 23.157997185059354 3967.679401986223
  endloop
endfacet
facet normal -0.9999999999999187 -4.014007448985519e-07 4.120974007733094e-08
  outer loop
    vertex -5144.924804594388 23.157997185059354 3967.679401986223
    vertex -5144.922951808411 -86.80691592023354 4024.8796640267014
    vertex -5144.924808514896 303.60530687234046 4024.876088993928
  endloop
endfacet
facet normal -0.9999999999999187 -4.014007448985519e-07 4.120974007733094e-08
  outer loop
    vertex -5144.922951808411 -86.80691592023354 3929.5379224895178
    vertex -5144.924804594388 -51.79797226026164 3944.0458756008616
    vertex -5144.924804594388 -58.36023324073814 3941.1925233188276
  endloop
endfacet
facet normal -0.9999999999999187 -4.014007448985519e-07 4.120974007733094e-08
  outer loop
    vertex -5144.922951808411 -86.80691592023354 3929.5379224895178
    vertex -5144.924804594388 -58.36023324073814 3941.1925233188276
    vertex -5144.924804594388 -64.87169689334642 3938.2250783703894
  endloop
endfacet
facet normal -0.9999999999999187 -4.014007448985519e-07 4.120974007733094e-08
  outer loop
    vertex -5144.922951808411 -86.80691592023354 3929.5379224895178
    vertex -5144.924804594388 -64.87169689334642 3938.2250783703894
    vertex -5144.924804594388 -71.3303797631795 3935.1444446680207
  endloop
endfacet
facet normal -0.9999999999999187 -4.014007448985519e-07 4.120974007733094e-08
  outer loop
    vertex -5144.922951808411 -86.80691592023354 3929.5379224895178
    vertex -5144.924804594388 -71.3303797631795 3935.1444446680207
    vertex -5144.924804594388 -77.73431447287236 3931.9515606025925
  endloop
endfacet
facet normal -0.9999999999999187 -4.014007448985519e-07 4.120974007733094e-08
  outer loop
    vertex -5144.922951808411 -86.80691592023354 3929.5379224895178
    vertex -5144.924804594388 -77.73431447287236 3931.9515606025925
    vertex -5144.924804594388 -82.37040404502952 3929.538165127922
  endloop
endfacet
facet normal -0.9999999999999187 -4.014007448985519e-07 4.120974007733094e-08
  outer loop
    vertex -5144.924804594388 23.157997185059354 3967.679401986223
    vertex -5144.924808514896 303.60530687234046 4024.876088993928
    vertex -5144.924804594388 30.170102315957504 3969.106030898905
  endloop
endfacet
facet normal -0.9999999999999187 -4.014007448985519e-07 4.120974007733094e-08
  outer loop
    vertex -5144.924804594388 30.170102315957504 3969.106030898905
    vertex -5144.924808514896 303.60530687234046 4024.876088993928
    vertex -5144.924804594388 37.20603757689913 3970.410064420368
  endloop
endfacet
facet normal -0.9999999999999187 -4.014007448985519e-07 4.120974007733094e-08
  outer loop
    vertex -5144.924804594388 37.20603757689913 3970.410064420368
    vertex -5144.924808514896 303.60530687234046 4024.876088993928
    vertex -5144.924804594388 44.26365975384567 3971.591105329369
  endloop
endfacet
facet normal -0.9999999999999187 -4.014007448985519e-07 4.120974007733094e-08
  outer loop
    vertex -5144.924804594388 44.26365975384567 3971.591105329369
    vertex -5144.924808514896 303.60530687234046 4024.876088993928
    vertex -5144.924804594388 51.34081902671409 3972.6487938694077
  endloop
endfacet
facet normal -0.9999999999999187 -4.014007448985519e-07 4.120974007733094e-08
  outer loop
    vertex -5144.924804594388 51.34081902671409 3972.6487938694077
    vertex -5144.924808514896 303.60530687234046 4024.876088993928
    vertex -5144.924804594388 58.43535962422888 3973.582807858306
  endloop
endfacet
facet normal -0.9999999999999187 -4.014007448985519e-07 4.120974007733094e-08
  outer loop
    vertex -5144.924804594388 58.43535962422888 3973.582807858306
    vertex -5144.924808514896 303.60530687234046 4024.876088993928
    vertex -5144.924804594388 65.54512048060266 3974.3928627863556
  endloop
endfacet
facet normal -0.9999999999999187 -4.014007448985519e-07 4.120974007733094e-08
  outer loop
    vertex -5144.924804594388 65.54512048060266 3974.3928627863556
    vertex -5144.924808514896 303.60530687234046 4024.876088993928
    vertex -5144.924804594388 72.66793589380096 3975.0787119029783
  endloop
endfacet
facet normal -0.9999999999999187 -4.014007448985519e-07 4.120974007733094e-08
  outer loop
    vertex -5144.924804594388 72.66793589380096 3975.0787119029783
    vertex -5144.924808514896 303.60530687234046 4024.876088993928
    vertex -5144.924804594388 79.80163618524857 3975.6401462918907
  endloop
endfacet
facet normal -0.9999999999999187 -4.014007448985519e-07 4.120974007733094e-08
  outer loop
    vertex -5144.924804594388 79.80163618524857 3975.6401462918907
    vertex -5144.924808514896 303.60530687234046 4024.876088993928
    vertex -5144.924804594388 86.94404836073254 3976.0769949347377
  endloop
endfacet
facet normal -0.9999999999999187 -4.014007448985519e-07 4.120974007733094e-08
  outer loop
    vertex -5144.924804594388 86.94404836073254 3976.0769949347377
    vertex -5144.924808514896 303.60530687234046 4024.876088993928
    vertex -5144.924804594388 94.09299677231358 3976.3891247631914
  endloop
endfacet
facet normal -0.9999999999999187 -4.014007448985519e-07 4.120974007733094e-08
  outer loop
    vertex -5144.924804594388 94.09299677231358 3976.3891247631914
    vertex -5144.924808514896 303.60530687234046 4024.876088993928
    vertex -5144.924804594388 101.24630378105319 3976.576440699483
  endloop
endfacet
facet normal -0.9999999999999187 -4.014007448985519e-07 4.120974007733094e-08
  outer loop
    vertex -5144.924804594388 101.24630378105319 3976.576440699483
    vertex -5144.924808514896 303.60530687234046 4024.876088993928
    vertex -5144.924804594388 108.4017904203398 3976.638885685363
  endloop
endfacet
facet normal -0.9999999999999187 -4.014007448985519e-07 4.120974007733094e-08
  outer loop
    vertex -5144.924804594388 108.4017904203398 3976.638885685363
    vertex -5144.924808514896 303.60530687234046 4024.876088993928
    vertex -5144.924804594388 115.55727705962495 3976.576440699483
  endloop
endfacet
facet normal -0.9999999999999187 -4.014007448985519e-07 4.120974007733094e-08
  outer loop
    vertex -5144.924804594388 115.55727705962495 3976.576440699483
    vertex -5144.924808514896 303.60530687234046 4024.876088993928
    vertex -5144.924804594388 122.71058406836546 3976.3891247631914
  endloop
endfacet
facet normal -0.9999999999999187 -4.014007448985519e-07 4.120974007733094e-08
  outer loop
    vertex -5144.924804594388 122.71058406836546 3976.3891247631914
    vertex -5144.924808514896 303.60530687234046 4024.876088993928
    vertex -5144.924804594388 129.85953247994686 3976.0769949347377
  endloop
endfacet
facet normal -0.9999999999999187 -4.014007448985519e-07 4.120974007733094e-08
  outer loop
    vertex -5144.924804594388 129.85953247994686 3976.0769949347377
    vertex -5144.924808514896 303.60530687234046 4024.876088993928
    vertex -5144.924804594388 137.00194465543083 3975.6401462918907
  endloop
endfacet
facet normal -0.9999999999999187 -4.014007448985519e-07 4.120974007733094e-08
  outer loop
    vertex -5144.924804594388 137.00194465543083 3975.6401462918907
    vertex -5144.924808514896 303.60530687234046 4024.876088993928
    vertex -5144.924804594388 144.1356449468797 3975.0787119029783
  endloop
endfacet
facet normal -0.9999999999999187 -4.014007448985519e-07 4.120974007733094e-08
  outer loop
    vertex -5144.924804594388 144.1356449468797 3975.0787119029783
    vertex -5144.924808514896 303.60530687234046 4024.876088993928
    vertex -5144.924804594388 151.25846036007837 3974.3928627863556
  endloop
endfacet
facet normal -0.9999999999999187 -4.014007448985519e-07 4.120974007733094e-08
  outer loop
    vertex -5144.924804594388 151.25846036007837 3974.3928627863556
    vertex -5144.924808514896 303.60530687234046 4024.876088993928
    vertex -5144.924804594388 158.36822121644997 3973.582807858303
  endloop
endfacet
facet normal -0.9999999999999187 -4.014007448985519e-07 4.120974007733094e-08
  outer loop
    vertex -5144.924804594388 158.36822121644997 3973.582807858303
    vertex -5144.924808514896 303.60530687234046 4024.876088993928
    vertex -5144.924804594388 165.46276181396695 3972.648793869405
  endloop
endfacet
facet normal -0.9999999999999187 -4.014007448985519e-07 4.120974007733094e-08
  outer loop
    vertex -5144.924804594388 165.46276181396695 3972.648793869405
    vertex -5144.924808514896 303.60530687234046 4024.876088993928
    vertex -5144.924804594388 172.53992108683445 3971.5911053293703
  endloop
endfacet
facet normal -0.9999999999999187 -4.014007448985519e-07 4.120974007733094e-08
  outer loop
    vertex -5144.924804594388 172.53992108683445 3971.5911053293703
    vertex -5144.924808514896 303.60530687234046 4024.876088993928
    vertex -5144.924804594388 179.5975432637808 3970.410064420367
  endloop
endfacet
facet normal -0.9999999999999187 -4.014007448985519e-07 4.120974007733094e-08
  outer loop
    vertex -5144.924804594388 179.5975432637808 3970.410064420367
    vertex -5144.924808514896 303.60530687234046 4024.876088993928
    vertex -5144.924804594388 186.63347852472225 3969.106030898904
  endloop
endfacet
facet normal -0.9999999999999187 -4.014007448985519e-07 4.120974007733094e-08
  outer loop
    vertex -5144.924804594388 186.63347852472225 3969.106030898904
    vertex -5144.924808514896 303.60530687234046 4024.876088993928
    vertex -5144.924804594388 193.6455836556204 3967.679401986223
  endloop
endfacet
facet normal -0.9999999999999187 -4.014007448985519e-07 4.120974007733094e-08
  outer loop
    vertex -5144.924804594388 193.6455836556204 3967.679401986223
    vertex -5144.924808514896 303.60530687234046 4024.876088993928
    vertex -5144.924804594388 200.63172270132404 3966.130612247309
  endloop
endfacet
facet normal -0.9999999999999187 -4.014007448985519e-07 4.120974007733094e-08
  outer loop
    vertex -5144.924804594388 200.63172270132404 3966.130612247309
    vertex -5144.924808514896 303.60530687234046 4024.876088993928
    vertex -5144.924804594388 207.58976761620335 3964.46013345852
  endloop
endfacet
facet normal -0.9999999999999187 -4.014007448985519e-07 4.120974007733094e-08
  outer loop
    vertex -5144.924804594388 207.58976761620335 3964.46013345852
    vertex -5144.924808514896 303.60530687234046 4024.876088993928
    vertex -5144.924804594388 214.51759891237225 3962.6684744638806
  endloop
endfacet
facet normal -0.9999999999999187 -4.014007448985519e-07 4.120974007733094e-08
  outer loop
    vertex -5144.924804594388 214.51759891237225 3962.6684744638806
    vertex -5144.924808514896 303.60530687234046 4024.876088993928
    vertex -5144.924804594388 221.41310630530816 3960.756181020073
  endloop
endfacet
facet normal -0.9999999999999187 -4.014007448985519e-07 4.120974007733094e-08
  outer loop
    vertex -5144.924804594388 221.41310630530816 3960.756181020073
    vertex -5144.924808514896 303.60530687234046 4024.876088993928
    vertex -5144.924804594388 228.27418935666148 3958.7238356302064
  endloop
endfacet
facet normal -0.9999999999999187 -4.014007448985519e-07 4.120974007733094e-08
  outer loop
    vertex -5144.924804594388 228.27418935666148 3958.7238356302064
    vertex -5144.924808514896 303.60530687234046 4024.876088993928
    vertex -5144.924804594388 235.09875811406832 3956.5720573663757
  endloop
endfacet
facet normal -0.9999999999999187 -4.014007448985519e-07 4.120974007733094e-08
  outer loop
    vertex -5144.924804594388 235.09875811406832 3956.5720573663757
    vertex -5144.924808514896 303.60530687234046 4024.876088993928
    vertex -5144.924804594388 241.88473374777314 3954.3015016810828
  endloop
endfacet
facet normal -0.9999999999999187 -4.014007448985519e-07 4.120974007733094e-08
  outer loop
    vertex -5144.924804594388 241.88473374777314 3954.3015016810828
    vertex -5144.924808514896 303.60530687234046 4024.876088993928
    vertex -5144.924804594388 248.63004918386417 3951.912860207585
  endloop
endfacet
facet normal -0.9999999999999187 -4.014007448985519e-07 4.120974007733094e-08
  outer loop
    vertex -5144.924804594388 248.63004918386417 3951.912860207585
    vertex -5144.924808514896 303.60530687234046 4024.876088993928
    vertex -5144.924804594388 255.33264973391377 3949.4068605492157
  endloop
endfacet
facet normal -0.9999999999999187 -4.014007448985519e-07 4.120974007733094e-08
  outer loop
    vertex -5144.924804594388 255.33264973391377 3949.4068605492157
    vertex -5144.924808514896 303.60530687234046 4024.876088993928
    vertex -5144.924804594388 261.99049372086404 3946.7842660577435
  endloop
endfacet
facet normal -0.9999999999999187 -4.014007448985519e-07 4.120974007733094e-08
  outer loop
    vertex -5144.924804594388 261.99049372086404 3946.7842660577435
    vertex -5144.924808514896 303.60530687234046 4024.876088993928
    vertex -5144.924804594388 268.60155310094336 3944.0458756008616
  endloop
endfacet
facet normal -0.9999999999999187 -4.014007448985519e-07 4.120974007733094e-08
  outer loop
    vertex -5144.924804594388 268.60155310094336 3944.0458756008616
    vertex -5144.924808514896 303.60530687234046 4024.876088993928
    vertex -5144.924804594389 275.1638140814188 3941.192523318829
  endloop
endfacet
facet normal -0.9999999999999187 -4.014007448985519e-07 4.120974007733094e-08
  outer loop
    vertex -5144.924804594389 275.1638140814188 3941.192523318829
    vertex -5144.924808514896 303.60530687234046 4024.876088993928
    vertex -5144.924804594388 281.67527773402674 3938.22507837039
  endloop
endfacet
facet normal -0.9999999999999187 -4.014007448985519e-07 4.120974007733094e-08
  outer loop
    vertex -5144.924804594388 281.67527773402674 3938.22507837039
    vertex -5144.924808514896 303.60530687234046 4024.876088993928
    vertex -5144.924804594388 288.1339606038627 3935.144444668022
  endloop
endfacet
facet normal -0.9999999999999187 -4.014007448985519e-07 4.120974007733094e-08
  outer loop
    vertex -5144.924804594388 288.1339606038627 3935.144444668022
    vertex -5144.924808514896 303.60530687234046 4024.876088993928
    vertex -5144.924804594388 294.5378953135545 3931.951560602594
  endloop
endfacet
facet normal -0.9999999999999187 -4.014007448985519e-07 4.120974007733094e-08
  outer loop
    vertex -5144.924804594388 294.5378953135545 3931.951560602594
    vertex -5144.924808514896 303.60530687234046 4024.876088993928
    vertex -5144.924804594388 299.17398488611246 3929.538165127713
  endloop
endfacet
facet normal -0.9999999999999187 -4.014007448985519e-07 4.120974007733094e-08
  outer loop
    vertex -5144.924804594388 299.17398488611246 3929.538165127713
    vertex -5144.924808514896 303.60530687234046 4024.876088993928
    vertex -5144.922951812629 303.60825839004593 3929.5382696397864
  endloop
endfacet
facet normal -0.0020607413279678088 -1.0660079334856013e-05 -0.9999978766135166
  outer loop
    vertex -5157.810752932416 282.3672158136308 4024.876597266463
    vertex -5157.924784702092 -61.60098642389224 4024.880499480703
    vertex -5157.924790547444 278.4005874466895 4024.876832269013
  endloop
endfacet
facet normal -0.0020607413279678088 -1.0660079334856013e-05 -0.9999978766135166
  outer loop
    vertex -5157.924784702092 -61.60098642389224 4024.880499480703
    vertex -5157.810752932416 282.3672158136308 4024.876597266463
    vertex -5157.810747087065 -65.56761479083336 4024.8802644781526
  endloop
endfacet
facet normal -3.763554226418276e-05 -9.808803217148427e-06 -0.9999999992436768
  outer loop
    vertex -5157.153805270073 286.2807263811096 4024.8763936447986
    vertex -5157.810747087065 -65.56761479083336 4024.8802644781526
    vertex -5157.810752932416 282.3672158136308 4024.876597266463
  endloop
endfacet
facet normal -3.763554226418276e-05 -9.808803217148427e-06 -0.9999999992436768
  outer loop
    vertex -5157.810747087065 -65.56761479083336 4024.8802644781526
    vertex -5157.153805270073 286.2807263811096 4024.8763936447986
    vertex -5157.153799424721 -69.48112535831238 4024.8800608564875
  endloop
endfacet
facet normal -3.763554226418276e-05 -9.808803217148427e-06 -0.9999999992436768
  outer loop
    vertex -5157.153799424721 -69.48112535831238 4024.8800608564875
    vertex -5157.153805270073 286.2807263811096 4024.8763936447986
    vertex -5155.966361859404 290.0671657840837 4024.876225251844
  endloop
endfacet
facet normal -3.763554226418276e-05 -9.808803217148427e-06 -0.9999999992436768
  outer loop
    vertex -5157.153799424721 -69.48112535831238 4024.8800608564875
    vertex -5155.966361859404 290.0671657840837 4024.876225251844
    vertex -5155.9663560140525 -73.2675647612863 4024.8798924635344
  endloop
endfacet
facet normal -3.763554226418276e-05 -9.808803217148427e-06 -0.9999999992436768
  outer loop
    vertex -5155.9663560140525 -73.2675647612863 4024.8798924635344
    vertex -5155.966361859404 290.0671657840837 4024.876225251844
    vertex -5154.270861744461 293.65498191337787 4024.8760952697135
  endloop
endfacet
facet normal -3.763554226418276e-05 -9.808803217148427e-06 -0.9999999992436768
  outer loop
    vertex -5155.9663560140525 -73.2675647612863 4024.8798924635344
    vertex -5154.270861744461 293.65498191337787 4024.8760952697135
    vertex -5154.27085589911 -76.85538089058063 4024.8797624814033
  endloop
endfacet
facet normal -3.763554226418276e-05 -9.808803217148427e-06 -0.9999999992436768
  outer loop
    vertex -5154.27085589911 -76.85538089058063 4024.8797624814033
    vertex -5154.270861744461 293.65498191337787 4024.8760952697135
    vertex -5152.099344685139 296.9763760314289 4024.8760061546677
  endloop
endfacet
facet normal -3.763554226418276e-05 -9.808803217148427e-06 -0.9999999992436768
  outer loop
    vertex -5154.27085589911 -76.85538089058063 4024.8797624814033
    vertex -5152.099344685139 296.9763760314289 4024.8760061546677
    vertex -5152.099338839788 -80.17677500863147 4024.8796733663576
  endloop
endfacet
facet normal -3.763554226418276e-05 -9.808803217148427e-06 -0.9999999992436768
  outer loop
    vertex -5152.099338839788 -80.17677500863147 4024.8796733663576
    vertex -5152.099344685139 296.9763760314289 4024.8760061546677
    vertex -5149.492845703836 299.96858396079864 4024.8759595907113
  endloop
endfacet
facet normal -3.763554226418276e-05 -9.808803217148427e-06 -0.9999999992436768
  outer loop
    vertex -5152.099338839788 -80.17677500863147 4024.8796733663576
    vertex -5149.492845703836 299.96858396079864 4024.8759595907113
    vertex -5149.492839858484 -83.16898293800136 4024.879626802401
  endloop
endfacet
facet normal -3.763554226418276e-05 -9.808803217148427e-06 -0.9999999992436768
  outer loop
    vertex -5149.492839858484 -83.16898293800136 4024.879626802401
    vertex -5149.492845703836 299.96858396079864 4024.8759595907113
    vertex -5146.500619649188 302.57506213491934 4024.875956457757
  endloop
endfacet
facet normal -3.763554226418276e-05 -9.808803217148427e-06 -0.9999999992436768
  outer loop
    vertex -5149.492839858484 -83.16898293800136 4024.879626802401
    vertex -5146.500619649188 302.57506213491934 4024.875956457757
    vertex -5146.500613803837 -85.77546111212209 4024.879623669447
  endloop
endfacet
facet normal -3.763554226418276e-05 -9.808803217148427e-06 -0.9999999992436768
  outer loop
    vertex -5146.500613803837 -85.77546111212209 4024.879623669447
    vertex -5146.500619649188 302.57506213491934 4024.875956457757
    vertex -5144.924808514896 303.60530687234046 4024.876088993928
  endloop
endfacet
facet normal -3.763554226418276e-05 -9.808803217148427e-06 -0.9999999992436768
  outer loop
    vertex -5146.500613803837 -85.77546111212209 4024.879623669447
    vertex -5144.924808514896 303.60530687234046 4024.876088993928
    vertex -5144.922951808411 -86.80691592023354 4024.8796640267014
  endloop
endfacet
facet normal 0.48642000021940407 -0.34265603781905835 0.8037303174154246
  outer loop
    vertex -4960.424804566653 -40.349018234700246 4120.99879376578
    vertex -4958.573556277661 -16.598305424451357 4130.004104125448
    vertex -4963.735744198213 -40.348911483113184 4123.002629879068
  endloop
endfacet
facet normal 0.48642000021940407 -0.34265603781905835 0.8037303174154246
  outer loop
    vertex -4958.573556277661 -16.598305424451357 4130.004104125448
    vertex -4960.424804566653 -40.349018234700246 4120.99879376578
    vertex -4955.924804572416 -16.59839082571989 4128.40103523481
  endloop
endfacet
facet normal 0.5531234968436302 -0.3439095691298019 0.7588020858566671
  outer loop
    vertex -4963.735744198213 -40.348911483113184 4123.002629879068
    vertex -4961.065158514548 -16.598208664659047 4131.820384080813
    vertex -4966.850246994321 -40.34879053337225 4125.27297982327
  endloop
endfacet
facet normal 0.5531234968436302 -0.3439095691298019 0.7588020858566671
  outer loop
    vertex -4961.065158514548 -16.598208664659047 4131.820384080813
    vertex -4963.735744198213 -40.348911483113184 4123.002629879068
    vertex -4958.573556277661 -16.598305424451357 4130.004104125448
  endloop
endfacet
facet normal 0.028730659764484735 -0.9995871889270621 -3.0370898838721757e-05
  outer loop
    vertex -4744.460359748111 -91.48267256279992 4024.876860223034
    vertex -4748.322594576013 -91.5978403591499 4161.708471940167
    vertex -4748.324759000097 -91.59374514789747 4024.8766297934135
  endloop
endfacet
facet normal 0.028730659764484735 -0.9995871889270621 -3.0370898838721757e-05
  outer loop
    vertex -4748.322594576013 -91.5978403591499 4161.708471940167
    vertex -4744.460359748111 -91.48267256279992 4024.876860223034
    vertex -4744.458195324027 -91.48676777405218 4161.708702369788
  endloop
endfacet
facet normal 0.03044452428814028 -0.6784432222209426 0.7340217470643045
  outer loop
    vertex -4937.924804595477 -91.59799081668513 4077.868583950159
    vertex -4942.82731511876 -62.6926124272861 4104.78864790068
    vertex -4945.278570380405 -91.59797998371991 4078.173602680452
  endloop
endfacet
facet normal 0.03044452428814028 -0.6784432222209426 0.7340217470643045
  outer loop
    vertex -4942.82731511876 -62.6926124272861 4104.78864790068
    vertex -4937.924804595477 -91.59799081668513 4077.868583950159
    vertex -4937.9248045954755 -62.692623260251146 4104.585302080474
  endloop
endfacet
facet normal -0.030444524288155972 -0.6784432222209399 0.7340217470643062
  outer loop
    vertex -4930.571038810554 -91.59797998371991 4078.173602680452
    vertex -4937.9248045954755 -62.692623260251146 4104.585302080474
    vertex -4937.924804595477 -91.59799081668513 4077.868583950159
  endloop
endfacet
facet normal -0.030444524288155972 -0.6784432222209399 0.7340217470643062
  outer loop
    vertex -4937.9248045954755 -62.692623260251146 4104.585302080474
    vertex -4930.571038810554 -91.59797998371991 4078.173602680452
    vertex -4933.022294072193 -62.6926124272861 4104.78864790068
  endloop
endfacet
facet normal 0.0 0.13052619222002906 0.9914448613738134
  outer loop
    vertex -4962.924804594873 164.46168838670823 4023.210115429264
    vertex -5112.9248045948725 172.4214168619698 4022.1621972953785
    vertex -5112.9248045948725 164.46168838670823 4023.210115429264
  endloop
endfacet
facet normal 0.0 0.13052619222002906 0.9914448613738134
  outer loop
    vertex -5112.9248045948725 172.4214168619698 4022.1621972953785
    vertex -4962.924804594873 164.46168838670823 4023.210115429264
    vertex -4962.924804594873 172.4214168619698 4022.1621972953785
  endloop
endfacet
facet normal 0.0 0.1993679344172132 -0.9799247046208265
  outer loop
    vertex -4962.924804594873 12.997292732068235 4057.4524773980884
    vertex -5112.9248045948725 4.445945011461384 4055.712686041159
    vertex -5112.9248045948725 12.997292732068235 4057.4524773980884
  endloop
endfacet
facet normal 0.0 0.1993679344172132 -0.9799247046208265
  outer loop
    vertex -5112.9248045948725 4.445945011461384 4055.712686041159
    vertex -4962.924804594873 12.997292732068235 4057.4524773980884
    vertex -4962.924804594873 4.445945011461384 4055.712686041159
  endloop
endfacet
facet normal 0.6087614304831123 0.793353339114218 8.513249560765771e-06
  outer loop
    vertex -5075.691897676451 92.6988262763451 4066.380040338052
    vertex -5074.273243809698 91.60987931836102 4101.378186039947
    vertex -5074.27306848428 91.61012064331419 4066.3515315777336
  endloop
endfacet
facet normal 0.6087614304831123 0.793353339114218 8.513249560765771e-06
  outer loop
    vertex -5074.273243809698 91.60987931836102 4101.378186039947
    vertex -5075.691897676451 92.6988262763451 4066.380040338052
    vertex -5075.69207286304 92.69858514235825 4101.378186039947
  endloop
endfacet
facet normal 0.46174861227472364 -0.8870108336699885 -3.7998604310358324e-06
  outer loop
    vertex -5071.178601229061 126.98180586090164 4101.378186039948
    vertex -5072.764751389273 126.15625853373682 4066.3209948316653
    vertex -5071.178425579356 126.98204763192894 4066.2849401009958
  endloop
endfacet
facet normal 0.46174861227472364 -0.8870108336699885 -3.7998604310358324e-06
  outer loop
    vertex -5072.764751389273 126.15625853373682 4066.3209948316653
    vertex -5071.178601229061 126.98180586090164 4101.378186039948
    vertex -5072.764926863403 126.15601700422302 4101.378186039948
  endloop
endfacet
facet normal -0.7372773369918483 0.6755902074166549 9.642820502622896e-07
  outer loop
    vertex -5046.8110157804485 95.22535022774899 4101.378186039947
    vertex -5048.019062817581 93.90704813404696 4066.4116787408566
    vertex -5048.019237850105 93.90680721198444 4101.378186039947
  endloop
endfacet
facet normal -0.7372773369918483 0.6755902074166549 9.642820502622896e-07
  outer loop
    vertex -5048.019062817581 93.90704813404696 4066.4116787408566
    vertex -5046.8110157804485 95.22535022774899 4101.378186039947
    vertex -5046.81084091606 95.22559091853041 4066.446205998797
  endloop
endfacet
facet normal -0.7933533388578555 -0.6087614308219665 -8.166061088477919e-06
  outer loop
    vertex -5046.811015779609 121.57964222516786 4101.378186039948
    vertex -5045.72213527196 120.16105361402438 4066.483309781831
    vertex -5045.722309955669 120.16081317177596 4101.378186039948
  endloop
endfacet
facet normal -0.7933533388578555 -0.6087614308219665 -8.166061088477919e-06
  outer loop
    vertex -5045.72213527196 120.16105361402438 4066.483309781831
    vertex -5046.811015779609 121.57964222516786 4101.378186039948
    vertex -5046.810840914975 121.57988291628912 4066.4461564290004
  endloop
endfacet
facet normal -0.9990480532008582 0.04362324347884496 -4.894959687691888e-06
  outer loop
    vertex -5042.014926863968 108.40249622645771 4101.378186039948
    vertex -5042.092761717441 106.61604301189104 4066.6233003883212
    vertex -5042.092935553143 106.6158035001126 4101.378186039948
  endloop
endfacet
facet normal -0.9990480532008582 0.04362324347884496 -4.894959687691888e-06
  outer loop
    vertex -5042.092761717441 106.61604301189104 4066.6233003883212
    vertex -5042.014926863968 108.40249622645771 4101.378186039948
    vertex -5042.014752937882 108.40242305754035 4066.6388885474285
  endloop
endfacet
facet normal -0.6755902079293314 0.7372773365207419 1.698063102193877e-06
  outer loop
    vertex -5049.337780865893 92.69858514235825 4101.378186039948
    vertex -5048.019062817581 93.90704813404696 4066.4116787408566
    vertex -5049.3376056792995 92.69882627635015 4066.380040338052
  endloop
endfacet
facet normal -0.6755902079293314 0.7372773365207419 1.698063102193877e-06
  outer loop
    vertex -5048.019062817581 93.90704813404696 4066.4116787408566
    vertex -5049.337780865893 92.69858514235825 4101.378186039948
    vertex -5048.019237850105 93.90680721198444 4101.378186039947
  endloop
endfacet
facet normal -0.9762960069456279 -0.216439614630333 -6.37929511428729e-06
  outer loop
    vertex -5042.713447424873 113.70828665111425 4101.378186039948
    vertex -5042.326193849693 111.9625234769231 4066.6078137332975
    vertex -5042.326367927105 111.96228386866717 4101.378186039948
  endloop
endfacet
facet normal -0.9762960069456279 -0.216439614630333 -6.37929511428729e-06
  outer loop
    vertex -5042.326193849693 111.9625234769231 4066.6078137332975
    vertex -5042.713447424873 113.70828665111425 4101.378186039948
    vertex -5042.713273273257 113.70852636144123 4066.5925758982667
  endloop
endfacet
facet normal 0.043619387705794016 0.9990482215417591 7.10070581384534e-06
  outer loop
    vertex -5064.301443549842 87.98074722530056 4066.2045696492646
    vertex -5062.514926864619 87.90249622624724 4101.378186039947
    vertex -5062.514750806956 87.90273855844262 4066.201163717315
  endloop
endfacet
facet normal 0.043619387705794016 0.9990482215417591 7.10070581384534e-06
  outer loop
    vertex -5062.514926864619 87.90249622624724 4101.378186039947
    vertex -5064.301443549842 87.98074722530056 4066.2045696492646
    vertex -5064.301619590944 87.98050491536713 4101.378186039947
  endloop
endfacet
facet normal -0.608761429438602 0.7933533399576882 2.4188890537043996e-06
  outer loop
    vertex -5050.756609919305 91.60987931836102 4101.378186039948
    vertex -5049.3376056792995 92.69882627635015 4066.380040338052
    vertex -5050.756434593884 91.61012064331888 4066.351531577732
  endloop
endfacet
facet normal -0.608761429438602 0.7933533399576882 2.4188890537043996e-06
  outer loop
    vertex -5049.3376056792995 92.69882627635015 4066.380040338052
    vertex -5050.756609919305 91.60987931836102 4101.378186039948
    vertex -5049.337780865893 92.69858514235825 4101.378186039948
  endloop
endfacet
facet normal 0.4617486153026071 0.8870108320619264 8.422239312466748e-06
  outer loop
    vertex -5072.764751390812 90.64921697764473 4066.321077554776
    vertex -5071.178601230242 89.82318659201611 4101.378186039947
    vertex -5071.178425580947 89.82342836247904 4066.285022845195
  endloop
endfacet
facet normal 0.4617486153026071 0.8870108320619264 8.422239312466748e-06
  outer loop
    vertex -5071.178601230242 89.82318659201611 4101.378186039947
    vertex -5072.764751390812 90.64921697764473 4066.321077554776
    vertex -5072.764926864532 90.64897544869474 4101.378186039947
  endloop
endfacet
facet normal -0.38268343332107563 0.9238795321045898 4.449494853010523e-06
  outer loop
    vertex -5055.503513926404 89.1387975001488 4101.378186039948
    vertex -5053.851076849576 89.82342836248229 4066.285022845194
    vertex -5055.503338131594 89.13903947077321 4066.2551417808663
  endloop
endfacet
facet normal -0.38268343332107563 0.9238795321045898 4.449494853010523e-06
  outer loop
    vertex -5053.851076849576 89.82342836248229 4066.285022845194
    vertex -5055.503513926404 89.1387975001488 4101.378186039948
    vertex -5053.851252498874 89.82318659201611 4101.378186039948
  endloop
endfacet
facet normal 0.6755902091254667 0.737277335378085 8.46160981735448e-06
  outer loop
    vertex -5077.010440846231 93.90704813404136 4066.411678740855
    vertex -5075.69207286304 92.69858514235825 4101.378186039947
    vertex -5075.691897676451 92.6988262763451 4066.380040338052
  endloop
endfacet
facet normal 0.6755902091254667 0.737277335378085 8.46160981735448e-06
  outer loop
    vertex -5075.69207286304 92.69858514235825 4101.378186039947
    vertex -5077.010440846231 93.90704813404136 4066.411678740855
    vertex -5077.010615878752 93.90680721198372 4101.378186039947
  endloop
endfacet
facet normal -0.9762960070235067 0.21643961434640957 -3.3962726519980335e-06
  outer loop
    vertex -5042.3263679273305 104.84270858424843 4101.378186039948
    vertex -5042.713273273666 103.09694551202888 4066.5925903344087
    vertex -5042.713447425211 103.0967058017999 4101.378186039948
  endloop
endfacet
facet normal -0.9762960070235067 0.21643961434640957 -3.3962726519980335e-06
  outer loop
    vertex -5042.713273273666 103.09694551202888 4066.5925903344087
    vertex -5042.3263679273305 104.84270858424843 4101.378186039948
    vertex -5042.3261938499845 104.84294819241285 4066.607827149572
  endloop
endfacet
facet normal -0.043619387540518466 0.9990482215519831 6.664075580106196e-06
  outer loop
    vertex -5062.514926864619 87.90249622624724 4101.378186039947
    vertex -5060.728058097211 87.98074722474885 4066.2045696492414
    vertex -5062.514750806956 87.90273855844262 4066.201163717315
  endloop
endfacet
facet normal -0.043619387540518466 0.9990482215519831 6.664075580106196e-06
  outer loop
    vertex -5060.728058097211 87.98074722474885 4066.2045696492414
    vertex -5062.514926864619 87.90249622624724 4101.378186039947
    vertex -5060.728234138289 87.98050491536786 4101.378186039947
  endloop
endfacet
facet normal -0.9238795321904862 -0.38268343307066105 -7.262309547266347e-06
  outer loop
    vertex -5043.935617229441 117.06617059223166 4101.378186039948
    vertex -5043.25105391353 115.41414897474411 4066.5776904737863
    vertex -5043.251228137635 115.41390916470635 4101.378186039948
  endloop
endfacet
facet normal -0.9238795321904862 -0.38268343307066105 -7.262309547266347e-06
  outer loop
    vertex -5043.25105391353 115.41414897474411 4066.5776904737863
    vertex -5043.935617229441 117.06617059223166 4101.378186039948
    vertex -5043.935442935117 117.06641049886025 4066.563270746925
  endloop
endfacet
facet normal 0.3007057986169595 -0.9537169510145448 -5.065258659203861e-06
  outer loop
    vertex -5067.820717287939 128.20397566558879 4101.378186039948
    vertex -5069.526164006314 127.66643692395468 4066.255059019188
    vertex -5067.820541378382 128.20421779405643 4066.2315789993218
  endloop
endfacet
facet normal 0.3007057986169595 -0.9537169510145448 -5.065258659203861e-06
  outer loop
    vertex -5069.526164006314 127.66643692395468 4066.255059019188
    vertex -5067.820717287939 128.20397566558879 4101.378186039948
    vertex -5069.526339801531 127.66619495276879 4101.378186039948
  endloop
endfacet
facet normal -0.21643961465807285 0.9762960069440145 5.642477537250727e-06
  outer loop
    vertex -5058.955139222437 88.21393728950054 4101.378186039947
    vertex -5057.2089605308465 88.60125891523317 4066.2316617747333
    vertex -5058.95496323099 88.21417953061163 4066.2147615238205
  endloop
endfacet
facet normal -0.21643961465807285 0.9762960069440145 5.642477537250727e-06
  outer loop
    vertex -5057.2089605308465 88.60125891523317 4066.2316617747333
    vertex -5058.955139222437 88.21393728950054 4101.378186039947
    vertex -5057.209136439995 88.60101678732808 4101.378186039947
  endloop
endfacet
facet normal -0.13052619163490328 -0.9914448614226051 -7.483319497880439e-06
  outer loop
    vertex -5058.954963229295 128.59129740509377 4066.2146787385236
    vertex -5060.728234136991 128.82448753755045 4101.378186039948
    vertex -5060.728058095502 128.82472984749725 4066.2044868579824
  endloop
endfacet
facet normal -0.13052619163490328 -0.9914448614226051 -7.483319497880439e-06
  outer loop
    vertex -5060.728234136991 128.82448753755045 4101.378186039948
    vertex -5058.954963229295 128.59129740509377 4066.2146787385236
    vertex -5058.955139221152 128.59105516341722 4101.378186039948
  endloop
endfacet
facet normal 0.04361938718943514 -0.9990482215673117 -6.664075437894918e-06
  outer loop
    vertex -5062.514926863315 128.90249622666997 4101.378186039948
    vertex -5064.301443548156 128.8247298474958 4066.2044868579824
    vertex -5062.5147508052405 128.90273855943062 4066.201080924065
  endloop
endfacet
facet normal 0.04361938718943514 -0.9990482215673117 -6.664075437894918e-06
  outer loop
    vertex -5064.301443548156 128.8247298474958 4066.2044868579824
    vertex -5062.514926863315 128.90249622666997 4101.378186039948
    vertex -5064.301619589644 128.8244875375499 4101.378186039947
  endloop
endfacet
facet normal -0.9238795324192466 0.38268343258212956 -1.9882008616869318e-06
  outer loop
    vertex -5043.25122813808 101.39108328820906 4101.378186039947
    vertex -5043.935442935752 99.73906176719846 4066.5632871382304
    vertex -5043.935617229992 99.73882186068394 4101.378186039947
  endloop
endfacet
facet normal -0.9238795324192466 0.38268343258212956 -1.9882008616869318e-06
  outer loop
    vertex -5043.935442935752 99.73906176719846 4066.5632871382304
    vertex -5043.25122813808 101.39108328820906 4101.378186039947
    vertex -5043.251053914054 101.3913230981398 4066.5777059041266
  endloop
endfacet
facet normal -0.4617486111536372 -0.8870108342217434 -8.422239222713651e-06
  outer loop
    vertex -5052.26475138927 126.15625853374043 4066.3209948316653
    vertex -5053.851252497692 126.98180586090164 4101.378186039948
    vertex -5053.851076847985 126.982047631932 4066.2849401009944
  endloop
endfacet
facet normal -0.4617486111536372 -0.8870108342217434 -8.422239222713651e-06
  outer loop
    vertex -5053.851252497692 126.98180586090164 4101.378186039948
    vertex -5052.26475138927 126.15625853374043 4066.3209948316653
    vertex -5052.264926863402 126.15601700422302 4101.378186039948
  endloop
endfacet
facet normal -0.8433914457328937 0.537299608472135 -5.197741180880079e-07
  outer loop
    vertex -5044.761406086714 98.15249622635176 4101.378186039948
    vertex -5045.722135272955 96.64441972305022 4066.483359338591
    vertex -5045.722309956418 96.64417928114018 4101.378186039948
  endloop
endfacet
facet normal -0.8433914457328937 0.537299608472135 -5.197741180880079e-07
  outer loop
    vertex -5045.722135272955 96.64441972305022 4066.483359338591
    vertex -5044.761406086714 98.15249622635176 4101.378186039948
    vertex -5044.761231595587 98.15273640369406 4066.522856000893
  endloop
endfacet
facet normal 0.30070580089346366 0.9537169502760288 8.075364608539625e-06
  outer loop
    vertex -5069.526164007949 89.13903947077087 4066.2551417808663
    vertex -5067.820717289199 88.60101678732808 4101.378186039947
    vertex -5067.8205413800515 88.60125891523155 4066.2316617747333
  endloop
endfacet
facet normal 0.30070580089346366 0.9537169502760288 8.075364608539625e-06
  outer loop
    vertex -5067.820717289199 88.60101678732808 4101.378186039947
    vertex -5069.526164007949 89.13903947077087 4066.2551417808663
    vertex -5069.5263398027555 89.1387975001488 4101.378186039947
  endloop
endfacet
facet normal -0.9914448673518422 0.13052614674918486 -4.061819043992276e-06
  outer loop
    vertex -5042.092935553143 106.6158035001126 4101.378186039948
    vertex -5042.3261938499845 104.84294819241285 4066.607827149572
    vertex -5042.3263679273305 104.84270858424843 4101.378186039948
  endloop
endfacet
facet normal -0.9914448673518422 0.13052614674918486 -4.061819043992276e-06
  outer loop
    vertex -5042.3261938499845 104.84294819241285 4066.607827149572
    vertex -5042.092935553143 106.6158035001126 4101.378186039948
    vertex -5042.092761717441 106.61604301189104 4066.6233003883212
  endloop
endfacet
facet normal 0.21643961492831226 0.9762960068691786 7.809033733203233e-06
  outer loop
    vertex -5067.8205413800515 88.60125891523155 4066.2316617747333
    vertex -5066.074714506781 88.21393728949963 4101.378186039947
    vertex -5066.074538515335 88.21417953060964 4066.214761523819
  endloop
endfacet
facet normal 0.21643961492831226 0.9762960068691786 7.809033733203233e-06
  outer loop
    vertex -5066.074714506781 88.21393728949963 4101.378186039947
    vertex -5067.8205413800515 88.60125891523155 4066.2316617747333
    vertex -5067.820717289199 88.60101678732808 4101.378186039947
  endloop
endfacet
facet normal 0.13052619173471516 -0.9914448614184653 -6.176768517678888e-06
  outer loop
    vertex -5064.301619589644 128.8244875375499 4101.378186039947
    vertex -5066.07453851364 128.59129740509232 4066.2146787385245
    vertex -5064.301443548156 128.8247298474958 4066.2044868579824
  endloop
endfacet
facet normal 0.13052619173471516 -0.9914448614184653 -6.176768517678888e-06
  outer loop
    vertex -5066.07453851364 128.59129740509232 4066.2146787385245
    vertex -5064.301619589644 128.8244875375499 4101.378186039947
    vertex -5066.074714505497 128.59105516341722 4101.378186039948
  endloop
endfacet
facet normal -0.38268343059907023 -0.92387953320569 -8.280286473062112e-06
  outer loop
    vertex -5053.851076847985 126.982047631932 4066.2849401009944
    vertex -5055.503513925179 127.66619495276879 4101.378186039948
    vertex -5055.503338129959 127.66643692395756 4066.255059019189
  endloop
endfacet
facet normal -0.38268343059907023 -0.92387953320569 -8.280286473062112e-06
  outer loop
    vertex -5055.503513925179 127.66619495276879 4101.378186039948
    vertex -5053.851076847985 126.982047631932 4066.2849401009944
    vertex -5053.851252497692 126.98180586090164 4101.378186039948
  endloop
endfacet
facet normal 0.38268343139996835 -0.9238795329003385 -4.449494698393114e-06
  outer loop
    vertex -5069.526339801531 127.66619495276879 4101.378186039948
    vertex -5071.178425579356 126.98204763192894 4066.2849401009958
    vertex -5069.526164006314 127.66643692395468 4066.255059019188
  endloop
endfacet
facet normal 0.38268343139996835 -0.9238795329003385 -4.449494698393114e-06
  outer loop
    vertex -5071.178425579356 126.98204763192894 4066.2849401009958
    vertex -5069.526339801531 127.66619495276879 4101.378186039948
    vertex -5071.178601229061 126.98180586090164 4101.378186039948
  endloop
endfacet
facet normal -0.30070580038428407 0.9537169504573096 5.065258823690769e-06
  outer loop
    vertex -5057.209136439995 88.60101678732808 4101.378186039947
    vertex -5055.503338131594 89.13903947077321 4066.2551417808663
    vertex -5057.2089605308465 88.60125891523317 4066.2316617747333
  endloop
endfacet
facet normal -0.30070580038428407 0.9537169504573096 5.065258823690769e-06
  outer loop
    vertex -5055.503338131594 89.13903947077321 4066.2551417808663
    vertex -5057.209136439995 88.60101678732808 4101.378186039947
    vertex -5055.503513926404 89.1387975001488 4101.378186039948
  endloop
endfacet
facet normal 0.7372773365134073 -0.6755902079387817 -9.642894697487043e-07
  outer loop
    vertex -5078.218663083272 121.57988291660135 4066.446156428993
    vertex -5077.010615877832 122.89818524093242 4101.378186039948
    vertex -5078.218837947488 121.57964222516786 4101.378186039948
  endloop
endfacet
facet normal 0.7372773365134073 -0.6755902079387817 -9.642894697487043e-07
  outer loop
    vertex -5077.010615877832 122.89818524093242 4101.378186039948
    vertex -5078.218663083272 121.57988291660135 4066.446156428993
    vertex -5077.010440845064 122.898426163329 4066.411629158948
  endloop
endfacet
facet normal 0.6087614285647693 -0.7933533406282035 -2.418889017710835e-06
  outer loop
    vertex -5074.27324380863 125.19511313455673 4101.378186039948
    vertex -5075.691897675205 124.10664844488763 4066.3799907450452
    vertex -5074.273068482965 125.19535445985082 4066.3514819747256
  endloop
endfacet
facet normal 0.6087614285647693 -0.7933533406282035 -2.418889017710835e-06
  outer loop
    vertex -5075.691897675205 124.10664844488763 4066.3799907450452
    vertex -5074.27324380863 125.19511313455673 4101.378186039948
    vertex -5075.692072862043 124.10640731056023 4101.378186039948
  endloop
endfacet
facet normal 0.1305261926485622 0.9914448612891542 7.483327463929674e-06
  outer loop
    vertex -5066.074538515335 88.21417953060964 4066.214761523819
    vertex -5064.301619590944 87.98050491536713 4101.378186039947
    vertex -5064.301443549842 87.98074722530056 4066.2045696492646
  endloop
endfacet
facet normal 0.1305261926485622 0.9914448612891542 7.483327463929674e-06
  outer loop
    vertex -5064.301619590944 87.98050491536713 4101.378186039947
    vertex -5066.074538515335 88.21417953060964 4066.214761523819
    vertex -5066.074714506781 88.21393728949963 4101.378186039947
  endloop
endfacet
facet normal 0.5372996100095115 0.8433914447108029 8.500103116342684e-06
  outer loop
    vertex -5073.240091772633 90.95204206908953 4066.3342991838026
    vertex -5072.764926864532 90.64897544869474 4101.378186039947
    vertex -5072.764751390812 90.64921697764473 4066.321077554776
  endloop
endfacet
facet normal 0.5372996100095115 0.8433914447108029 8.500103116342684e-06
  outer loop
    vertex -5072.764926864532 90.64897544869474 4101.378186039947
    vertex -5073.240091772633 90.95204206908953 4066.3342991838026
    vertex -5074.27306848428 91.61012064331419 4066.3515315777336
  endloop
endfacet
facet normal 0.5372996100095115 0.8433914447108029 8.500103116342684e-06
  outer loop
    vertex -5072.764926864532 90.64897544869474 4101.378186039947
    vertex -5074.27306848428 91.61012064331419 4066.3515315777336
    vertex -5074.273243809698 91.60987931836102 4101.378186039947
  endloop
endfacet
facet normal -0.9990483878418502 -0.04361557891999646 -5.106252918783645e-06
  outer loop
    vertex -5042.014926863968 108.40249622645771 4101.378186039948
    vertex -5042.092761550973 110.1894284574038 4066.6232880097546
    vertex -5042.014752937882 108.40242305754035 4066.6388885474285
  endloop
endfacet
facet normal -0.9990483878418502 -0.04361557891999646 -5.106252918783645e-06
  outer loop
    vertex -5042.092761550973 110.1894284574038 4066.6232880097546
    vertex -5042.014926863968 108.40249622645771 4101.378186039948
    vertex -5042.092935553031 110.189188952803 4101.378186039948
  endloop
endfacet
facet normal -0.3007057981069069 -0.9537169511546268 -8.075364487986737e-06
  outer loop
    vertex -5055.503338129959 127.66643692395756 4066.255059019189
    vertex -5057.209136438736 128.2039756655897 4101.378186039948
    vertex -5057.208960529177 128.2042177940593 4066.2315789993218
  endloop
endfacet
facet normal -0.3007057981069069 -0.9537169511546268 -8.075364487986737e-06
  outer loop
    vertex -5057.209136438736 128.2039756655897 4101.378186039948
    vertex -5055.503338129959 127.66643692395756 4066.255059019189
    vertex -5055.503513925179 127.66619495276879 4101.378186039948
  endloop
endfacet
facet normal -0.9537169506460986 0.3007057998160391 -2.7025118294881747e-06
  outer loop
    vertex -5042.713447425211 103.0967058017999 4101.378186039948
    vertex -5043.251053914054 101.3913230981398 4066.5777059041266
    vertex -5043.25122813808 101.39108328820906 4101.378186039947
  endloop
endfacet
facet normal -0.9537169506460986 0.3007057998160391 -2.7025118294881747e-06
  outer loop
    vertex -5043.251053914054 101.3913230981398 4066.5777059041266
    vertex -5042.713447425211 103.0967058017999 4101.378186039948
    vertex -5042.713273273666 103.09694551202888 4066.5925903344087
  endloop
endfacet
facet normal 0.2164396132124453 -0.9762960072645025 -5.642477379361408e-06
  outer loop
    vertex -5066.074714505497 128.59105516341722 4101.378186039948
    vertex -5067.820541378382 128.20421779405643 4066.2315789993218
    vertex -5066.07453851364 128.59129740509232 4066.2146787385245
  endloop
endfacet
facet normal 0.2164396132124453 -0.9762960072645025 -5.642477379361408e-06
  outer loop
    vertex -5067.820541378382 128.20421779405643 4066.2315789993218
    vertex -5066.074714505497 128.59105516341722 4101.378186039948
    vertex -5067.820717287939 128.20397566558879 4101.378186039948
  endloop
endfacet
facet normal -0.7933533403369756 0.6087614289490697 2.2312447156768163e-07
  outer loop
    vertex -5045.722309956418 96.64417928114018 4101.378186039948
    vertex -5046.81084091606 95.22559091853041 4066.446205998797
    vertex -5046.8110157804485 95.22535022774899 4101.378186039947
  endloop
endfacet
facet normal -0.7933533403369756 0.6087614289490697 2.2312447156768163e-07
  outer loop
    vertex -5046.81084091606 95.22559091853041 4066.446205998797
    vertex -5045.722309956418 96.64417928114018 4101.378186039948
    vertex -5045.722135272955 96.64441972305022 4066.483359338591
  endloop
endfacet
facet normal -0.5372996066672191 -0.8433914468400778 -8.500103227452217e-06
  outer loop
    vertex -5051.786437378254 125.85153877159095 4066.3342991838035
    vertex -5052.264926863402 126.15601700422302 4101.378186039948
    vertex -5052.26475138927 126.15625853374043 4066.3209948316653
  endloop
endfacet
facet normal -0.5372996066672191 -0.8433914468400778 -8.500103227452217e-06
  outer loop
    vertex -5052.264926863402 126.15601700422302 4101.378186039948
    vertex -5051.786437378254 125.85153877159095 4066.3342991838035
    vertex -5050.7564345925675 125.19535445985532 4066.351481974726
  endloop
endfacet
facet normal -0.5372996066672191 -0.8433914468400778 -8.500103227452217e-06
  outer loop
    vertex -5052.264926863402 126.15601700422302 4101.378186039948
    vertex -5050.7564345925675 125.19535445985532 4066.351481974726
    vertex -5050.756609918238 125.19511313455673 4101.378186039948
  endloop
endfacet
facet normal -0.6087614275173914 -0.7933533413898959 -8.513249711794846e-06
  outer loop
    vertex -5049.3376056780535 124.10664844489196 4066.3799907450452
    vertex -5050.756609918238 125.19511313455673 4101.378186039948
    vertex -5050.7564345925675 125.19535445985532 4066.351481974726
  endloop
endfacet
facet normal -0.6087614275173914 -0.7933533413898959 -8.513249711794846e-06
  outer loop
    vertex -5050.756609918238 125.19511313455673 4101.378186039948
    vertex -5049.3376056780535 124.10664844489196 4066.3799907450452
    vertex -5049.337780864895 124.1064073105595 4101.378186039948
  endloop
endfacet
facet normal -0.8433914445065542 -0.537299610338917 -7.924389168247413e-06
  outer loop
    vertex -5045.722309955669 120.16081317177596 4101.378186039948
    vertex -5044.761231594688 118.65273640424293 4066.522806457988
    vertex -5044.7614060860615 118.65249622656367 4101.378186039948
  endloop
endfacet
facet normal -0.8433914445065542 -0.537299610338917 -7.924389168247413e-06
  outer loop
    vertex -5044.761231594688 118.65273640424293 4066.522806457988
    vertex -5045.722309955669 120.16081317177596 4101.378186039948
    vertex -5045.72213527196 120.16105361402438 4066.483309781831
  endloop
endfacet
facet normal 0.3826834341204688 0.9238795317470789 8.280286571854775e-06
  outer loop
    vertex -5071.178425580947 89.82342836247904 4066.285022845195
    vertex -5069.5263398027555 89.1387975001488 4101.378186039947
    vertex -5069.526164007949 89.13903947077087 4066.2551417808663
  endloop
endfacet
facet normal 0.3826834341204688 0.9238795317470789 8.280286571854775e-06
  outer loop
    vertex -5069.5263398027555 89.1387975001488 4101.378186039947
    vertex -5071.178425580947 89.82342836247904 4066.285022845195
    vertex -5071.178601230242 89.82318659201611 4101.378186039947
  endloop
endfacet
facet normal -0.9914448612701938 -0.1305261928754123 -5.863168553811472e-06
  outer loop
    vertex -5042.326367927105 111.96228386866717 4101.378186039948
    vertex -5042.092761550973 110.1894284574038 4066.6232880097546
    vertex -5042.092935553031 110.189188952803 4101.378186039948
  endloop
endfacet
facet normal -0.9914448612701938 -0.1305261928754123 -5.863168553811472e-06
  outer loop
    vertex -5042.092761550973 110.1894284574038 4066.6232880097546
    vertex -5042.326367927105 111.96228386866717 4101.378186039948
    vertex -5042.326193849693 111.9625234769231 4066.6078137332975
  endloop
endfacet
facet normal -0.13052619270195462 0.9914448612911259 6.17676866315225e-06
  outer loop
    vertex -5060.728234138289 87.98050491536786 4101.378186039947
    vertex -5058.95496323099 88.21417953061163 4066.2147615238205
    vertex -5060.728058097211 87.98074722474885 4066.2045696492414
  endloop
endfacet
facet normal -0.13052619270195462 0.9914448612911259 6.17676866315225e-06
  outer loop
    vertex -5058.95496323099 88.21417953061163 4066.2147615238205
    vertex -5060.728234138289 87.98050491536786 4101.378186039947
    vertex -5058.955139222437 88.21393728950054 4101.378186039947
  endloop
endfacet
facet normal 0.7933533403158959 -0.6087614289765413 -2.2313194925712457e-07
  outer loop
    vertex -5079.307369087814 120.16105361401843 4066.483309781831
    vertex -5078.218837947488 121.57964222516786 4101.378186039948
    vertex -5079.307543771518 120.1608131717765 4101.378186039948
  endloop
endfacet
facet normal 0.7933533403158959 -0.6087614289765413 -2.2313194925712457e-07
  outer loop
    vertex -5078.218837947488 121.57964222516786 4101.378186039948
    vertex -5079.307369087814 120.16105361401843 4066.483309781831
    vertex -5078.218663083272 121.57988291660135 4066.446156428993
  endloop
endfacet
facet normal -0.04361938717767896 -0.9990482215648171 -7.100697809820722e-06
  outer loop
    vertex -5060.728058095502 128.82472984749725 4066.2044868579824
    vertex -5062.514926863315 128.90249622666997 4101.378186039948
    vertex -5062.5147508052405 128.90273855943062 4066.201080924065
  endloop
endfacet
facet normal -0.04361938717767896 -0.9990482215648171 -7.100697809820722e-06
  outer loop
    vertex -5062.514926863315 128.90249622666997 4101.378186039948
    vertex -5060.728058095502 128.82472984749725 4066.2044868579824
    vertex -5060.728234136991 128.82448753755045 4101.378186039948
  endloop
endfacet
facet normal -0.4617486141840427 0.88701083267606 3.799860563868923e-06
  outer loop
    vertex -5053.851252498874 89.82318659201611 4101.378186039948
    vertex -5052.264751390809 90.64921697764834 4066.321077554776
    vertex -5053.851076849576 89.82342836248229 4066.285022845194
  endloop
endfacet
facet normal -0.4617486141840427 0.88701083267606 3.799860563868923e-06
  outer loop
    vertex -5052.264751390809 90.64921697764834 4066.321077554776
    vertex -5053.851252498874 89.82318659201611 4101.378186039948
    vertex -5052.264926864532 90.64897544869474 4101.378186039948
  endloop
endfacet
facet normal -0.6755902060861957 -0.737277338163064 -8.461609951107703e-06
  outer loop
    vertex -5048.01906281641 122.89842616333388 4066.411629158948
    vertex -5049.337780864895 124.1064073105595 4101.378186039948
    vertex -5049.3376056780535 124.10664844489196 4066.3799907450452
  endloop
endfacet
facet normal -0.6755902060861957 -0.737277338163064 -8.461609951107703e-06
  outer loop
    vertex -5049.337780864895 124.1064073105595 4101.378186039948
    vertex -5048.01906281641 122.89842616333388 4066.411629158948
    vertex -5048.019237849181 122.89818524093097 4101.378186039948
  endloop
endfacet
facet normal -0.2164396129416225 -0.976296007309617 -7.809033602990791e-06
  outer loop
    vertex -5057.208960529177 128.2042177940593 4066.2315789993218
    vertex -5058.955139221152 128.59105516341722 4101.378186039948
    vertex -5058.954963229295 128.59129740509377 4066.2146787385236
  endloop
endfacet
facet normal -0.2164396129416225 -0.976296007309617 -7.809033602990791e-06
  outer loop
    vertex -5058.955139221152 128.59105516341722 4101.378186039948
    vertex -5057.208960529177 128.2042177940593 4066.2315789993218
    vertex -5057.209136438736 128.2039756655897 4101.378186039948
  endloop
endfacet
facet normal 0.6755902072860951 -0.7372773371101595 -1.698063066921579e-06
  outer loop
    vertex -5075.692072862043 124.10640731056023 4101.378186039948
    vertex -5077.010440845064 122.898426163329 4066.411629158948
    vertex -5075.691897675205 124.10664844488763 4066.3799907450452
  endloop
endfacet
facet normal 0.6755902072860951 -0.7372773371101595 -1.698063066921579e-06
  outer loop
    vertex -5077.010440845064 122.898426163329 4066.411629158948
    vertex -5075.692072862043 124.10640731056023 4101.378186039948
    vertex -5077.010615877832 122.89818524093242 4101.378186039948
  endloop
endfacet
facet normal 6.529681672046422e-08 0.026176948307980306 -0.9996573249755524
  outer loop
    vertex -4930.924804595149 101.24630728567847 3976.576454769564
    vertex -5144.924804594388 94.09299677231358 3976.3891247631914
    vertex -5144.924804594388 101.24630378105319 3976.576440699483
  endloop
endfacet
facet normal 6.529681672046422e-08 0.026176948307980306 -0.9996573249755524
  outer loop
    vertex -5144.924804594388 94.09299677231358 3976.3891247631914
    vertex -4930.924804595149 101.24630728567847 3976.576454769564
    vertex -4930.924804595149 94.09300027693887 3976.3891388332718
  endloop
endfacet
facet normal 0.0 0.09584575252028617 0.995396198367173
  outer loop
    vertex -4962.924804594873 148.56423599170802 4024.8816291556027
    vertex -5112.9248045948725 156.48488352346007 4024.1189575436615
    vertex -5112.9248045948725 148.56423599170802 4024.8816291556027
  endloop
endfacet
facet normal 0.0 0.09584575252028617 0.995396198367173
  outer loop
    vertex -5112.9248045948725 156.48488352346007 4024.1189575436615
    vertex -4962.924804594873 148.56423599170802 4024.8816291556027
    vertex -4962.924804594873 156.48488352346007 4024.1189575436615
  endloop
endfacet
facet normal 0.0 0.07861189211971212 0.9969052966141562
  outer loop
    vertex -4962.924804594873 140.48976834263766 4025.5183487937757
    vertex -5112.9248045948725 148.56423599170802 4024.8816291556027
    vertex -5112.9248045948725 140.48976834263766 4025.5183487937757
  endloop
endfacet
facet normal 0.0 0.07861189211971212 0.9969052966141562
  outer loop
    vertex -5112.9248045948725 148.56423599170802 4024.8816291556027
    vertex -4962.924804594873 140.48976834263766 4025.5183487937757
    vertex -4962.924804594873 148.56423599170802 4024.8816291556027
  endloop
endfacet
facet normal 6.497111883801604e-08 0.04361938736526715 -0.9990482215818587
  outer loop
    vertex -4930.924804595149 94.09300027693887 3976.3891388332718
    vertex -5144.924804594388 86.94404836073254 3976.0769949347377
    vertex -5144.924804594388 94.09299677231358 3976.3891247631914
  endloop
endfacet
facet normal 6.497111883801604e-08 0.04361938736526715 -0.9990482215818587
  outer loop
    vertex -5144.924804594388 86.94404836073254 3976.0769949347377
    vertex -4930.924804595149 94.09300027693887 3976.3891388332718
    vertex -4930.924804595149 86.94405186535784 3976.0770090048186
  endloop
endfacet
facet normal 6.462563349050886e-08 0.061048539534763795 -0.9981347984218707
  outer loop
    vertex -4930.924804595149 86.94405186535784 3976.0770090048186
    vertex -5144.924804594388 79.80163618524857 3975.6401462918907
    vertex -5144.924804594388 86.94404836073254 3976.0769949347377
  endloop
endfacet
facet normal 6.462563349050886e-08 0.061048539534763795 -0.9981347984218707
  outer loop
    vertex -5144.924804594388 79.80163618524857 3975.6401462918907
    vertex -4930.924804595149 86.94405186535784 3976.0770090048186
    vertex -4930.924804595149 79.80163968987387 3975.6401603619724
  endloop
endfacet
facet normal 0.0 -0.07845909572782198 -0.9969173337331299
  outer loop
    vertex -4962.924804594873 151.979661794169 4064.736234720129
    vertex -5112.9248045948725 143.28002729240225 4065.4209108041678
    vertex -5112.9248045948725 151.979661794169 4064.736234720129
  endloop
endfacet
facet normal 0.0 -0.07845909572782198 -0.9969173337331299
  outer loop
    vertex -5112.9248045948725 143.28002729240225 4065.4209108041678
    vertex -4962.924804594873 151.979661794169 4064.736234720129
    vertex -4962.924804594873 143.28002729240225 4065.4209108041678
  endloop
endfacet
facet normal 0.0 -0.09584575252024824 -0.9953961983671765
  outer loop
    vertex -4962.924804594873 160.66602205416632 4063.8998333583922
    vertex -5112.9248045948725 151.979661794169 4064.736234720129
    vertex -5112.9248045948725 160.66602205416632 4063.8998333583922
  endloop
endfacet
facet normal 0.0 -0.09584575252024824 -0.9953961983671765
  outer loop
    vertex -5112.9248045948725 151.979661794169 4064.736234720129
    vertex -4962.924804594873 160.66602205416632 4063.8998333583922
    vertex -4962.924804594873 151.979661794169 4064.736234720129
  endloop
endfacet
facet normal 0.0 0.147809411129709 0.9890158633619023
  outer loop
    vertex -4962.924804594873 172.4214168619698 4022.1621972953785
    vertex -5112.9248045948725 180.36164433884622 4020.975522348019
    vertex -5112.9248045948725 172.4214168619698 4022.1621972953785
  endloop
endfacet
facet normal 0.0 0.147809411129709 0.9890158633619023
  outer loop
    vertex -5112.9248045948725 180.36164433884622 4020.975522348019
    vertex -4962.924804594873 172.4214168619698 4022.1621972953785
    vertex -4962.924804594873 180.36164433884622 4020.975522348019
  endloop
endfacet
facet normal 0.0 0.11320321376787033 0.9935718556765917
  outer loop
    vertex -4962.924804594873 156.48488352346007 4024.1189575436615
    vertex -5112.9248045948725 164.46168838670823 4023.210115429264
    vertex -5112.9248045948725 156.48488352346007 4024.1189575436615
  endloop
endfacet
facet normal 0.0 0.11320321376787033 0.9935718556765917
  outer loop
    vertex -5112.9248045948725 164.46168838670823 4023.210115429264
    vertex -4962.924804594873 156.48488352346007 4024.1189575436615
    vertex -4962.924804594873 164.46168838670823 4023.210115429264
  endloop
endfacet
facet normal 6.717930694948298e-08 -0.11320321376812642 -0.9935718556765604
  outer loop
    vertex -4930.924804595149 158.36822472107528 3973.5828219283853
    vertex -5144.924804594388 151.25846036007837 3974.3928627863556
    vertex -5144.924804594388 158.36822121644997 3973.582807858303
  endloop
endfacet
facet normal 6.717930694948298e-08 -0.11320321376812642 -0.9935718556765604
  outer loop
    vertex -5144.924804594388 151.25846036007837 3974.3928627863556
    vertex -4930.924804595149 158.36822472107528 3973.5828219283853
    vertex -4930.924804595149 151.2584638647035 3974.392876856436
  endloop
endfacet
facet normal 6.744649824545415e-08 -0.1478094111293286 -0.9890158633619568
  outer loop
    vertex -4930.924804595149 172.53992459145974 3971.591119399451
    vertex -5144.924804594388 165.46276181396695 3972.648793869405
    vertex -5144.924804594388 172.53992108683445 3971.5911053293703
  endloop
endfacet
facet normal 6.744649824545415e-08 -0.1478094111293286 -0.9890158633619568
  outer loop
    vertex -5144.924804594388 165.46276181396695 3972.648793869405
    vertex -4930.924804595149 172.53992459145974 3971.591119399451
    vertex -4930.924804595149 165.46276531859223 3972.648807939487
  endloop
endfacet
facet normal 0.0 0.06104853953492316 -0.9981347984218629
  outer loop
    vertex -4962.924804594873 82.23381229886851 4065.9536530515434
    vertex -5112.9248045948725 73.5235535482777 4065.4209108041678
    vertex -5112.9248045948725 82.23381229886851 4065.9536530515434
  endloop
endfacet
facet normal 0.0 0.06104853953492316 -0.9981347984218629
  outer loop
    vertex -5112.9248045948725 73.5235535482777 4065.4209108041678
    vertex -4962.924804594873 82.23381229886851 4065.9536530515434
    vertex -4962.924804594873 73.5235535482777 4065.4209108041678
  endloop
endfacet
facet normal 6.662518725365742e-08 -0.06104853953476378 -0.9981347984218705
  outer loop
    vertex -4930.924804595149 137.00194816005595 3975.6401603619724
    vertex -5144.924804594388 129.85953247994686 3976.0769949347377
    vertex -5144.924804594388 137.00194465543083 3975.6401462918907
  endloop
endfacet
facet normal 6.662518725365742e-08 -0.06104853953476378 -0.9981347984218705
  outer loop
    vertex -5144.924804594388 129.85953247994686 3976.0769949347377
    vertex -4930.924804595149 137.00194816005595 3975.6401603619724
    vertex -4930.924804595149 129.85953598457198 3976.0770090048186
  endloop
endfacet
facet normal 0.0 0.07845909572782281 -0.9969173337331299
  outer loop
    vertex -4962.924804594873 73.5235535482777 4065.4209108041678
    vertex -5112.9248045948725 64.82391904651111 4064.736234720129
    vertex -5112.9248045948725 73.5235535482777 4065.4209108041678
  endloop
endfacet
facet normal 0.0 0.07845909572782281 -0.9969173337331299
  outer loop
    vertex -5112.9248045948725 64.82391904651111 4064.736234720129
    vertex -4962.924804594873 73.5235535482777 4065.4209108041678
    vertex -4962.924804594873 64.82391904651111 4064.736234720129
  endloop
endfacet
facet normal 0.0 0.16504760586071787 -0.9862856015372248
  outer loop
    vertex -4962.924804594873 30.184557900225396 4060.483055971825
    vertex -5112.9248045948725 21.577701586875374 4059.0427621803597
    vertex -5112.9248045948725 30.184557900225396 4060.483055971825
  endloop
endfacet
facet normal 0.0 0.16504760586071787 -0.9862856015372248
  outer loop
    vertex -5112.9248045948725 21.577701586875374 4059.0427621803597
    vertex -4962.924804594873 30.184557900225396 4060.483055971825
    vertex -4962.924804594873 21.577701586875374 4059.0427621803597
  endloop
endfacet
facet normal 6.30479597682278e-08 0.13052619222008116 -0.9914448613738046
  outer loop
    vertex -4930.924804595149 58.43536312885417 3973.5828219283862
    vertex -5144.924804594388 51.34081902671409 3972.6487938694077
    vertex -5144.924804594388 58.43535962422888 3973.582807858306
  endloop
endfacet
facet normal 6.30479597682278e-08 0.13052619222008116 -0.9914448613738046
  outer loop
    vertex -5144.924804594388 51.34081902671409 3972.6487938694077
    vertex -4930.924804595149 58.43536312885417 3973.5828219283862
    vertex -4930.924804595149 51.34082253133938 3972.648807939488
  endloop
endfacet
facet normal 6.260521655856657e-08 0.147809411129752 -0.9890158633618938
  outer loop
    vertex -4930.924804595149 51.34082253133938 3972.648807939488
    vertex -5144.924804594388 44.26365975384567 3971.591105329369
    vertex -5144.924804594388 51.34081902671409 3972.6487938694077
  endloop
endfacet
facet normal 6.260521655856657e-08 0.147809411129752 -0.9890158633618938
  outer loop
    vertex -5144.924804594388 44.26365975384567 3971.591105329369
    vertex -4930.924804595149 51.34082253133938 3972.648807939488
    vertex -4930.924804595149 44.26366325847078 3971.59111939945
  endloop
endfacet
facet normal 0.0 0.18223552549206784 -0.9832549075639694
  outer loop
    vertex -4962.924804594873 21.577701586875374 4059.0427621803597
    vertex -5112.9248045948725 12.997292732068235 4057.4524773980884
    vertex -5112.9248045948725 21.577701586875374 4059.0427621803597
  endloop
endfacet
facet normal 0.0 0.18223552549206784 -0.9832549075639694
  outer loop
    vertex -5112.9248045948725 12.997292732068235 4057.4524773980884
    vertex -4962.924804594873 21.577701586875374 4059.0427621803597
    vertex -4962.924804594873 12.997292732068235 4057.4524773980884
  endloop
endfacet
facet normal 0.0 0.13052619222006567 -0.9914448613738086
  outer loop
    vertex -4962.924804594873 47.467118717766894 4062.9119614949173
    vertex -5112.9248045948725 38.81523994030829 4061.7729200450412
    vertex -5112.9248045948725 47.467118717766894 4062.9119614949173
  endloop
endfacet
facet normal 0.0 0.13052619222006567 -0.9914448613738086
  outer loop
    vertex -5112.9248045948725 38.81523994030829 4061.7729200450412
    vertex -4962.924804594873 47.467118717766894 4062.9119614949173
    vertex -4962.924804594873 38.81523994030829 4061.7729200450412
  endloop
endfacet
facet normal 6.615420527576489e-08 -0.026176948308027734 -0.999657324975551
  outer loop
    vertex -4930.924804595149 122.71058757299056 3976.3891388332718
    vertex -5144.924804594388 115.55727705962495 3976.576440699483
    vertex -5144.924804594388 122.71058406836546 3976.3891247631914
  endloop
endfacet
facet normal 6.615420527576489e-08 -0.026176948308027734 -0.999657324975551
  outer loop
    vertex -5144.924804594388 115.55727705962495 3976.576440699483
    vertex -4930.924804595149 122.71058757299056 3976.3891388332718
    vertex -4930.924804595149 115.55728056425023 3976.576454769565
  endloop
endfacet
facet normal 0.0 -0.14780941112970977 0.9890158633619021
  outer loop
    vertex -4962.924804594873 36.44193650183445 4020.975522348019
    vertex -5112.9248045948725 44.382163978710864 4022.1621972953785
    vertex -5112.9248045948725 36.44193650183445 4020.975522348019
  endloop
endfacet
facet normal 0.0 -0.14780941112970977 0.9890158633619021
  outer loop
    vertex -5112.9248045948725 44.382163978710864 4022.1621972953785
    vertex -4962.924804594873 36.44193650183445 4020.975522348019
    vertex -4962.924804594873 44.382163978710864 4022.1621972953785
  endloop
endfacet
facet normal 0.0 0.1132032137678596 -0.993571855676593
  outer loop
    vertex -4962.924804594873 56.13755878651416 4063.8998333583922
    vertex -5112.9248045948725 47.467118717766894 4062.9119614949173
    vertex -5112.9248045948725 56.13755878651416 4063.8998333583922
  endloop
endfacet
facet normal 0.0 0.1132032137678596 -0.993571855676593
  outer loop
    vertex -5112.9248045948725 47.467118717766894 4062.9119614949173
    vertex -4962.924804594873 56.13755878651416 4063.8998333583922
    vertex -4962.924804594873 47.467118717766894 4062.9119614949173
  endloop
endfacet
facet normal 0.0 -0.13052619222002176 0.9914448613738145
  outer loop
    vertex -4962.924804594873 44.382163978710864 4022.1621972953785
    vertex -5112.9248045948725 52.34189245397296 4023.210115429264
    vertex -5112.9248045948725 44.382163978710864 4022.1621972953785
  endloop
endfacet
facet normal 0.0 -0.13052619222002176 0.9914448613738145
  outer loop
    vertex -5112.9248045948725 52.34189245397296 4023.210115429264
    vertex -4962.924804594873 44.382163978710864 4022.1621972953785
    vertex -4962.924804594873 52.34189245397296 4023.210115429264
  endloop
endfacet
facet normal 6.166266035704503e-08 0.18223552549212355 -0.9832549075639571
  outer loop
    vertex -4930.924804595149 37.20604108152442 3970.410078490449
    vertex -5144.924804594388 30.170102315957504 3969.106030898905
    vertex -5144.924804594388 37.20603757689913 3970.410064420368
  endloop
endfacet
facet normal 6.166266035704503e-08 0.18223552549212355 -0.9832549075639571
  outer loop
    vertex -5144.924804594388 30.170102315957504 3969.106030898905
    vertex -4930.924804595149 37.20604108152442 3970.410078490449
    vertex -4930.924804595149 30.17010582058261 3969.1060449689867
  endloop
endfacet
facet normal 0.0 0.09584575252025221 -0.9953961983671761
  outer loop
    vertex -4962.924804594873 64.82391904651111 4064.736234720129
    vertex -5112.9248045948725 56.13755878651416 4063.8998333583922
    vertex -5112.9248045948725 64.82391904651111 4064.736234720129
  endloop
endfacet
facet normal 0.0 0.09584575252025221 -0.9953961983671761
  outer loop
    vertex -5112.9248045948725 56.13755878651416 4063.8998333583922
    vertex -4962.924804594873 64.82391904651111 4064.736234720129
    vertex -4962.924804594873 56.13755878651416 4063.8998333583922
  endloop
endfacet
facet normal 0.0 -0.16504760586068976 0.9862856015372294
  outer loop
    vertex -4962.924804594873 28.5236286935526 4019.650452059871
    vertex -5112.9248045948725 36.44193650183445 4020.975522348019
    vertex -5112.9248045948725 28.5236286935526 4019.650452059871
  endloop
endfacet
facet normal 0.0 -0.16504760586068976 0.9862856015372294
  outer loop
    vertex -5112.9248045948725 36.44193650183445 4020.975522348019
    vertex -4962.924804594873 28.5236286935526 4019.650452059871
    vertex -4962.924804594873 36.44193650183445 4020.975522348019
  endloop
endfacet
facet normal 0.0 0.14780941112961415 -0.9890158633619164
  outer loop
    vertex -4962.924804594873 38.81523994030829 4061.7729200450412
    vertex -5112.9248045948725 30.184557900225396 4060.483055971825
    vertex -5112.9248045948725 38.81523994030829 4061.7729200450412
  endloop
endfacet
facet normal 0.0 0.14780941112961415 -0.9890158633619164
  outer loop
    vertex -5112.9248045948725 30.184557900225396 4060.483055971825
    vertex -4962.924804594873 38.81523994030829 4061.7729200450412
    vertex -4962.924804594873 30.184557900225396 4060.483055971825
  endloop
endfacet
facet normal 6.426046086022913e-08 0.07845909572786439 -0.9969173337331245
  outer loop
    vertex -4930.924804595149 79.80163968987387 3975.6401603619724
    vertex -5144.924804594388 72.66793589380096 3975.0787119029783
    vertex -5144.924804594388 79.80163618524857 3975.6401462918907
  endloop
endfacet
facet normal 6.426046086022913e-08 0.07845909572786439 -0.9969173337331245
  outer loop
    vertex -5144.924804594388 72.66793589380096 3975.0787119029783
    vertex -4930.924804595149 79.80163968987387 3975.6401603619724
    vertex -4930.924804595149 72.66793939842626 3975.07872597306
  endloop
endfacet
facet normal 0.0 0.06104853953476905 0.9981347984218725
  outer loop
    vertex -4962.924804594873 132.4763302920942 4026.0084716613596
    vertex -5112.9248045948725 140.48976834263766 4025.5183487937757
    vertex -5112.9248045948725 132.4763302920942 4026.0084716613596
  endloop
endfacet
facet normal 0.0 0.06104853953476905 0.9981347984218725
  outer loop
    vertex -5112.9248045948725 140.48976834263766 4025.5183487937757
    vertex -4962.924804594873 132.4763302920942 4026.0084716613596
    vertex -4962.924804594873 140.48976834263766 4025.5183487937757
  endloop
endfacet
facet normal -0.8870108319179589 -0.46174861559306174 -7.622419597340785e-06
  outer loop
    vertex -5044.7614060860615 118.65249622656367 4101.378186039948
    vertex -5043.935442935117 117.06641049886025 4066.563270746925
    vertex -5043.935617229441 117.06617059223166 4101.378186039948
  endloop
endfacet
facet normal -0.8870108319179589 -0.46174861559306174 -7.622419597340785e-06
  outer loop
    vertex -5043.935442935117 117.06641049886025 4066.563270746925
    vertex -5044.7614060860615 118.65249622656367 4101.378186039948
    vertex -5043.967501084239 117.12799363898115 4066.562733252452
  endloop
endfacet
facet normal -0.8870108319179589 -0.46174861559306174 -7.622419597340785e-06
  outer loop
    vertex -5043.967501084239 117.12799363898115 4066.562733252452
    vertex -5044.7614060860615 118.65249622656367 4101.378186039948
    vertex -5044.761231594688 118.65273640424293 4066.522806457988
  endloop
endfacet
facet normal 6.116313444061992e-08 0.19936793441717132 -0.979924704620833
  outer loop
    vertex -4930.924804595149 30.17010582058261 3969.1060449689867
    vertex -5144.924804594388 23.157997185059354 3967.679401986223
    vertex -5144.924804594388 30.170102315957504 3969.106030898905
  endloop
endfacet
facet normal 6.116313444061992e-08 0.19936793441717132 -0.979924704620833
  outer loop
    vertex -5144.924804594388 23.157997185059354 3967.679401986223
    vertex -4930.924804595149 30.17010582058261 3969.1060449689867
    vertex -4930.924804595149 23.158000689684464 3967.679416056305
  endloop
endfacet
facet normal 6.214340321962678e-08 0.16504760586062822 -0.9862856015372379
  outer loop
    vertex -4930.924804595149 44.26366325847078 3971.59111939945
    vertex -5144.924804594388 37.20603757689913 3970.410064420368
    vertex -5144.924804594388 44.26365975384567 3971.591105329369
  endloop
endfacet
facet normal 6.214340321962678e-08 0.16504760586062822 -0.9862856015372379
  outer loop
    vertex -5144.924804594388 37.20603757689913 3970.410064420368
    vertex -4930.924804595149 44.26366325847078 3971.59111939945
    vertex -4930.924804595149 37.20604108152442 3970.410078490449
  endloop
endfacet
facet normal 6.38757088294648e-08 0.09584575252019004 -0.99539619836718
  outer loop
    vertex -4930.924804595149 72.66793939842626 3975.07872597306
    vertex -5144.924804594388 65.54512048060266 3974.3928627863556
    vertex -5144.924804594388 72.66793589380096 3975.0787119029783
  endloop
endfacet
facet normal 6.38757088294648e-08 0.09584575252019004 -0.99539619836718
  outer loop
    vertex -5144.924804594388 65.54512048060266 3974.3928627863556
    vertex -4930.924804595149 72.66793939842626 3975.07872597306
    vertex -4930.924804595149 65.54512398522776 3974.392876856436
  endloop
endfacet
facet normal -0.7372773353008835 -0.6755902092111608 -8.345587982745259e-06
  outer loop
    vertex -5048.019237849181 122.89818524093097 4101.378186039948
    vertex -5046.810840914975 121.57988291628912 4066.4461564290004
    vertex -5046.811015779609 121.57964222516786 4101.378186039948
  endloop
endfacet
facet normal -0.7372773353008835 -0.6755902092111608 -8.345587982745259e-06
  outer loop
    vertex -5046.810840914975 121.57988291628912 4066.4461564290004
    vertex -5048.019237849181 122.89818524093097 4101.378186039948
    vertex -5048.01906281641 122.89842616333388 4066.411629158948
  endloop
endfacet
facet normal 6.588845257813544e-08 -0.008726535498396188 -0.9999619230641691
  outer loop
    vertex -4930.924804595149 115.55728056425023 3976.576454769565
    vertex -5144.924804594388 108.4017904203398 3976.638885685363
    vertex -5144.924804594388 115.55727705962495 3976.576440699483
  endloop
endfacet
facet normal 6.588845257813544e-08 -0.008726535498396188 -0.9999619230641691
  outer loop
    vertex -5144.924804594388 108.4017904203398 3976.638885685363
    vertex -4930.924804595149 115.55728056425023 3976.576454769565
    vertex -4930.924804595149 108.40179392496508 3976.638899755444
  endloop
endfacet
facet normal 6.347149965041313e-08 0.11320321376784767 -0.9935718556765923
  outer loop
    vertex -4930.924804595149 65.54512398522776 3974.392876856436
    vertex -5144.924804594388 58.43535962422888 3973.582807858306
    vertex -5144.924804594388 65.54512048060266 3974.3928627863556
  endloop
endfacet
facet normal 6.347149965041313e-08 0.11320321376784767 -0.9935718556765923
  outer loop
    vertex -5144.924804594388 58.43535962422888 3973.582807858306
    vertex -4930.924804595149 65.54512398522776 3974.392876856436
    vertex -4930.924804595149 58.43536312885417 3973.5828219283862
  endloop
endfacet
facet normal 0.0 -0.1822355254920945 0.9832549075639644
  outer loop
    vertex -4962.924804594873 20.62965254713029 4018.1873900601813
    vertex -5112.9248045948725 28.5236286935526 4019.650452059871
    vertex -5112.9248045948725 20.62965254713029 4018.1873900601813
  endloop
endfacet
facet normal 0.0 -0.1822355254920945 0.9832549075639644
  outer loop
    vertex -5112.9248045948725 28.5236286935526 4019.650452059871
    vertex -4962.924804594873 20.62965254713029 4018.1873900601813
    vertex -4962.924804594873 28.5236286935526 4019.650452059871
  endloop
endfacet
facet normal 6.732316042705752e-08 -0.13052619222004194 -0.9914448613738094
  outer loop
    vertex -4930.924804595149 165.46276531859223 3972.648807939487
    vertex -5144.924804594388 158.36822121644997 3973.582807858303
    vertex -5144.924804594388 165.46276181396695 3972.648793869405
  endloop
endfacet
facet normal 6.732316042705752e-08 -0.13052619222004194 -0.9914448613738094
  outer loop
    vertex -5144.924804594388 158.36822121644997 3973.582807858303
    vertex -4930.924804595149 165.46276531859223 3972.648807939487
    vertex -4930.924804595149 158.36822472107528 3973.5828219283853
  endloop
endfacet
facet normal -0.5372996089704605 0.8433914454098098 3.1212744819051307e-06
  outer loop
    vertex -5052.264926864532 90.64897544869474 4101.378186039948
    vertex -5051.789411137746 90.95204206908953 4066.3342991838035
    vertex -5052.264751390809 90.64921697764834 4066.321077554776
  endloop
endfacet
facet normal -0.5372996089704605 0.8433914454098098 3.1212744819051307e-06
  outer loop
    vertex -5051.789411137746 90.95204206908953 4066.3342991838035
    vertex -5052.264926864532 90.64897544869474 4101.378186039948
    vertex -5050.756434593884 91.61012064331888 4066.351531577732
  endloop
endfacet
facet normal -0.5372996089704605 0.8433914454098098 3.1212744819051307e-06
  outer loop
    vertex -5050.756434593884 91.61012064331888 4066.351531577732
    vertex -5052.264926864532 90.64897544869474 4101.378186039948
    vertex -5050.756609919305 91.60987931836102 4101.378186039948
  endloop
endfacet
facet normal 0.0 -0.11320321376785086 -0.9935718556765939
  outer loop
    vertex -4962.924804594873 169.33646212291413 4062.9119614949173
    vertex -5112.9248045948725 160.66602205416632 4063.8998333583922
    vertex -5112.9248045948725 169.33646212291413 4062.9119614949173
  endloop
endfacet
facet normal 0.0 -0.11320321376785086 -0.9935718556765939
  outer loop
    vertex -5112.9248045948725 160.66602205416632 4063.8998333583922
    vertex -4962.924804594873 169.33646212291413 4062.9119614949173
    vertex -4962.924804594873 160.66602205416632 4063.8998333583922
  endloop
endfacet
facet normal -0.8870108329758127 0.4617486136221424 -1.2587663438991396e-06
  outer loop
    vertex -5043.935617229992 99.73882186068394 4101.378186039947
    vertex -5044.761231595587 98.15273640369406 4066.522856000893
    vertex -5044.761406086714 98.15249622635176 4101.378186039948
  endloop
endfacet
facet normal -0.8870108329758127 0.4617486136221424 -1.2587663438991396e-06
  outer loop
    vertex -5044.761231595587 98.15273640369406 4066.522856000893
    vertex -5043.935617229992 99.73882186068394 4101.378186039947
    vertex -5043.968485702335 99.67558720169771 4066.562733252451
  endloop
endfacet
facet normal -0.8870108329758127 0.4617486136221424 -1.2587663438991396e-06
  outer loop
    vertex -5043.968485702335 99.67558720169771 4066.562733252451
    vertex -5043.935617229992 99.73882186068394 4101.378186039947
    vertex -5043.935442935752 99.73906176719846 4066.5632871382304
  endloop
endfacet
facet normal 6.701499336976228e-08 -0.09584575252018822 -0.99539619836718
  outer loop
    vertex -4930.924804595149 151.2584638647035 3974.392876856436
    vertex -5144.924804594388 144.1356449468797 3975.0787119029783
    vertex -5144.924804594388 151.25846036007837 3974.3928627863556
  endloop
endfacet
facet normal 6.701499336976228e-08 -0.09584575252018822 -0.99539619836718
  outer loop
    vertex -5144.924804594388 144.1356449468797 3975.0787119029783
    vertex -4930.924804595149 151.2584638647035 3974.392876856436
    vertex -4930.924804595149 144.13564845150498 3975.07872597306
  endloop
endfacet
facet normal 6.754929119283235e-08 -0.16504760586102277 -0.9862856015371714
  outer loop
    vertex -4930.924804595149 179.5975467684061 3970.4100784904476
    vertex -5144.924804594388 172.53992108683445 3971.5911053293703
    vertex -5144.924804594388 179.5975432637808 3970.410064420367
  endloop
endfacet
facet normal 6.754929119283235e-08 -0.16504760586102277 -0.9862856015371714
  outer loop
    vertex -5144.924804594388 172.53992108683445 3971.5911053293703
    vertex -4930.924804595149 179.5975467684061 3970.4100784904476
    vertex -4930.924804595149 172.53992459145974 3971.591119399451
  endloop
endfacet
facet normal -0.9537169504998563 -0.3007058002140553 -6.846860877013809e-06
  outer loop
    vertex -5043.251228137635 115.41390916470635 4101.378186039948
    vertex -5042.713273273257 113.70852636144123 4066.5925758982667
    vertex -5042.713447424873 113.70828665111425 4101.378186039948
  endloop
endfacet
facet normal -0.9537169504998563 -0.3007058002140553 -6.846860877013809e-06
  outer loop
    vertex -5042.713273273257 113.70852636144123 4066.5925758982667
    vertex -5043.251228137635 115.41390916470635 4101.378186039948
    vertex -5043.25105391353 115.41414897474411 4066.5776904737863
  endloop
endfacet
facet normal 0.0 -0.06104853953492379 -0.9981347984218629
  outer loop
    vertex -4962.924804594873 143.28002729240225 4065.4209108041678
    vertex -5112.9248045948725 134.5697685418116 4065.9536530515434
    vertex -5112.9248045948725 143.28002729240225 4065.4209108041678
  endloop
endfacet
facet normal 0.0 -0.06104853953492379 -0.9981347984218629
  outer loop
    vertex -5112.9248045948725 134.5697685418116 4065.9536530515434
    vertex -4962.924804594873 143.28002729240225 4065.4209108041678
    vertex -4962.924804594873 134.5697685418116 4065.9536530515434
  endloop
endfacet
facet normal 6.639980675395391e-08 -0.04361938736526523 -0.9990482215818587
  outer loop
    vertex -4930.924804595149 129.85953598457198 3976.0770090048186
    vertex -5144.924804594388 122.71058406836546 3976.3891247631914
    vertex -5144.924804594388 129.85953247994686 3976.0769949347377
  endloop
endfacet
facet normal 6.639980675395391e-08 -0.04361938736526523 -0.9990482215818587
  outer loop
    vertex -5144.924804594388 122.71058406836546 3976.3891247631914
    vertex -4930.924804595149 129.85953598457198 3976.0770090048186
    vertex -4930.924804595149 122.71058757299056 3976.3891388332718
  endloop
endfacet
facet normal 6.683027141280025e-08 -0.07845909572784908 -0.9969173337331254
  outer loop
    vertex -4930.924804595149 144.13564845150498 3975.07872597306
    vertex -5144.924804594388 137.00194465543083 3975.6401462918907
    vertex -5144.924804594388 144.1356449468797 3975.0787119029783
  endloop
endfacet
facet normal 6.683027141280025e-08 -0.07845909572784908 -0.9969173337331254
  outer loop
    vertex -5144.924804594388 137.00194465543083 3975.6401462918907
    vertex -4930.924804595149 144.13564845150498 3975.07872597306
    vertex -4930.924804595149 137.00194816005595 3975.6401603619724
  endloop
endfacet
facet normal 0.5372996077099935 -0.8433914462128157 -3.1212744336070164e-06
  outer loop
    vertex -5072.764926863403 126.15601700422302 4101.378186039948
    vertex -5073.24306552988 125.85153877159095 4066.3342991838035
    vertex -5072.764751389273 126.15625853373682 4066.3209948316653
  endloop
endfacet
facet normal 0.5372996077099935 -0.8433914462128157 -3.1212744336070164e-06
  outer loop
    vertex -5073.24306552988 125.85153877159095 4066.3342991838035
    vertex -5072.764926863403 126.15601700422302 4101.378186039948
    vertex -5074.273068482965 125.19535445985082 4066.3514819747256
  endloop
endfacet
facet normal 0.5372996077099935 -0.8433914462128157 -3.1212744336070164e-06
  outer loop
    vertex -5074.273068482965 125.19535445985082 4066.3514819747256
    vertex -5072.764926863403 126.15601700422302 4101.378186039948
    vertex -5074.27324380863 125.19511313455673 4101.378186039948
  endloop
endfacet
facet normal 6.560262624680067e-08 0.008726535498444864 -0.9999619230641686
  outer loop
    vertex -4930.924804595149 108.40179392496508 3976.638899755444
    vertex -5144.924804594388 101.24630378105319 3976.576440699483
    vertex -5144.924804594388 108.4017904203398 3976.638885685363
  endloop
endfacet
facet normal 6.560262624680067e-08 0.008726535498444864 -0.9999619230641686
  outer loop
    vertex -5144.924804594388 101.24630378105319 3976.576440699483
    vertex -4930.924804595149 108.40179392496508 3976.638899755444
    vertex -4930.924804595149 101.24630728567847 3976.576454769564
  endloop
endfacet
facet normal -9.316130872689235e-16 -0.02617694830793443 -0.9996573249755557
  outer loop
    vertex -4962.924804594873 125.85153877159095 4066.3342991838035
    vertex -5050.7564345925675 125.19535445985532 4066.351481974726
    vertex -5051.786437378254 125.85153877159095 4066.3342991838035
  endloop
endfacet
facet normal -9.316130872689235e-16 -0.02617694830793443 -0.9996573249755557
  outer loop
    vertex -5050.7564345925675 125.19535445985532 4066.351481974726
    vertex -4962.924804594873 125.85153877159095 4066.3342991838035
    vertex -5049.3376056780535 124.10664844489196 4066.3799907450452
  endloop
endfacet
facet normal -9.316130872689235e-16 -0.02617694830793443 -0.9996573249755557
  outer loop
    vertex -5049.3376056780535 124.10664844489196 4066.3799907450452
    vertex -4962.924804594873 125.85153877159095 4066.3342991838035
    vertex -5048.01906281641 122.89842616333388 4066.411629158948
  endloop
endfacet
facet normal -9.316130872689235e-16 -0.02617694830793443 -0.9996573249755557
  outer loop
    vertex -5048.01906281641 122.89842616333388 4066.411629158948
    vertex -4962.924804594873 125.85153877159095 4066.3342991838035
    vertex -5046.810840914975 121.57988291628912 4066.4461564290004
  endloop
endfacet
facet normal -9.316130872689235e-16 -0.02617694830793443 -0.9996573249755557
  outer loop
    vertex -5046.810840914975 121.57988291628912 4066.4461564290004
    vertex -4962.924804594873 125.85153877159095 4066.3342991838035
    vertex -5045.72213527196 120.16105361402438 4066.483309781831
  endloop
endfacet
facet normal -9.316130872689235e-16 -0.02617694830793443 -0.9996573249755557
  outer loop
    vertex -5045.72213527196 120.16105361402438 4066.483309781831
    vertex -4962.924804594873 125.85153877159095 4066.3342991838035
    vertex -5044.761231594688 118.65273640424293 4066.522806457988
  endloop
endfacet
facet normal -9.316130872689235e-16 -0.02617694830793443 -0.9996573249755557
  outer loop
    vertex -5044.761231594688 118.65273640424293 4066.522806457988
    vertex -4962.924804594873 125.85153877159095 4066.3342991838035
    vertex -5043.967501084239 117.12799363898115 4066.562733252452
  endloop
endfacet
facet normal -9.316130872689235e-16 -0.02617694830793443 -0.9996573249755557
  outer loop
    vertex -5043.967501084239 117.12799363898115 4066.562733252452
    vertex -4962.924804594873 125.85153877159095 4066.3342991838035
    vertex -4962.924804594873 117.12799363898115 4066.562733252452
  endloop
endfacet
facet normal 1.103329484426133e-14 0.0261769483079623 -0.999657324975555
  outer loop
    vertex -5050.756434593884 91.61012064331888 4066.351531577732
    vertex -4962.924804594873 90.95204206908953 4066.3342991838035
    vertex -5051.789411137746 90.95204206908953 4066.3342991838035
  endloop
endfacet
facet normal 1.103329484426133e-14 0.0261769483079623 -0.999657324975555
  outer loop
    vertex -4962.924804594873 90.95204206908953 4066.3342991838035
    vertex -5050.756434593884 91.61012064331888 4066.351531577732
    vertex -5049.3376056792995 92.69882627635015 4066.380040338052
  endloop
endfacet
facet normal 1.103329484426133e-14 0.0261769483079623 -0.999657324975555
  outer loop
    vertex -4962.924804594873 90.95204206908953 4066.3342991838035
    vertex -5049.3376056792995 92.69882627635015 4066.380040338052
    vertex -5048.019062817581 93.90704813404696 4066.4116787408566
  endloop
endfacet
facet normal 1.103329484426133e-14 0.0261769483079623 -0.999657324975555
  outer loop
    vertex -4962.924804594873 90.95204206908953 4066.3342991838035
    vertex -5048.019062817581 93.90704813404696 4066.4116787408566
    vertex -5046.81084091606 95.22559091853041 4066.446205998797
  endloop
endfacet
facet normal 1.103329484426133e-14 0.0261769483079623 -0.999657324975555
  outer loop
    vertex -4962.924804594873 90.95204206908953 4066.3342991838035
    vertex -5046.81084091606 95.22559091853041 4066.446205998797
    vertex -5045.722135272955 96.64441972305022 4066.483359338591
  endloop
endfacet
facet normal 1.103329484426133e-14 0.0261769483079623 -0.999657324975555
  outer loop
    vertex -4962.924804594873 90.95204206908953 4066.3342991838035
    vertex -5045.722135272955 96.64441972305022 4066.483359338591
    vertex -5044.761231595587 98.15273640369406 4066.522856000893
  endloop
endfacet
facet normal 1.103329484426133e-14 0.0261769483079623 -0.999657324975555
  outer loop
    vertex -4962.924804594873 90.95204206908953 4066.3342991838035
    vertex -5044.761231595587 98.15273640369406 4066.522856000893
    vertex -5043.968485702335 99.67558720169771 4066.562733252451
  endloop
endfacet
facet normal 1.103329484426133e-14 0.0261769483079623 -0.999657324975555
  outer loop
    vertex -4962.924804594873 90.95204206908953 4066.3342991838035
    vertex -5043.968485702335 99.67558720169771 4066.562733252451
    vertex -4962.924804594873 99.67558720169788 4066.562733252452
  endloop
endfacet
facet normal -9.931043202042147e-16 -0.04361938736525364 -0.9990482215818614
  outer loop
    vertex -5112.9248045948725 134.5697685418116 4065.9536530515434
    vertex -5064.301443548156 128.8247298474958 4066.2044868579824
    vertex -5112.9248045948725 125.85153877159095 4066.3342991838035
  endloop
endfacet
facet normal -9.931043202042147e-16 -0.04361938736525364 -0.9990482215818614
  outer loop
    vertex -5064.301443548156 128.8247298474958 4066.2044868579824
    vertex -5112.9248045948725 134.5697685418116 4065.9536530515434
    vertex -4962.924804594873 134.5697685418116 4065.9536530515434
  endloop
endfacet
facet normal -9.931043202042147e-16 -0.04361938736525364 -0.9990482215818614
  outer loop
    vertex -5112.9248045948725 125.85153877159095 4066.3342991838035
    vertex -5064.301443548156 128.8247298474958 4066.2044868579824
    vertex -5066.07453851364 128.59129740509232 4066.2146787385245
  endloop
endfacet
facet normal -9.931043202042147e-16 -0.04361938736525364 -0.9990482215818614
  outer loop
    vertex -5112.9248045948725 125.85153877159095 4066.3342991838035
    vertex -5066.07453851364 128.59129740509232 4066.2146787385245
    vertex -5067.820541378382 128.20421779405643 4066.2315789993218
  endloop
endfacet
facet normal -9.931043202042147e-16 -0.04361938736525364 -0.9990482215818614
  outer loop
    vertex -5112.9248045948725 125.85153877159095 4066.3342991838035
    vertex -5067.820541378382 128.20421779405643 4066.2315789993218
    vertex -5069.526164006314 127.66643692395468 4066.255059019188
  endloop
endfacet
facet normal -9.931043202042147e-16 -0.04361938736525364 -0.9990482215818614
  outer loop
    vertex -5112.9248045948725 125.85153877159095 4066.3342991838035
    vertex -5069.526164006314 127.66643692395468 4066.255059019188
    vertex -5071.178425579356 126.98204763192894 4066.2849401009958
  endloop
endfacet
facet normal -9.931043202042147e-16 -0.04361938736525364 -0.9990482215818614
  outer loop
    vertex -5112.9248045948725 125.85153877159095 4066.3342991838035
    vertex -5071.178425579356 126.98204763192894 4066.2849401009958
    vertex -5072.764751389273 126.15625853373682 4066.3209948316653
  endloop
endfacet
facet normal -9.931043202042147e-16 -0.04361938736525364 -0.9990482215818614
  outer loop
    vertex -5112.9248045948725 125.85153877159095 4066.3342991838035
    vertex -5072.764751389273 126.15625853373682 4066.3209948316653
    vertex -5073.24306552988 125.85153877159095 4066.3342991838035
  endloop
endfacet
facet normal -9.931043202042147e-16 -0.04361938736525364 -0.9990482215818614
  outer loop
    vertex -5064.301443548156 128.8247298474958 4066.2044868579824
    vertex -4962.924804594873 134.5697685418116 4065.9536530515434
    vertex -5062.5147508052405 128.90273855943062 4066.201080924065
  endloop
endfacet
facet normal -9.931043202042147e-16 -0.04361938736525364 -0.9990482215818614
  outer loop
    vertex -5062.5147508052405 128.90273855943062 4066.201080924065
    vertex -4962.924804594873 134.5697685418116 4065.9536530515434
    vertex -5060.728058095502 128.82472984749725 4066.2044868579824
  endloop
endfacet
facet normal -9.931043202042147e-16 -0.04361938736525364 -0.9990482215818614
  outer loop
    vertex -5060.728058095502 128.82472984749725 4066.2044868579824
    vertex -4962.924804594873 134.5697685418116 4065.9536530515434
    vertex -5058.954963229295 128.59129740509377 4066.2146787385236
  endloop
endfacet
facet normal -9.931043202042147e-16 -0.04361938736525364 -0.9990482215818614
  outer loop
    vertex -5058.954963229295 128.59129740509377 4066.2146787385236
    vertex -4962.924804594873 134.5697685418116 4065.9536530515434
    vertex -5057.208960529177 128.2042177940593 4066.2315789993218
  endloop
endfacet
facet normal -9.931043202042147e-16 -0.04361938736525364 -0.9990482215818614
  outer loop
    vertex -5057.208960529177 128.2042177940593 4066.2315789993218
    vertex -4962.924804594873 134.5697685418116 4065.9536530515434
    vertex -5055.503338129959 127.66643692395756 4066.255059019189
  endloop
endfacet
facet normal -9.931043202042147e-16 -0.04361938736525364 -0.9990482215818614
  outer loop
    vertex -5055.503338129959 127.66643692395756 4066.255059019189
    vertex -4962.924804594873 134.5697685418116 4065.9536530515434
    vertex -5053.851076847985 126.982047631932 4066.2849401009944
  endloop
endfacet
facet normal -9.931043202042147e-16 -0.04361938736525364 -0.9990482215818614
  outer loop
    vertex -5053.851076847985 126.982047631932 4066.2849401009944
    vertex -4962.924804594873 134.5697685418116 4065.9536530515434
    vertex -5052.26475138927 126.15625853374043 4066.3209948316653
  endloop
endfacet
facet normal -9.931043202042147e-16 -0.04361938736525364 -0.9990482215818614
  outer loop
    vertex -5052.26475138927 126.15625853374043 4066.3209948316653
    vertex -4962.924804594873 134.5697685418116 4065.9536530515434
    vertex -5051.786437378254 125.85153877159095 4066.3342991838035
  endloop
endfacet
facet normal -9.931043202042147e-16 -0.04361938736525364 -0.9990482215818614
  outer loop
    vertex -5051.786437378254 125.85153877159095 4066.3342991838035
    vertex -4962.924804594873 134.5697685418116 4065.9536530515434
    vertex -4962.924804594873 125.85153877159095 4066.3342991838035
  endloop
endfacet
facet normal 1.192710395078623e-08 0.00872636726124145 -0.9999619245323405
  outer loop
    vertex -5043.935442935752 99.73906176719846 4066.5632871382304
    vertex -4962.924804594873 99.67558720169788 4066.562733252452
    vertex -5043.968485702335 99.67558720169771 4066.562733252451
  endloop
endfacet
facet normal 1.192710395078623e-08 0.00872636726124145 -0.9999619245323405
  outer loop
    vertex -4962.924804594873 99.67558720169788 4066.562733252452
    vertex -5043.935442935752 99.73906176719846 4066.5632871382304
    vertex -5043.251053914054 101.3913230981398 4066.5777059041266
  endloop
endfacet
facet normal 1.192710395078623e-08 0.00872636726124145 -0.9999619245323405
  outer loop
    vertex -4962.924804594873 99.67558720169788 4066.562733252452
    vertex -5043.251053914054 101.3913230981398 4066.5777059041266
    vertex -5042.713273273666 103.09694551202888 4066.5925903344087
  endloop
endfacet
facet normal 1.192710395078623e-08 0.00872636726124145 -0.9999619245323405
  outer loop
    vertex -4962.924804594873 99.67558720169788 4066.562733252452
    vertex -5042.713273273666 103.09694551202888 4066.5925903344087
    vertex -5042.3261938499845 104.84294819241285 4066.607827149572
  endloop
endfacet
facet normal 1.192710395078623e-08 0.00872636726124145 -0.9999619245323405
  outer loop
    vertex -4962.924804594873 99.67558720169788 4066.562733252452
    vertex -5042.3261938499845 104.84294819241285 4066.607827149572
    vertex -5042.092761717441 106.61604301189104 4066.6233003883212
  endloop
endfacet
facet normal 1.192710395078623e-08 0.00872636726124145 -0.9999619245323405
  outer loop
    vertex -4962.924804594873 99.67558720169788 4066.562733252452
    vertex -5042.092761717441 106.61604301189104 4066.6233003883212
    vertex -5042.014752937882 108.40242305754035 4066.6388885474285
  endloop
endfacet
facet normal 1.192710395078623e-08 0.00872636726124145 -0.9999619245323405
  outer loop
    vertex -4962.924804594873 99.67558720169788 4066.562733252452
    vertex -5042.014752937882 108.40242305754035 4066.6388885474285
    vertex -4962.924804594873 108.4017904203398 4066.6388856742556
  endloop
endfacet
facet normal -3.1376220898418935e-08 -0.008727026713176905 -0.9999619187772836
  outer loop
    vertex -4962.924804594873 117.12799363898115 4066.562733252452
    vertex -5043.935442935117 117.06641049886025 4066.563270746925
    vertex -5043.967501084239 117.12799363898115 4066.562733252452
  endloop
endfacet
facet normal -3.1376220898418935e-08 -0.008727026713176905 -0.9999619187772836
  outer loop
    vertex -5043.935442935117 117.06641049886025 4066.563270746925
    vertex -4962.924804594873 117.12799363898115 4066.562733252452
    vertex -5043.25105391353 115.41414897474411 4066.5776904737863
  endloop
endfacet
facet normal -3.1376220898418935e-08 -0.008727026713176905 -0.9999619187772836
  outer loop
    vertex -5043.25105391353 115.41414897474411 4066.5776904737863
    vertex -4962.924804594873 117.12799363898115 4066.562733252452
    vertex -5042.713273273257 113.70852636144123 4066.5925758982667
  endloop
endfacet
facet normal -3.1376220898418935e-08 -0.008727026713176905 -0.9999619187772836
  outer loop
    vertex -5042.713273273257 113.70852636144123 4066.5925758982667
    vertex -4962.924804594873 117.12799363898115 4066.562733252452
    vertex -5042.326193849693 111.9625234769231 4066.6078137332975
  endloop
endfacet
facet normal -3.1376220898418935e-08 -0.008727026713176905 -0.9999619187772836
  outer loop
    vertex -5042.326193849693 111.9625234769231 4066.6078137332975
    vertex -4962.924804594873 117.12799363898115 4066.562733252452
    vertex -5042.092761550973 110.1894284574038 4066.6232880097546
  endloop
endfacet
facet normal -3.1376220898418935e-08 -0.008727026713176905 -0.9999619187772836
  outer loop
    vertex -5042.092761550973 110.1894284574038 4066.6232880097546
    vertex -4962.924804594873 117.12799363898115 4066.562733252452
    vertex -5042.014752937882 108.40242305754035 4066.6388885474285
  endloop
endfacet
facet normal -3.1376220898418935e-08 -0.008727026713176905 -0.9999619187772836
  outer loop
    vertex -5042.014752937882 108.40242305754035 4066.6388885474285
    vertex -4962.924804594873 117.12799363898115 4066.562733252452
    vertex -4962.924804594873 108.4017904203398 4066.6388856742556
  endloop
endfacet
facet normal -9.10303986754646e-16 0.043619387365292174 -0.9990482215818598
  outer loop
    vertex -5073.240091772633 90.95204206908953 4066.3342991838026
    vertex -5112.9248045948725 82.23381229886851 4065.9536530515434
    vertex -5112.9248045948725 90.95204206908953 4066.3342991838035
  endloop
endfacet
facet normal -9.10303986754646e-16 0.043619387365292174 -0.9990482215818598
  outer loop
    vertex -5112.9248045948725 82.23381229886851 4065.9536530515434
    vertex -5073.240091772633 90.95204206908953 4066.3342991838026
    vertex -5072.764751390812 90.64921697764473 4066.321077554776
  endloop
endfacet
facet normal -9.10303986754646e-16 0.043619387365292174 -0.9990482215818598
  outer loop
    vertex -5112.9248045948725 82.23381229886851 4065.9536530515434
    vertex -5072.764751390812 90.64921697764473 4066.321077554776
    vertex -5071.178425580947 89.82342836247904 4066.285022845195
  endloop
endfacet
facet normal -9.10303986754646e-16 0.043619387365292174 -0.9990482215818598
  outer loop
    vertex -5112.9248045948725 82.23381229886851 4065.9536530515434
    vertex -5071.178425580947 89.82342836247904 4066.285022845195
    vertex -5069.526164007949 89.13903947077087 4066.2551417808663
  endloop
endfacet
facet normal -9.10303986754646e-16 0.043619387365292174 -0.9990482215818598
  outer loop
    vertex -5112.9248045948725 82.23381229886851 4065.9536530515434
    vertex -5069.526164007949 89.13903947077087 4066.2551417808663
    vertex -5067.8205413800515 88.60125891523155 4066.2316617747333
  endloop
endfacet
facet normal -9.10303986754646e-16 0.043619387365292174 -0.9990482215818598
  outer loop
    vertex -5112.9248045948725 82.23381229886851 4065.9536530515434
    vertex -5067.8205413800515 88.60125891523155 4066.2316617747333
    vertex -5066.074538515335 88.21417953060964 4066.214761523819
  endloop
endfacet
facet normal -9.10303986754646e-16 0.043619387365292174 -0.9990482215818598
  outer loop
    vertex -5112.9248045948725 82.23381229886851 4065.9536530515434
    vertex -5066.074538515335 88.21417953060964 4066.214761523819
    vertex -5064.301443549842 87.98074722530056 4066.2045696492646
  endloop
endfacet
facet normal -9.10303986754646e-16 0.043619387365292174 -0.9990482215818598
  outer loop
    vertex -5112.9248045948725 82.23381229886851 4065.9536530515434
    vertex -5064.301443549842 87.98074722530056 4066.2045696492646
    vertex -4962.924804594873 82.23381229886851 4065.9536530515434
  endloop
endfacet
facet normal -9.10303986754646e-16 0.043619387365292174 -0.9990482215818598
  outer loop
    vertex -4962.924804594873 82.23381229886851 4065.9536530515434
    vertex -5064.301443549842 87.98074722530056 4066.2045696492646
    vertex -5062.514750806956 87.90273855844262 4066.201163717315
  endloop
endfacet
facet normal -9.10303986754646e-16 0.043619387365292174 -0.9990482215818598
  outer loop
    vertex -4962.924804594873 82.23381229886851 4065.9536530515434
    vertex -5062.514750806956 87.90273855844262 4066.201163717315
    vertex -5060.728058097211 87.98074722474885 4066.2045696492414
  endloop
endfacet
facet normal -9.10303986754646e-16 0.043619387365292174 -0.9990482215818598
  outer loop
    vertex -4962.924804594873 82.23381229886851 4065.9536530515434
    vertex -5060.728058097211 87.98074722474885 4066.2045696492414
    vertex -5058.95496323099 88.21417953061163 4066.2147615238205
  endloop
endfacet
facet normal -9.10303986754646e-16 0.043619387365292174 -0.9990482215818598
  outer loop
    vertex -4962.924804594873 82.23381229886851 4065.9536530515434
    vertex -5058.95496323099 88.21417953061163 4066.2147615238205
    vertex -5057.2089605308465 88.60125891523317 4066.2316617747333
  endloop
endfacet
facet normal -9.10303986754646e-16 0.043619387365292174 -0.9990482215818598
  outer loop
    vertex -4962.924804594873 82.23381229886851 4065.9536530515434
    vertex -5057.2089605308465 88.60125891523317 4066.2316617747333
    vertex -5055.503338131594 89.13903947077321 4066.2551417808663
  endloop
endfacet
facet normal -9.10303986754646e-16 0.043619387365292174 -0.9990482215818598
  outer loop
    vertex -4962.924804594873 82.23381229886851 4065.9536530515434
    vertex -5055.503338131594 89.13903947077321 4066.2551417808663
    vertex -5053.851076849576 89.82342836248229 4066.285022845194
  endloop
endfacet
facet normal -9.10303986754646e-16 0.043619387365292174 -0.9990482215818598
  outer loop
    vertex -4962.924804594873 82.23381229886851 4065.9536530515434
    vertex -5053.851076849576 89.82342836248229 4066.285022845194
    vertex -5052.264751390809 90.64921697764834 4066.321077554776
  endloop
endfacet
facet normal -9.10303986754646e-16 0.043619387365292174 -0.9990482215818598
  outer loop
    vertex -4962.924804594873 82.23381229886851 4065.9536530515434
    vertex -5052.264751390809 90.64921697764834 4066.321077554776
    vertex -5051.789411137746 90.95204206908953 4066.3342991838035
  endloop
endfacet
facet normal -9.10303986754646e-16 0.043619387365292174 -0.9990482215818598
  outer loop
    vertex -4962.924804594873 82.23381229886851 4065.9536530515434
    vertex -5051.789411137746 90.95204206908953 4066.3342991838035
    vertex -4962.924804594873 90.95204206908953 4066.3342991838035
  endloop
endfacet
facet normal -1.1078587392886549e-07 -2.9193333910909144e-09 0.999999999999994
  outer loop
    vertex -5157.924781349078 71.48579042052629 4101.378164270395
    vertex -5082.936918174905 106.6158035001126 4101.378186039947
    vertex -5083.014926863967 108.40249622645771 4101.378186039947
  endloop
endfacet
facet normal -1.1078587392886549e-07 -2.9193333910909144e-09 0.999999999999994
  outer loop
    vertex -5082.936918174905 106.6158035001126 4101.378186039947
    vertex -5157.924781349078 71.48579042052629 4101.378164270395
    vertex -5082.703485800831 104.84270858424915 4101.378186039947
  endloop
endfacet
facet normal -1.1078587392886549e-07 -2.9193333910909144e-09 0.999999999999994
  outer loop
    vertex -5082.703485800831 104.84270858424915 4101.378186039947
    vertex -5157.924781349078 71.48579042052629 4101.378164270395
    vertex -5082.316406303062 103.09670580180207 4101.378186039947
  endloop
endfacet
facet normal -1.1078587392886549e-07 -2.9193333910909144e-09 0.999999999999994
  outer loop
    vertex -5082.316406303062 103.09670580180207 4101.378186039947
    vertex -5157.924781349078 71.48579042052629 4101.378164270395
    vertex -5081.778625590301 101.39108328820978 4101.378186039947
  endloop
endfacet
facet normal -1.1078587392886549e-07 -2.9193333910909144e-09 0.999999999999994
  outer loop
    vertex -5081.778625590301 101.39108328820978 4101.378186039947
    vertex -5157.924781349078 71.48579042052629 4101.378164270395
    vertex -5081.094236498494 99.73882186068448 4101.378186039947
  endloop
endfacet
facet normal -1.1078587392886549e-07 -2.9193333910909144e-09 0.999999999999994
  outer loop
    vertex -5081.094236498494 99.73882186068448 4101.378186039947
    vertex -5157.924781349078 71.48579042052629 4101.378164270395
    vertex -5080.2684476418735 98.15249622635176 4101.378186039947
  endloop
endfacet
facet normal -1.1078587392886549e-07 -2.9193333910909144e-09 0.999999999999994
  outer loop
    vertex -5080.2684476418735 98.15249622635176 4101.378186039947
    vertex -5157.924781349078 71.48579042052629 4101.378164270395
    vertex -5079.307543772265 96.64417928113929 4101.378186039947
  endloop
endfacet
facet normal -1.1078587392886549e-07 -2.9193333910909144e-09 0.999999999999994
  outer loop
    vertex -5079.307543772265 96.64417928113929 4101.378186039947
    vertex -5157.924781349078 71.48579042052629 4101.378164270395
    vertex -5078.218837948325 95.22535022774845 4101.378186039947
  endloop
endfacet
facet normal -1.1078587392886549e-07 -2.9193333910909144e-09 0.999999999999994
  outer loop
    vertex -5078.218837948325 95.22535022774845 4101.378186039947
    vertex -5157.924781349078 71.48579042052629 4101.378164270395
    vertex -5077.010615878752 93.90680721198372 4101.378186039947
  endloop
endfacet
facet normal -1.1078587392886549e-07 -2.9193333910909144e-09 0.999999999999994
  outer loop
    vertex -5077.010615878752 93.90680721198372 4101.378186039947
    vertex -5157.924781349078 71.48579042052629 4101.378164270395
    vertex -5075.69207286304 92.69858514235825 4101.378186039947
  endloop
endfacet
facet normal -1.1078587392886549e-07 -2.9193333910909144e-09 0.999999999999994
  outer loop
    vertex -5075.69207286304 92.69858514235825 4101.378186039947
    vertex -5157.924781349078 71.48579042052629 4101.378164270395
    vertex -5074.273243809698 91.60987931836102 4101.378186039947
  endloop
endfacet
facet normal -1.1078587392886549e-07 -2.9193333910909144e-09 0.999999999999994
  outer loop
    vertex -5074.273243809698 91.60987931836102 4101.378186039947
    vertex -5157.924781349078 71.48579042052629 4101.378164270395
    vertex -5072.764926864532 90.64897544869474 4101.378186039947
  endloop
endfacet
facet normal -1.1078587392886549e-07 -2.9193333910909144e-09 0.999999999999994
  outer loop
    vertex -5072.764926864532 90.64897544869474 4101.378186039947
    vertex -5157.924781349078 71.48579042052629 4101.378164270395
    vertex -5042.356471460707 71.48611048874378 4101.378186039947
  endloop
endfacet
facet normal -1.1078587392886549e-07 -2.9193333910909144e-09 0.999999999999994
  outer loop
    vertex -5072.764926864532 90.64897544869474 4101.378186039947
    vertex -5042.356471460707 71.48611048874378 4101.378186039947
    vertex -5071.178601230242 89.82318659201611 4101.378186039947
  endloop
endfacet
facet normal -1.1078587392886549e-07 -2.9193333910909144e-09 0.999999999999994
  outer loop
    vertex -5071.178601230242 89.82318659201611 4101.378186039947
    vertex -5042.356471460707 71.48611048874378 4101.378186039947
    vertex -5069.5263398027555 89.1387975001488 4101.378186039947
  endloop
endfacet
facet normal -1.1078587392886549e-07 -2.9193333910909144e-09 0.999999999999994
  outer loop
    vertex -5069.5263398027555 89.1387975001488 4101.378186039947
    vertex -5042.356471460707 71.48611048874378 4101.378186039947
    vertex -5067.820717289199 88.60101678732808 4101.378186039947
  endloop
endfacet
facet normal -1.1078587392886549e-07 -2.9193333910909144e-09 0.999999999999994
  outer loop
    vertex -5067.820717289199 88.60101678732808 4101.378186039947
    vertex -5042.356471460707 71.48611048874378 4101.378186039947
    vertex -5066.074714506781 88.21393728949963 4101.378186039947
  endloop
endfacet
facet normal -1.1078587392886549e-07 -2.9193333910909144e-09 0.999999999999994
  outer loop
    vertex -5066.074714506781 88.21393728949963 4101.378186039947
    vertex -5042.356471460707 71.48611048874378 4101.378186039947
    vertex -5064.301619590944 87.98050491536713 4101.378186039947
  endloop
endfacet
facet normal -1.1078587392886549e-07 -2.9193333910909144e-09 0.999999999999994
  outer loop
    vertex -5064.301619590944 87.98050491536713 4101.378186039947
    vertex -5042.356471460707 71.48611048874378 4101.378186039947
    vertex -5062.514926864619 87.90249622624724 4101.378186039947
  endloop
endfacet
facet normal -1.1078587392886549e-07 -2.9193333910909144e-09 0.999999999999994
  outer loop
    vertex -5062.514926864619 87.90249622624724 4101.378186039947
    vertex -5042.356471460707 71.48611048874378 4101.378186039947
    vertex -5060.728234138289 87.98050491536786 4101.378186039947
  endloop
endfacet
facet normal -1.1078587392886549e-07 -2.9193333910909144e-09 0.999999999999994
  outer loop
    vertex -5060.728234138289 87.98050491536786 4101.378186039947
    vertex -5042.356471460707 71.48611048874378 4101.378186039947
    vertex -5058.955139222437 88.21393728950054 4101.378186039947
  endloop
endfacet
facet normal -1.1078587392886549e-07 -2.9193333910909144e-09 0.999999999999994
  outer loop
    vertex -5058.955139222437 88.21393728950054 4101.378186039947
    vertex -5042.356471460707 71.48611048874378 4101.378186039947
    vertex -5057.209136439995 88.60101678732808 4101.378186039947
  endloop
endfacet
facet normal -1.1078587392886549e-07 -2.9193333910909144e-09 0.999999999999994
  outer loop
    vertex -5057.209136439995 88.60101678732808 4101.378186039947
    vertex -5042.356471460707 71.48611048874378 4101.378186039947
    vertex -5055.503513926404 89.1387975001488 4101.378186039948
  endloop
endfacet
facet normal -1.1078587392886549e-07 -2.9193333910909144e-09 0.999999999999994
  outer loop
    vertex -5055.503513926404 89.1387975001488 4101.378186039948
    vertex -5042.356471460707 71.48611048874378 4101.378186039947
    vertex -5053.851252498874 89.82318659201611 4101.378186039948
  endloop
endfacet
facet normal -1.1078587392886549e-07 -2.9193333910909144e-09 0.999999999999994
  outer loop
    vertex -5053.851252498874 89.82318659201611 4101.378186039948
    vertex -5042.356471460707 71.48611048874378 4101.378186039947
    vertex -5052.264926864532 90.64897544869474 4101.378186039948
  endloop
endfacet
facet normal -1.1078587392886549e-07 -2.9193333910909144e-09 0.999999999999994
  outer loop
    vertex -5052.264926864532 90.64897544869474 4101.378186039948
    vertex -5042.356471460707 71.48611048874378 4101.378186039947
    vertex -5050.756609919305 91.60987931836102 4101.378186039948
  endloop
endfacet
facet normal -1.1078587392886549e-07 -2.9193333910909144e-09 0.999999999999994
  outer loop
    vertex -5050.756609919305 91.60987931836102 4101.378186039948
    vertex -5042.356471460707 71.48611048874378 4101.378186039947
    vertex -5049.337780865893 92.69858514235825 4101.378186039948
  endloop
endfacet
facet normal -1.1078587392886549e-07 -2.9193333910909144e-09 0.999999999999994
  outer loop
    vertex -5049.337780865893 92.69858514235825 4101.378186039948
    vertex -5042.356471460707 71.48611048874378 4101.378186039947
    vertex -5048.019237850105 93.90680721198444 4101.378186039947
  endloop
endfacet
facet normal -1.1078587392886549e-07 -2.9193333910909144e-09 0.999999999999994
  outer loop
    vertex -5048.019237850105 93.90680721198444 4101.378186039947
    vertex -5042.356471460707 71.48611048874378 4101.378186039947
    vertex -5046.8110157804485 95.22535022774899 4101.378186039947
  endloop
endfacet
facet normal -1.1078587392886549e-07 -2.9193333910909144e-09 0.999999999999994
  outer loop
    vertex -5046.8110157804485 95.22535022774899 4101.378186039947
    vertex -5042.356471460707 71.48611048874378 4101.378186039947
    vertex -5045.722309956418 96.64417928114018 4101.378186039948
  endloop
endfacet
facet normal -1.1078587392886549e-07 -2.9193333910909144e-09 0.999999999999994
  outer loop
    vertex -5045.722309956418 96.64417928114018 4101.378186039948
    vertex -5042.356471460707 71.48611048874378 4101.378186039947
    vertex -5044.761406086714 98.15249622635176 4101.378186039948
  endloop
endfacet
facet normal -1.1078587392886549e-07 -2.9193333910909144e-09 0.999999999999994
  outer loop
    vertex -5044.761406086714 98.15249622635176 4101.378186039948
    vertex -5042.356471460707 71.48611048874378 4101.378186039947
    vertex -5043.935617229992 99.73882186068394 4101.378186039947
  endloop
endfacet
facet normal -1.1078587392886549e-07 -2.9193333910909144e-09 0.999999999999994
  outer loop
    vertex -5043.935617229992 99.73882186068394 4101.378186039947
    vertex -5042.356471460707 71.48611048874378 4101.378186039947
    vertex -5043.25122813808 101.39108328820906 4101.378186039947
  endloop
endfacet
facet normal -1.1078587392886549e-07 -2.9193333910909144e-09 0.999999999999994
  outer loop
    vertex -5043.25122813808 101.39108328820906 4101.378186039947
    vertex -5042.356471460707 71.48611048874378 4101.378186039947
    vertex -5042.713447425211 103.0967058017999 4101.378186039948
  endloop
endfacet
facet normal -1.1078587392886549e-07 -2.9193333910909144e-09 0.999999999999994
  outer loop
    vertex -5042.713447425211 103.0967058017999 4101.378186039948
    vertex -5042.356471460707 71.48611048874378 4101.378186039947
    vertex -5042.356473659456 72.48611048874137 4101.378186039947
  endloop
endfacet
facet normal -1.1078587392886549e-07 -2.9193333910909144e-09 0.999999999999994
  outer loop
    vertex -5042.356473659456 72.48611048874137 4101.378186039947
    vertex -5042.3263679273305 104.84270858424843 4101.378186039948
    vertex -5042.713447425211 103.0967058017999 4101.378186039948
  endloop
endfacet
facet normal -1.1078587392886549e-07 -2.9193333910909144e-09 0.999999999999994
  outer loop
    vertex -5042.3263679273305 104.84270858424843 4101.378186039948
    vertex -5042.356473659456 72.48611048874137 4101.378186039947
    vertex -5022.197711660401 108.40211048873883 4101.37818603995
  endloop
endfacet
facet normal -1.1078587392886549e-07 -2.9193333910909144e-09 0.999999999999994
  outer loop
    vertex -5042.3263679273305 104.84270858424843 4101.378186039948
    vertex -5022.197711660401 108.40211048873883 4101.37818603995
    vertex -5042.092935553143 106.6158035001126 4101.378186039948
  endloop
endfacet
facet normal -1.1078587392886549e-07 -2.9193333910909144e-09 0.999999999999994
  outer loop
    vertex -5042.092935553143 106.6158035001126 4101.378186039948
    vertex -5022.197711660401 108.40211048873883 4101.37818603995
    vertex -5042.014926863968 108.40249622645771 4101.378186039948
  endloop
endfacet
facet normal -1.1078587392886549e-07 -2.9193333910909144e-09 0.999999999999994
  outer loop
    vertex -5157.924785746571 145.31779042052148 4101.378164270395
    vertex -5072.764926863403 126.15601700422302 4101.378186039948
    vertex -5042.356475858201 145.31811048872143 4101.37818603995
  endloop
endfacet
facet normal -1.1078587392886549e-07 -2.9193333910909144e-09 0.999999999999994
  outer loop
    vertex -5072.764926863403 126.15601700422302 4101.378186039948
    vertex -5157.924785746571 145.31779042052148 4101.378164270395
    vertex -5074.27324380863 125.19511313455673 4101.378186039948
  endloop
endfacet
facet normal -1.1078587392886549e-07 -2.9193333910909144e-09 0.999999999999994
  outer loop
    vertex -5074.27324380863 125.19511313455673 4101.378186039948
    vertex -5157.924785746571 145.31779042052148 4101.378164270395
    vertex -5157.924781349078 71.48579042052629 4101.378164270395
  endloop
endfacet
facet normal -1.1078587392886549e-07 -2.9193333910909144e-09 0.999999999999994
  outer loop
    vertex -5074.27324380863 125.19511313455673 4101.378186039948
    vertex -5157.924781349078 71.48579042052629 4101.378164270395
    vertex -5075.692072862043 124.10640731056023 4101.378186039948
  endloop
endfacet
facet normal -1.1078587392886549e-07 -2.9193333910909144e-09 0.999999999999994
  outer loop
    vertex -5075.692072862043 124.10640731056023 4101.378186039948
    vertex -5157.924781349078 71.48579042052629 4101.378164270395
    vertex -5077.010615877832 122.89818524093242 4101.378186039948
  endloop
endfacet
facet normal -1.1078587392886549e-07 -2.9193333910909144e-09 0.999999999999994
  outer loop
    vertex -5077.010615877832 122.89818524093242 4101.378186039948
    vertex -5157.924781349078 71.48579042052629 4101.378164270395
    vertex -5078.218837947488 121.57964222516786 4101.378186039948
  endloop
endfacet
facet normal -1.1078587392886549e-07 -2.9193333910909144e-09 0.999999999999994
  outer loop
    vertex -5078.218837947488 121.57964222516786 4101.378186039948
    vertex -5157.924781349078 71.48579042052629 4101.378164270395
    vertex -5079.307543771518 120.1608131717765 4101.378186039948
  endloop
endfacet
facet normal -1.1078587392886549e-07 -2.9193333910909144e-09 0.999999999999994
  outer loop
    vertex -5079.307543771518 120.1608131717765 4101.378186039948
    vertex -5157.924781349078 71.48579042052629 4101.378164270395
    vertex -5080.268447641223 118.65249622656367 4101.378186039948
  endloop
endfacet
facet normal -1.1078587392886549e-07 -2.9193333910909144e-09 0.999999999999994
  outer loop
    vertex -5080.268447641223 118.65249622656367 4101.378186039948
    vertex -5157.924781349078 71.48579042052629 4101.378164270395
    vertex -5081.094236497945 117.06617059223095 4101.378186039947
  endloop
endfacet
facet normal -1.1078587392886549e-07 -2.9193333910909144e-09 0.999999999999994
  outer loop
    vertex -5081.094236497945 117.06617059223095 4101.378186039947
    vertex -5157.924781349078 71.48579042052629 4101.378164270395
    vertex -5081.778625589856 115.41390916470635 4101.378186039947
  endloop
endfacet
facet normal -1.1078587392886549e-07 -2.9193333910909144e-09 0.999999999999994
  outer loop
    vertex -5081.778625589856 115.41390916470635 4101.378186039947
    vertex -5157.924781349078 71.48579042052629 4101.378164270395
    vertex -5082.316406302725 113.70828665111425 4101.378186039947
  endloop
endfacet
facet normal -1.1078587392886549e-07 -2.9193333910909144e-09 0.999999999999994
  outer loop
    vertex -5082.316406302725 113.70828665111425 4101.378186039947
    vertex -5157.924781349078 71.48579042052629 4101.378164270395
    vertex -5082.7034858006045 111.96228386866628 4101.378186039947
  endloop
endfacet
facet normal -1.1078587392886549e-07 -2.9193333910909144e-09 0.999999999999994
  outer loop
    vertex -5082.7034858006045 111.96228386866628 4101.378186039947
    vertex -5157.924781349078 71.48579042052629 4101.378164270395
    vertex -5082.936918174792 110.18918895280353 4101.378186039947
  endloop
endfacet
facet normal -1.1078587392886549e-07 -2.9193333910909144e-09 0.999999999999994
  outer loop
    vertex -5082.936918174792 110.18918895280353 4101.378186039947
    vertex -5157.924781349078 71.48579042052629 4101.378164270395
    vertex -5083.014926863967 108.40249622645771 4101.378186039947
  endloop
endfacet
facet normal -1.1078587392886549e-07 -2.9193333910909144e-09 0.999999999999994
  outer loop
    vertex -5042.356475858201 145.31811048872143 4101.37818603995
    vertex -5072.764926863403 126.15601700422302 4101.378186039948
    vertex -5071.178601229061 126.98180586090164 4101.378186039948
  endloop
endfacet
facet normal -1.1078587392886549e-07 -2.9193333910909144e-09 0.999999999999994
  outer loop
    vertex -5042.356475858201 145.31811048872143 4101.37818603995
    vertex -5071.178601229061 126.98180586090164 4101.378186039948
    vertex -5069.526339801531 127.66619495276879 4101.378186039948
  endloop
endfacet
facet normal -1.1078587392886549e-07 -2.9193333910909144e-09 0.999999999999994
  outer loop
    vertex -5042.356475858201 145.31811048872143 4101.37818603995
    vertex -5069.526339801531 127.66619495276879 4101.378186039948
    vertex -5067.820717287939 128.20397566558879 4101.378186039948
  endloop
endfacet
facet normal -1.1078587392886549e-07 -2.9193333910909144e-09 0.999999999999994
  outer loop
    vertex -5042.356475858201 145.31811048872143 4101.37818603995
    vertex -5067.820717287939 128.20397566558879 4101.378186039948
    vertex -5066.074714505497 128.59105516341722 4101.378186039948
  endloop
endfacet
facet normal -1.1078587392886549e-07 -2.9193333910909144e-09 0.999999999999994
  outer loop
    vertex -5042.356475858201 145.31811048872143 4101.37818603995
    vertex -5066.074714505497 128.59105516341722 4101.378186039948
    vertex -5064.301619589644 128.8244875375499 4101.378186039947
  endloop
endfacet
facet normal -1.1078587392886549e-07 -2.9193333910909144e-09 0.999999999999994
  outer loop
    vertex -5042.356475858201 145.31811048872143 4101.37818603995
    vertex -5064.301619589644 128.8244875375499 4101.378186039947
    vertex -5062.514926863315 128.90249622666997 4101.378186039948
  endloop
endfacet
facet normal -1.1078587392886549e-07 -2.9193333910909144e-09 0.999999999999994
  outer loop
    vertex -5042.356475858201 145.31811048872143 4101.37818603995
    vertex -5062.514926863315 128.90249622666997 4101.378186039948
    vertex -5060.728234136991 128.82448753755045 4101.378186039948
  endloop
endfacet
facet normal -1.1078587392886549e-07 -2.9193333910909144e-09 0.999999999999994
  outer loop
    vertex -5042.356475858201 145.31811048872143 4101.37818603995
    vertex -5060.728234136991 128.82448753755045 4101.378186039948
    vertex -5058.955139221152 128.59105516341722 4101.378186039948
  endloop
endfacet
facet normal -1.1078587392886549e-07 -2.9193333910909144e-09 0.999999999999994
  outer loop
    vertex -5042.356475858201 145.31811048872143 4101.37818603995
    vertex -5058.955139221152 128.59105516341722 4101.378186039948
    vertex -5057.209136438736 128.2039756655897 4101.378186039948
  endloop
endfacet
facet normal -1.1078587392886549e-07 -2.9193333910909144e-09 0.999999999999994
  outer loop
    vertex -5042.356475858201 145.31811048872143 4101.37818603995
    vertex -5057.209136438736 128.2039756655897 4101.378186039948
    vertex -5055.503513925179 127.66619495276879 4101.378186039948
  endloop
endfacet
facet normal -1.1078587392886549e-07 -2.9193333910909144e-09 0.999999999999994
  outer loop
    vertex -5042.356475858201 145.31811048872143 4101.37818603995
    vertex -5055.503513925179 127.66619495276879 4101.378186039948
    vertex -5053.851252497692 126.98180586090164 4101.378186039948
  endloop
endfacet
facet normal -1.1078587392886549e-07 -2.9193333910909144e-09 0.999999999999994
  outer loop
    vertex -5042.356475858201 145.31811048872143 4101.37818603995
    vertex -5053.851252497692 126.98180586090164 4101.378186039948
    vertex -5052.264926863402 126.15601700422302 4101.378186039948
  endloop
endfacet
facet normal -1.1078587392886549e-07 -2.9193333910909144e-09 0.999999999999994
  outer loop
    vertex -5042.356475858201 145.31811048872143 4101.37818603995
    vertex -5052.264926863402 126.15601700422302 4101.378186039948
    vertex -5050.756609918238 125.19511313455673 4101.378186039948
  endloop
endfacet
facet normal -1.1078587392886549e-07 -2.9193333910909144e-09 0.999999999999994
  outer loop
    vertex -5042.356475858201 145.31811048872143 4101.37818603995
    vertex -5050.756609918238 125.19511313455673 4101.378186039948
    vertex -5049.337780864895 124.1064073105595 4101.378186039948
  endloop
endfacet
facet normal -1.1078587392886549e-07 -2.9193333910909144e-09 0.999999999999994
  outer loop
    vertex -5042.356475858201 145.31811048872143 4101.37818603995
    vertex -5049.337780864895 124.1064073105595 4101.378186039948
    vertex -5048.019237849181 122.89818524093097 4101.378186039948
  endloop
endfacet
facet normal -1.1078587392886549e-07 -2.9193333910909144e-09 0.999999999999994
  outer loop
    vertex -5042.356475858201 145.31811048872143 4101.37818603995
    vertex -5048.019237849181 122.89818524093097 4101.378186039948
    vertex -5046.811015779609 121.57964222516786 4101.378186039948
  endloop
endfacet
facet normal -1.1078587392886549e-07 -2.9193333910909144e-09 0.999999999999994
  outer loop
    vertex -5042.356475858201 145.31811048872143 4101.37818603995
    vertex -5046.811015779609 121.57964222516786 4101.378186039948
    vertex -5045.722309955669 120.16081317177596 4101.378186039948
  endloop
endfacet
facet normal -1.1078587392886549e-07 -2.9193333910909144e-09 0.999999999999994
  outer loop
    vertex -5042.356475858201 145.31811048872143 4101.37818603995
    vertex -5045.722309955669 120.16081317177596 4101.378186039948
    vertex -5044.7614060860615 118.65249622656367 4101.378186039948
  endloop
endfacet
facet normal -1.1078587392886549e-07 -2.9193333910909144e-09 0.999999999999994
  outer loop
    vertex -5042.356475858201 145.31811048872143 4101.37818603995
    vertex -5044.7614060860615 118.65249622656367 4101.378186039948
    vertex -5043.935617229441 117.06617059223166 4101.378186039948
  endloop
endfacet
facet normal -1.1078587392886549e-07 -2.9193333910909144e-09 0.999999999999994
  outer loop
    vertex -5042.356475858201 145.31811048872143 4101.37818603995
    vertex -5043.935617229441 117.06617059223166 4101.378186039948
    vertex -5043.251228137635 115.41390916470635 4101.378186039948
  endloop
endfacet
facet normal -1.1078587392886549e-07 -2.9193333910909144e-09 0.999999999999994
  outer loop
    vertex -5042.356475858201 145.31811048872143 4101.37818603995
    vertex -5043.251228137635 115.41390916470635 4101.378186039948
    vertex -5042.713447424873 113.70828665111425 4101.378186039948
  endloop
endfacet
facet normal -1.1078587392886549e-07 -2.9193333910909144e-09 0.999999999999994
  outer loop
    vertex -5042.356475858201 145.31811048872143 4101.37818603995
    vertex -5042.713447424873 113.70828665111425 4101.378186039948
    vertex -5042.356473659451 144.31811048872385 4101.37818603995
  endloop
endfacet
facet normal -1.1078587392886549e-07 -2.9193333910909144e-09 0.999999999999994
  outer loop
    vertex -5042.356473659451 144.31811048872385 4101.37818603995
    vertex -5042.713447424873 113.70828665111425 4101.378186039948
    vertex -5042.326367927105 111.96228386866717 4101.378186039948
  endloop
endfacet
facet normal -1.1078587392886549e-07 -2.9193333910909144e-09 0.999999999999994
  outer loop
    vertex -5042.356473659451 144.31811048872385 4101.37818603995
    vertex -5042.326367927105 111.96228386866717 4101.378186039948
    vertex -5022.197711660401 108.40211048873883 4101.37818603995
  endloop
endfacet
facet normal -1.1078587392886549e-07 -2.9193333910909144e-09 0.999999999999994
  outer loop
    vertex -5022.197711660401 108.40211048873883 4101.37818603995
    vertex -5042.326367927105 111.96228386866717 4101.378186039948
    vertex -5042.092935553031 110.189188952803 4101.378186039948
  endloop
endfacet
facet normal -1.1078587392886549e-07 -2.9193333910909144e-09 0.999999999999994
  outer loop
    vertex -5022.197711660401 108.40211048873883 4101.37818603995
    vertex -5042.092935553031 110.189188952803 4101.378186039948
    vertex -5042.014926863968 108.40249622645771 4101.378186039948
  endloop
endfacet
facet normal 0.0 -0.008726535498412354 0.9999619230641711
  outer loop
    vertex -4962.924804594873 100.87240047747777 4026.5688254461957
    vertex -5112.9248045948725 108.90050743862817 4026.638885674256
    vertex -5112.9248045948725 100.87240047747777 4026.5688254461957
  endloop
endfacet
facet normal 0.0 -0.008726535498412354 0.9999619230641711
  outer loop
    vertex -5112.9248045948725 108.90050743862817 4026.638885674256
    vertex -4962.924804594873 100.87240047747777 4026.5688254461957
    vertex -4962.924804594873 108.90050743862817 4026.638885674256
  endloop
endfacet
facet normal 0.0 0.02617694830790219 0.9996573249755566
  outer loop
    vertex -4962.924804594873 116.92861439977803 4026.5688254461957
    vertex -5112.9248045948725 124.95427592177901 4026.3586661030395
    vertex -5112.9248045948725 116.92861439977803 4026.5688254461957
  endloop
endfacet
facet normal 0.0 0.02617694830790219 0.9996573249755566
  outer loop
    vertex -5112.9248045948725 124.95427592177901 4026.3586661030395
    vertex -4962.924804594873 116.92861439977803 4026.5688254461957
    vertex -4962.924804594873 124.95427592177901 4026.3586661030395
  endloop
endfacet
facet normal -1.0 -1.8464052497104613e-16 -1.0276654161278082e-15
  outer loop
    vertex -4962.924804594873 -86.96377382429546 4026.8913124004757
    vertex -4962.9248045948725 -91.59820957963801 3981.3484791441783
    vertex -4962.924804594873 -91.59820957965822 4024.8762023830827
  endloop
endfacet
facet normal -1.0 -1.8464052497104613e-16 -1.0276654161278082e-15
  outer loop
    vertex -4962.9248045948725 -91.59820957963801 3981.3484791441783
    vertex -4962.924804594873 -86.96377382429546 4026.8913124004757
    vertex -4962.9248045948725 -90.59820957965809 3981.3484791441783
  endloop
endfacet
facet normal -1.0 -1.8464052497104613e-16 -1.0276654161278082e-15
  outer loop
    vertex -4962.9248045948725 -90.59820957965809 3981.3484791441783
    vertex -4962.924804594873 -86.96377382429546 4026.8913124004757
    vertex -4962.924804594873 -86.00260998037948 3983.540467711114
  endloop
endfacet
facet normal -1.0 -1.8464052497104613e-16 -1.0276654161278082e-15
  outer loop
    vertex -4962.924804594873 -86.00260998037948 3983.540467711114
    vertex -4962.924804594873 -86.96377382429546 4026.8913124004757
    vertex -4962.924804594873 -78.9015062876147 4030.2308129576495
  endloop
endfacet
facet normal -1.0 -1.8464052497104613e-16 -1.0276654161278082e-15
  outer loop
    vertex -4962.924804594873 -86.00260998037948 3983.540467711114
    vertex -4962.924804594873 -78.9015062876147 4030.2308129576495
    vertex -4962.924804594873 -78.69706539452517 3986.8697961898524
  endloop
endfacet
facet normal -1.0 -1.8464052497104613e-16 -1.0276654161278082e-15
  outer loop
    vertex -4962.924804594873 -78.69706539452517 3986.8697961898524
    vertex -4962.924804594873 -78.9015062876147 4030.2308129576495
    vertex -4962.924804594873 -70.78218435230883 4033.429098922857
  endloop
endfacet
facet normal -1.0 -1.8464052497104613e-16 -1.0276654161278082e-15
  outer loop
    vertex -4962.924804594873 -78.69706539452517 3986.8697961898524
    vertex -4962.924804594873 -70.78218435230883 4033.429098922857
    vertex -4962.924804594873 -71.33452868472385 3990.071118262378
  endloop
endfacet
facet normal -1.0 -1.8464052497104613e-16 -1.0276654161278082e-15
  outer loop
    vertex -4962.924804594873 -71.33452868472385 3990.071118262378
    vertex -4962.924804594873 -70.78218435230883 4033.429098922857
    vertex -4962.924804594873 -63.91724255097801 3993.1434587749777
  endloop
endfacet
facet normal -1.0 -1.8464052497104613e-16 -1.0276654161278082e-15
  outer loop
    vertex -4962.924804594873 -63.91724255097801 3993.1434587749777
    vertex -4962.924804594873 -70.78218435230883 4033.429098922857
    vertex -4962.924804594873 -62.60828124249369 4036.48519606721
  endloop
endfacet
facet normal -1.0 -1.8464052497104613e-16 -1.0276654161278082e-15
  outer loop
    vertex -4962.924804594873 -63.91724255097801 3993.1434587749777
    vertex -4962.924804594873 -62.60828124249369 4036.48519606721
    vertex -4962.924804594873 -56.447466370496834 3996.085881862969
  endloop
endfacet
facet normal -1.0 -1.8464052497104613e-16 -1.0276654161278082e-15
  outer loop
    vertex -4962.924804594873 -56.447466370496834 3996.085881862969
    vertex -4962.924804594873 -62.60828124249369 4036.48519606721
    vertex -4962.924804594873 -54.382286808236465 4039.398173473914
  endloop
endfacet
facet normal -1.0 -1.8464052497104613e-16 -1.0276654161278082e-15
  outer loop
    vertex -4962.924804594873 -56.447466370496834 3996.085881862969
    vertex -4962.924804594873 -54.382286808236465 4039.398173473914
    vertex -4962.924804594873 -48.92747550946556 3998.897491235774
  endloop
endfacet
facet normal -1.0 -1.8464052497104613e-16 -1.0276654161278082e-15
  outer loop
    vertex -4962.924804594873 -48.92747550946556 3998.897491235774
    vertex -4962.924804594873 -54.382286808236465 4039.398173473914
    vertex -4962.924804594873 -46.10670676713253 4042.167143821832
  endloop
endfacet
facet normal -1.0 -1.8464052497104613e-16 -1.0276654161278082e-15
  outer loop
    vertex -4962.924804594873 -48.92747550946556 3998.897491235774
    vertex -4962.924804594873 -46.10670676713253 4042.167143821832
    vertex -4962.924804594873 -41.35956062995059 4001.577430449942
  endloop
endfacet
facet normal -1.0 -1.8464052497104613e-16 -1.0276654161278082e-15
  outer loop
    vertex -4962.924804594873 -41.35956062995059 4001.577430449942
    vertex -4962.924804594873 -46.10670676713253 4042.167143821832
    vertex -4962.924804594873 -37.78406194102685 4044.791263655774
  endloop
endfacet
facet normal -1.0 -1.8464052497104613e-16 -1.0276654161278082e-15
  outer loop
    vertex -4962.924804594873 -41.35956062995059 4001.577430449942
    vertex -4962.924804594873 -37.78406194102685 4044.791263655774
    vertex -4962.924804594873 -33.74602699213459 4004.124883170027
  endloop
endfacet
facet normal -1.0 -1.8464052497104613e-16 -1.0276654161278082e-15
  outer loop
    vertex -4962.924804594873 -33.74602699213459 4004.124883170027
    vertex -4962.924804594873 -37.78406194102685 4044.791263655774
    vertex -4962.924804594873 -29.416887488158153 4047.2697336434153
  endloop
endfacet
facet normal -1.0 -1.8464052497104613e-16 -1.0276654161278082e-15
  outer loop
    vertex -4962.924804594873 -33.74602699213459 4004.124883170027
    vertex -4962.924804594873 -29.416887488158153 4047.2697336434153
    vertex -4962.924804594873 -26.089193752117566 4006.5390734172515
  endloop
endfacet
facet normal -1.0 -1.8464052497104613e-16 -1.0276654161278082e-15
  outer loop
    vertex -4962.924804594873 -26.089193752117566 4006.5390734172515
    vertex -4962.924804594873 -29.416887488158153 4047.2697336434153
    vertex -4962.924804594873 -21.00773213091893 4049.601798818789
  endloop
endfacet
facet normal -1.0 -1.8464052497104613e-16 -1.0276654161278082e-15
  outer loop
    vertex -4962.924804594873 -26.089193752117566 4006.5390734172515
    vertex -4962.924804594873 -21.00773213091893 4049.601798818789
    vertex -4962.924804594873 -18.391393255478167 4008.819265805883
  endloop
endfacet
facet normal -1.0 -1.8464052497104613e-16 -1.0276654161278082e-15
  outer loop
    vertex -4962.924804594873 -18.391393255478167 4008.819265805883
    vertex -4962.924804594873 -21.00773213091893 4049.601798818789
    vertex -4962.924804594873 -12.559157379492373 4051.7867488122542
  endloop
endfacet
facet normal -1.0 -1.8464052497104613e-16 -1.0276654161278082e-15
  outer loop
    vertex -4962.924804594873 -18.391393255478167 4008.819265805883
    vertex -4962.924804594873 -12.559157379492373 4051.7867488122542
    vertex -4962.924804594873 -10.65497032681811 4010.9647657672276
  endloop
endfacet
facet normal -1.0 -1.8464052497104613e-16 -1.0276654161278082e-15
  outer loop
    vertex -4962.924804594873 -10.65497032681811 4010.9647657672276
    vertex -4962.924804594873 -12.559157379492373 4051.7867488122542
    vertex -4962.924804594873 -4.073736751591029 4053.8239180668725
  endloop
endfacet
facet normal -1.0 -1.8464052497104613e-16 -1.0276654161278082e-15
  outer loop
    vertex -4962.924804594873 -10.65497032681811 4010.9647657672276
    vertex -4962.924804594873 -4.073736751591029 4053.8239180668725
    vertex -4962.924804594873 -2.8822815555060877 4012.9749197612146
  endloop
endfacet
facet normal -1.0 -1.8464052497104613e-16 -1.0276654161278082e-15
  outer loop
    vertex -4962.924804594873 -2.8822815555060877 4012.9749197612146
    vertex -4962.924804594873 -4.073736751591029 4053.8239180668725
    vertex -4962.924804594873 4.445945011461384 4055.712686041159
  endloop
endfacet
facet normal -1.0 -1.8464052497104613e-16 -1.0276654161278082e-15
  outer loop
    vertex -4962.924804594873 -2.8822815555060877 4012.9749197612146
    vertex -4962.924804594873 4.445945011461384 4055.712686041159
    vertex -4962.924804594873 4.924305422163343 4014.8491154754643
  endloop
endfacet
facet normal -1.0 -1.8464052497104613e-16 -1.0276654161278082e-15
  outer loop
    vertex -4962.924804594873 4.924305422163343 4014.8491154754643
    vertex -4962.924804594873 4.445945011461384 4055.712686041159
    vertex -4962.924804594873 12.997292732068235 4057.4524773980884
  endloop
endfacet
facet normal -1.0 -1.8464052497104613e-16 -1.0276654161278082e-15
  outer loop
    vertex -4962.924804594873 4.924305422163343 4014.8491154754643
    vertex -4962.924804594873 12.997292732068235 4057.4524773980884
    vertex -4962.924804594873 12.762412644171715 4016.586782011807
  endloop
endfacet
facet normal -1.0 -1.8464052497104613e-16 -1.0276654161278082e-15
  outer loop
    vertex -4962.924804594873 12.762412644171715 4016.586782011807
    vertex -4962.924804594873 12.997292732068235 4057.4524773980884
    vertex -4962.924804594873 20.62965254713029 4018.1873900601813
  endloop
endfacet
facet normal -1.0 -1.8464052497104613e-16 -1.0276654161278082e-15
  outer loop
    vertex -4962.924804594873 20.62965254713029 4018.1873900601813
    vertex -4962.924804594873 12.997292732068235 4057.4524773980884
    vertex -4962.924804594873 21.577701586875374 4059.0427621803597
  endloop
endfacet
facet normal -1.0 -1.8464052497104613e-16 -1.0276654161278082e-15
  outer loop
    vertex -4962.924804594873 20.62965254713029 4018.1873900601813
    vertex -4962.924804594873 21.577701586875374 4059.0427621803597
    vertex -4962.924804594873 28.5236286935526 4019.650452059871
  endloop
endfacet
facet normal -1.0 -1.8464052497104613e-16 -1.0276654161278082e-15
  outer loop
    vertex -4962.924804594873 28.5236286935526 4019.650452059871
    vertex -4962.924804594873 21.577701586875374 4059.0427621803597
    vertex -4962.924804594873 30.184557900225396 4060.483055971825
  endloop
endfacet
facet normal -1.0 -1.8464052497104613e-16 -1.0276654161278082e-15
  outer loop
    vertex -4962.924804594873 28.5236286935526 4019.650452059871
    vertex -4962.924804594873 30.184557900225396 4060.483055971825
    vertex -4962.924804594873 36.44193650183445 4020.975522348019
  endloop
endfacet
facet normal -1.0 -1.8464052497104613e-16 -1.0276654161278082e-15
  outer loop
    vertex -4962.924804594873 36.44193650183445 4020.975522348019
    vertex -4962.924804594873 30.184557900225396 4060.483055971825
    vertex -4962.924804594873 38.81523994030829 4061.7729200450412
  endloop
endfacet
facet normal -1.0 -1.8464052497104613e-16 -1.0276654161278082e-15
  outer loop
    vertex -4962.924804594873 36.44193650183445 4020.975522348019
    vertex -4962.924804594873 38.81523994030829 4061.7729200450412
    vertex -4962.924804594873 44.382163978710864 4022.1621972953785
  endloop
endfacet
facet normal -1.0 -1.8464052497104613e-16 -1.0276654161278082e-15
  outer loop
    vertex -4962.924804594873 44.382163978710864 4022.1621972953785
    vertex -4962.924804594873 38.81523994030829 4061.7729200450412
    vertex -4962.924804594873 47.467118717766894 4062.9119614949173
  endloop
endfacet
facet normal -1.0 -1.8464052497104613e-16 -1.0276654161278082e-15
  outer loop
    vertex -4962.924804594873 44.382163978710864 4022.1621972953785
    vertex -4962.924804594873 47.467118717766894 4062.9119614949173
    vertex -4962.924804594873 52.34189245397296 4023.210115429264
  endloop
endfacet
facet normal -1.0 -1.8464052497104613e-16 -1.0276654161278082e-15
  outer loop
    vertex -4962.924804594873 52.34189245397296 4023.210115429264
    vertex -4962.924804594873 47.467118717766894 4062.9119614949173
    vertex -4962.924804594873 56.13755878651416 4063.8998333583922
  endloop
endfacet
facet normal -1.0 -1.8464052497104613e-16 -1.0276654161278082e-15
  outer loop
    vertex -4962.924804594873 52.34189245397296 4023.210115429264
    vertex -4962.924804594873 56.13755878651416 4063.8998333583922
    vertex -4962.924804594873 60.81741433550806 4024.1189575436615
  endloop
endfacet
facet normal -1.0 -1.8464052497104613e-16 -1.0276654161278082e-15
  outer loop
    vertex -4962.924804594873 60.81741433550806 4024.1189575436615
    vertex -4962.924804594873 56.13755878651416 4063.8998333583922
    vertex -4962.924804594873 64.82391904651111 4064.736234720129
  endloop
endfacet
facet normal -1.0 -1.8464052497104613e-16 -1.0276654161278082e-15
  outer loop
    vertex -4962.924804594873 60.81741433550806 4024.1189575436615
    vertex -4962.924804594873 64.82391904651111 4064.736234720129
    vertex -4962.924804594873 68.8088657747056 4024.888446796459
  endloop
endfacet
facet normal -1.0 -1.8464052497104613e-16 -1.0276654161278082e-15
  outer loop
    vertex -4962.924804594873 68.8088657747056 4024.888446796459
    vertex -4962.924804594873 64.82391904651111 4064.736234720129
    vertex -4962.924804594873 73.5235535482777 4065.4209108041678
  endloop
endfacet
facet normal -1.0 -1.8464052497104613e-16 -1.0276654161278082e-15
  outer loop
    vertex -4962.924804594873 68.8088657747056 4024.888446796459
    vertex -4962.924804594873 73.5235535482777 4065.4209108041678
    vertex -4962.924804594873 76.81252951633067 4025.5183487937757
  endloop
endfacet
facet normal -1.0 -1.8464052497104613e-16 -1.0276654161278082e-15
  outer loop
    vertex -4962.924804594873 76.81252951633067 4025.5183487937757
    vertex -4962.924804594873 73.5235535482777 4065.4209108041678
    vertex -4962.924804594873 82.23381229886851 4065.9536530515434
  endloop
endfacet
facet normal -1.0 -1.8464052497104613e-16 -1.0276654161278082e-15
  outer loop
    vertex -4962.924804594873 76.81252951633067 4025.5183487937757
    vertex -4962.924804594873 82.23381229886851 4065.9536530515434
    vertex -4962.924804594873 84.82596756687414 4026.0084716613596
  endloop
endfacet
facet normal -1.0 -1.8464052497104613e-16 -1.0276654161278082e-15
  outer loop
    vertex -4962.924804594873 84.82596756687414 4026.0084716613596
    vertex -4962.924804594873 82.23381229886851 4065.9536530515434
    vertex -4962.924804594873 90.95204206908953 4066.3342991838035
  endloop
endfacet
facet normal -1.0 -1.8464052497104613e-16 -1.0276654161278082e-15
  outer loop
    vertex -4962.924804594873 84.82596756687414 4026.0084716613596
    vertex -4962.924804594873 90.95204206908953 4066.3342991838035
    vertex -4962.924804594873 92.84673895547806 4026.3586661030395
  endloop
endfacet
facet normal -1.0 -1.8464052497104613e-16 -1.0276654161278082e-15
  outer loop
    vertex -4962.924804594873 92.84673895547806 4026.3586661030395
    vertex -4962.924804594873 90.95204206908953 4066.3342991838035
    vertex -4962.924804594873 99.67558720169788 4066.562733252452
  endloop
endfacet
facet normal -1.0 -1.8464052497104613e-16 -1.0276654161278082e-15
  outer loop
    vertex -4962.924804594873 92.84673895547806 4026.3586661030395
    vertex -4962.924804594873 99.67558720169788 4066.562733252452
    vertex -4962.924804594873 100.87240047747777 4026.5688254461957
  endloop
endfacet
facet normal -1.0 -1.8464052497104613e-16 -1.0276654161278082e-15
  outer loop
    vertex -4962.924804594873 100.87240047747777 4026.5688254461957
    vertex -4962.924804594873 99.67558720169788 4066.562733252452
    vertex -4962.924804594873 108.4017904203398 4066.6388856742556
  endloop
endfacet
facet normal -1.0 -1.8464052497104613e-16 -1.0276654161278082e-15
  outer loop
    vertex -4962.924804594873 100.87240047747777 4026.5688254461957
    vertex -4962.924804594873 108.4017904203398 4066.6388856742556
    vertex -4962.924804594873 108.90050743862817 4026.638885674256
  endloop
endfacet
facet normal -1.0 -1.8464052497104613e-16 -1.0276654161278082e-15
  outer loop
    vertex -4962.924804594873 108.90050743862817 4026.638885674256
    vertex -4962.924804594873 108.4017904203398 4066.6388856742556
    vertex -4962.924804594873 117.12799363898115 4066.562733252452
  endloop
endfacet
facet normal -1.0 -1.8464052497104613e-16 -1.0276654161278082e-15
  outer loop
    vertex -4962.924804594873 108.90050743862817 4026.638885674256
    vertex -4962.924804594873 117.12799363898115 4066.562733252452
    vertex -4962.924804594873 116.92861439977803 4026.5688254461957
  endloop
endfacet
facet normal -1.0 -1.8464052497104613e-16 -1.0276654161278082e-15
  outer loop
    vertex -4962.924804594873 116.92861439977803 4026.5688254461957
    vertex -4962.924804594873 117.12799363898115 4066.562733252452
    vertex -4962.924804594873 124.95427592177901 4026.3586661030395
  endloop
endfacet
facet normal -1.0 -1.8464052497104613e-16 -1.0276654161278082e-15
  outer loop
    vertex -4962.924804594873 124.95427592177901 4026.3586661030395
    vertex -4962.924804594873 117.12799363898115 4066.562733252452
    vertex -4962.924804594873 125.85153877159095 4066.3342991838035
  endloop
endfacet
facet normal -1.0 -1.8464052497104613e-16 -1.0276654161278082e-15
  outer loop
    vertex -4962.924804594873 124.95427592177901 4026.3586661030395
    vertex -4962.924804594873 125.85153877159095 4066.3342991838035
    vertex -4962.924804594873 132.4763302920942 4026.0084716613596
  endloop
endfacet
facet normal -1.0 -1.8464052497104613e-16 -1.0276654161278082e-15
  outer loop
    vertex -4962.924804594873 132.4763302920942 4026.0084716613596
    vertex -4962.924804594873 125.85153877159095 4066.3342991838035
    vertex -4962.924804594873 134.5697685418116 4065.9536530515434
  endloop
endfacet
facet normal -1.0 -1.8464052497104613e-16 -1.0276654161278082e-15
  outer loop
    vertex -4962.924804594873 132.4763302920942 4026.0084716613596
    vertex -4962.924804594873 134.5697685418116 4065.9536530515434
    vertex -4962.924804594873 140.48976834263766 4025.5183487937757
  endloop
endfacet
facet normal -1.0 -1.8464052497104613e-16 -1.0276654161278082e-15
  outer loop
    vertex -4962.924804594873 140.48976834263766 4025.5183487937757
    vertex -4962.924804594873 134.5697685418116 4065.9536530515434
    vertex -4962.924804594873 143.28002729240225 4065.4209108041678
  endloop
endfacet
facet normal -1.0 -1.8464052497104613e-16 -1.0276654161278082e-15
  outer loop
    vertex -4962.924804594873 140.48976834263766 4025.5183487937757
    vertex -4962.924804594873 143.28002729240225 4065.4209108041678
    vertex -4962.924804594873 148.56423599170802 4024.8816291556027
  endloop
endfacet
facet normal -1.0 -1.8464052497104613e-16 -1.0276654161278082e-15
  outer loop
    vertex -4962.924804594873 148.56423599170802 4024.8816291556027
    vertex -4962.924804594873 143.28002729240225 4065.4209108041678
    vertex -4962.924804594873 151.979661794169 4064.736234720129
  endloop
endfacet
facet normal -1.0 -1.8464052497104613e-16 -1.0276654161278082e-15
  outer loop
    vertex -4962.924804594873 148.56423599170802 4024.8816291556027
    vertex -4962.924804594873 151.979661794169 4064.736234720129
    vertex -4962.924804594873 156.48488352346007 4024.1189575436615
  endloop
endfacet
facet normal -1.0 -1.8464052497104613e-16 -1.0276654161278082e-15
  outer loop
    vertex -4962.924804594873 156.48488352346007 4024.1189575436615
    vertex -4962.924804594873 151.979661794169 4064.736234720129
    vertex -4962.924804594873 160.66602205416632 4063.8998333583922
  endloop
endfacet
facet normal -1.0 -1.8464052497104613e-16 -1.0276654161278082e-15
  outer loop
    vertex -4962.924804594873 156.48488352346007 4024.1189575436615
    vertex -4962.924804594873 160.66602205416632 4063.8998333583922
    vertex -4962.924804594873 164.46168838670823 4023.210115429264
  endloop
endfacet
facet normal -1.0 -1.8464052497104613e-16 -1.0276654161278082e-15
  outer loop
    vertex -4962.924804594873 164.46168838670823 4023.210115429264
    vertex -4962.924804594873 160.66602205416632 4063.8998333583922
    vertex -4962.924804594873 169.33646212291413 4062.9119614949173
  endloop
endfacet
facet normal -1.0 -1.8464052497104613e-16 -1.0276654161278082e-15
  outer loop
    vertex -4962.924804594873 164.46168838670823 4023.210115429264
    vertex -4962.924804594873 169.33646212291413 4062.9119614949173
    vertex -4962.924804594873 172.4214168619698 4022.1621972953785
  endloop
endfacet
facet normal -1.0 -1.8464052497104613e-16 -1.0276654161278082e-15
  outer loop
    vertex -4962.924804594873 172.4214168619698 4022.1621972953785
    vertex -4962.924804594873 169.33646212291413 4062.9119614949173
    vertex -4962.924804594873 177.98834090037238 4061.7729200450412
  endloop
endfacet
facet normal -1.0 -1.8464052497104613e-16 -1.0276654161278082e-15
  outer loop
    vertex -4962.924804594873 172.4214168619698 4022.1621972953785
    vertex -4962.924804594873 177.98834090037238 4061.7729200450412
    vertex -4962.924804594873 180.36164433884622 4020.975522348019
  endloop
endfacet
facet normal -1.0 -1.8464052497104613e-16 -1.0276654161278082e-15
  outer loop
    vertex -4962.924804594873 180.36164433884622 4020.975522348019
    vertex -4962.924804594873 177.98834090037238 4061.7729200450412
    vertex -4962.924804594873 186.61902294045564 4060.483055971825
  endloop
endfacet
facet normal -1.0 -1.8464052497104613e-16 -1.0276654161278082e-15
  outer loop
    vertex -4962.924804594873 180.36164433884622 4020.975522348019
    vertex -4962.924804594873 186.61902294045564 4060.483055971825
    vertex -4962.924804594873 188.2799521471279 4019.650452059871
  endloop
endfacet
facet normal -1.0 -1.8464052497104613e-16 -1.0276654161278082e-15
  outer loop
    vertex -4962.924804594873 188.2799521471279 4019.650452059871
    vertex -4962.924804594873 186.61902294045564 4060.483055971825
    vertex -4962.924804594873 195.22587925380512 4059.0427621803597
  endloop
endfacet
facet normal -1.0 -1.8464052497104613e-16 -1.0276654161278082e-15
  outer loop
    vertex -4962.924804594873 188.2799521471279 4019.650452059871
    vertex -4962.924804594873 195.22587925380512 4059.0427621803597
    vertex -4962.924804594873 196.17392829355092 4018.1873900601813
  endloop
endfacet
facet normal -1.0 -1.8464052497104613e-16 -1.0276654161278082e-15
  outer loop
    vertex -4962.924804594873 196.17392829355092 4018.1873900601813
    vertex -4962.924804594873 195.22587925380512 4059.0427621803597
    vertex -4962.924804594873 203.80628810861225 4057.4524773980884
  endloop
endfacet
facet normal -1.0 -1.8464052497104613e-16 -1.0276654161278082e-15
  outer loop
    vertex -4962.924804594873 196.17392829355092 4018.1873900601813
    vertex -4962.924804594873 203.80628810861225 4057.4524773980884
    vertex -4962.924804594873 204.0411681965095 4016.586782011807
  endloop
endfacet
facet normal -1.0 -1.8464052497104613e-16 -1.0276654161278082e-15
  outer loop
    vertex -4962.924804594873 204.0411681965095 4016.586782011807
    vertex -4962.924804594873 203.80628810861225 4057.4524773980884
    vertex -4962.924804594873 212.35763582921948 4055.712686041159
  endloop
endfacet
facet normal -1.0 -1.8464052497104613e-16 -1.0276654161278082e-15
  outer loop
    vertex -4962.924804594873 204.0411681965095 4016.586782011807
    vertex -4962.924804594873 212.35763582921948 4055.712686041159
    vertex -4962.924804594873 211.87927541851803 4014.8491154754643
  endloop
endfacet
facet normal -1.0 -1.8464052497104613e-16 -1.0276654161278082e-15
  outer loop
    vertex -4962.924804594873 211.87927541851803 4014.8491154754643
    vertex -4962.924804594873 212.35763582921948 4055.712686041159
    vertex -4962.924804594873 219.6858623961871 4012.9749197612146
  endloop
endfacet
facet normal -1.0 -1.8464052497104613e-16 -1.0276654161278082e-15
  outer loop
    vertex -4962.924804594873 219.6858623961871 4012.9749197612146
    vertex -4962.924804594873 212.35763582921948 4055.712686041159
    vertex -4962.924804594873 220.87731759227222 4053.8239180668725
  endloop
endfacet
facet normal -1.0 -1.8464052497104613e-16 -1.0276654161278082e-15
  outer loop
    vertex -4962.924804594873 219.6858623961871 4012.9749197612146
    vertex -4962.924804594873 220.87731759227222 4053.8239180668725
    vertex -4962.924804594873 227.4585511674993 4010.9647657672276
  endloop
endfacet
facet normal -1.0 -1.8464052497104613e-16 -1.0276654161278082e-15
  outer loop
    vertex -4962.924804594873 227.4585511674993 4010.9647657672276
    vertex -4962.924804594873 220.87731759227222 4053.8239180668725
    vertex -4962.924804594873 229.36273822017338 4051.7867488122542
  endloop
endfacet
facet normal -1.0 -1.8464052497104613e-16 -1.0276654161278082e-15
  outer loop
    vertex -4962.924804594873 227.4585511674993 4010.9647657672276
    vertex -4962.924804594873 229.36273822017338 4051.7867488122542
    vertex -4962.924804594873 235.19497409615937 4008.819265805883
  endloop
endfacet
facet normal -1.0 -1.8464052497104613e-16 -1.0276654161278082e-15
  outer loop
    vertex -4962.924804594873 235.19497409615937 4008.819265805883
    vertex -4962.924804594873 229.36273822017338 4051.7867488122542
    vertex -4962.924804594873 237.81131297159996 4049.601798818789
  endloop
endfacet
facet normal -1.0 -1.8464052497104613e-16 -1.0276654161278082e-15
  outer loop
    vertex -4962.924804594873 235.19497409615937 4008.819265805883
    vertex -4962.924804594873 237.81131297159996 4049.601798818789
    vertex -4962.924804594873 242.8927745927995 4006.5390734172515
  endloop
endfacet
facet normal -1.0 -1.8464052497104613e-16 -1.0276654161278082e-15
  outer loop
    vertex -4962.924804594873 242.8927745927995 4006.5390734172515
    vertex -4962.924804594873 237.81131297159996 4049.601798818789
    vertex -4962.924804594873 246.2204683288406 4047.2697336434153
  endloop
endfacet
facet normal -1.0 -1.8464052497104613e-16 -1.0276654161278082e-15
  outer loop
    vertex -4962.924804594873 242.8927745927995 4006.5390734172515
    vertex -4962.924804594873 246.2204683288406 4047.2697336434153
    vertex -4962.924804594873 250.54960783281635 4004.124883170027
  endloop
endfacet
facet normal -1.0 -1.8464052497104613e-16 -1.0276654161278082e-15
  outer loop
    vertex -4962.924804594873 250.54960783281635 4004.124883170027
    vertex -4962.924804594873 246.2204683288406 4047.2697336434153
    vertex -4962.924804594873 254.58764278170932 4044.791263655774
  endloop
endfacet
facet normal -1.0 -1.8464052497104613e-16 -1.0276654161278082e-15
  outer loop
    vertex -4962.924804594873 250.54960783281635 4004.124883170027
    vertex -4962.924804594873 254.58764278170932 4044.791263655774
    vertex -4962.924804594873 258.16314147063235 4001.577430449942
  endloop
endfacet
facet normal -1.0 -1.8464052497104613e-16 -1.0276654161278082e-15
  outer loop
    vertex -4962.924804594873 258.16314147063235 4001.577430449942
    vertex -4962.924804594873 254.58764278170932 4044.791263655774
    vertex -4962.924804594873 262.91028760781444 4042.167143821833
  endloop
endfacet
facet normal -1.0 -1.8464052497104613e-16 -1.0276654161278082e-15
  outer loop
    vertex -4962.924804594873 258.16314147063235 4001.577430449942
    vertex -4962.924804594873 262.91028760781444 4042.167143821833
    vertex -4962.924804594873 265.7310563501482 3998.897491235774
  endloop
endfacet
facet normal -1.0 -1.8464052497104613e-16 -1.0276654161278082e-15
  outer loop
    vertex -4962.924804594873 265.7310563501482 3998.897491235774
    vertex -4962.924804594873 262.91028760781444 4042.167143821833
    vertex -4962.924804594873 271.1858676489191 4039.398173473914
  endloop
endfacet
facet normal -1.0 -1.8464052497104613e-16 -1.0276654161278082e-15
  outer loop
    vertex -4962.924804594873 265.7310563501482 3998.897491235774
    vertex -4962.924804594873 271.1858676489191 4039.398173473914
    vertex -4962.924804594873 273.2510472111791 3996.085881862969
  endloop
endfacet
facet normal -1.0 -1.8464052497104613e-16 -1.0276654161278082e-15
  outer loop
    vertex -4962.924804594873 273.2510472111791 3996.085881862969
    vertex -4962.924804594873 271.1858676489191 4039.398173473914
    vertex -4962.924804594873 279.4118620831758 4036.48519606721
  endloop
endfacet
facet normal -1.0 -1.8464052497104613e-16 -1.0276654161278082e-15
  outer loop
    vertex -4962.924804594873 273.2510472111791 3996.085881862969
    vertex -4962.924804594873 279.4118620831758 4036.48519606721
    vertex -4962.924804594873 280.7208233916608 3993.1434587749786
  endloop
endfacet
facet normal -1.0 -1.8464052497104613e-16 -1.0276654161278082e-15
  outer loop
    vertex -4962.924804594873 280.7208233916608 3993.1434587749786
    vertex -4962.924804594873 279.4118620831758 4036.48519606721
    vertex -4962.924804594873 287.5857651929908 4033.429098922857
  endloop
endfacet
facet normal -1.0 -1.8464052497104613e-16 -1.0276654161278082e-15
  outer loop
    vertex -4962.924804594873 280.7208233916608 3993.1434587749786
    vertex -4962.924804594873 287.5857651929908 4033.429098922857
    vertex -4962.924804594873 288.1381095254063 3990.071118262379
  endloop
endfacet
facet normal -1.0 -1.8464052497104613e-16 -1.0276654161278082e-15
  outer loop
    vertex -4962.924804594873 288.1381095254063 3990.071118262379
    vertex -4962.924804594873 287.5857651929908 4033.429098922857
    vertex -4962.924804594873 295.705087128297 4030.2308129576495
  endloop
endfacet
facet normal -1.0 -1.8464052497104613e-16 -1.0276654161278082e-15
  outer loop
    vertex -4962.924804594873 288.1381095254063 3990.071118262379
    vertex -4962.924804594873 295.705087128297 4030.2308129576495
    vertex -4962.924804594873 295.5006462352089 3986.8697961898524
  endloop
endfacet
facet normal -1.0 -1.8464052497104613e-16 -1.0276654161278082e-15
  outer loop
    vertex -4962.924804594873 295.5006462352089 3986.8697961898524
    vertex -4962.924804594873 295.705087128297 4030.2308129576495
    vertex -4962.924804594873 302.80619082106284 3983.540467711114
  endloop
endfacet
facet normal -1.0 -1.8464052497104613e-16 -1.0276654161278082e-15
  outer loop
    vertex -4962.924804594873 302.80619082106284 3983.540467711114
    vertex -4962.924804594873 295.705087128297 4030.2308129576495
    vertex -4962.924804594873 303.76735466497774 4026.8913124004766
  endloop
endfacet
facet normal -1.0 -1.8464052497104613e-16 -1.0276654161278082e-15
  outer loop
    vertex -4962.924804594873 302.80619082106284 3983.540467711114
    vertex -4962.924804594873 303.76735466497774 4026.8913124004766
    vertex -4962.924804594873 307.4017939253358 3981.3484774723847
  endloop
endfacet
facet normal -1.0 -1.8464052497104613e-16 -1.0276654161278082e-15
  outer loop
    vertex -4962.924804594873 307.4017939253358 3981.3484774723847
    vertex -4962.924804594873 303.76735466497774 4026.8913124004766
    vertex -4962.924804594873 308.4017904204629 4024.8762137987055
  endloop
endfacet
facet normal -1.0 -1.8464052497104613e-16 -1.0276654161278082e-15
  outer loop
    vertex -4962.924804594873 307.4017939253358 3981.3484774723847
    vertex -4962.924804594873 308.4017904204629 4024.8762137987055
    vertex -4962.924804594873 308.4017904204629 3981.3484774723847
  endloop
endfacet
facet normal 0.00024564434305152766 -0.07388288369261632 0.997266894645621
  outer loop
    vertex -4962.924804594873 68.8088657747056 4024.888446796459
    vertex -5112.9248045948725 76.81252951633067 4025.5183487937757
    vertex -5112.9248045948725 68.3101487564172 4024.888446796459
  endloop
endfacet
facet normal 0.0 -0.043619387365306676 0.9990482215818591
  outer loop
    vertex -4962.924804594873 84.82596756687414 4026.0084716613596
    vertex -5112.9248045948725 92.84673895547806 4026.3586661030395
    vertex -5112.9248045948725 84.82596756687414 4026.0084716613596
  endloop
endfacet
facet normal 0.0 -0.043619387365306676 0.9990482215818591
  outer loop
    vertex -5112.9248045948725 92.84673895547806 4026.3586661030395
    vertex -4962.924804594873 84.82596756687414 4026.0084716613596
    vertex -4962.924804594873 92.84673895547806 4026.3586661030395
  endloop
endfacet
facet normal 0.0 0.00872653549841304 0.9999619230641711
  outer loop
    vertex -4962.924804594873 108.90050743862817 4026.638885674256
    vertex -5112.9248045948725 116.92861439977803 4026.5688254461957
    vertex -5112.9248045948725 108.90050743862817 4026.638885674256
  endloop
endfacet
facet normal 0.0 0.00872653549841304 0.9999619230641711
  outer loop
    vertex -5112.9248045948725 116.92861439977803 4026.5688254461957
    vertex -4962.924804594873 108.90050743862817 4026.638885674256
    vertex -4962.924804594873 116.92861439977803 4026.5688254461957
  endloop
endfacet
facet normal 0.0003186660365700973 -0.09584574765377217 0.9953961478269074
  outer loop
    vertex -4962.924804594873 60.81741433550806 4024.1189575436615
    vertex -5112.9248045948725 68.3101487564172 4024.888446796459
    vertex -5112.9248045948725 60.3186973172195 4024.1189575436615
  endloop
endfacet
facet normal 0.0003186660365700973 -0.09584574765377217 0.9953961478269074
  outer loop
    vertex -5112.9248045948725 68.3101487564172 4024.888446796459
    vertex -4962.924804594873 60.81741433550806 4024.1189575436615
    vertex -4962.924804594873 68.8088657747056 4024.888446796459
  endloop
endfacet
facet normal 1.0 1.8230751984748304e-16 1.0287224048126272e-15
  outer loop
    vertex -5112.924804594872 -91.59820957963801 3981.348479144178
    vertex -5112.9248045948725 -86.96377382429546 4026.8913124004757
    vertex -5112.9248045948725 -91.59820957965822 4024.8762023830827
  endloop
endfacet
facet normal 1.0 1.8230751984748304e-16 1.0287224048126272e-15
  outer loop
    vertex -5112.9248045948725 -86.96377382429546 4026.8913124004757
    vertex -5112.924804594872 -91.59820957963801 3981.348479144178
    vertex -5112.924804594872 -90.59820957965809 3981.348479144178
  endloop
endfacet
facet normal 1.0 1.8230751984748304e-16 1.0287224048126272e-15
  outer loop
    vertex -5112.9248045948725 -86.96377382429546 4026.8913124004757
    vertex -5112.924804594872 -90.59820957965809 3981.348479144178
    vertex -5112.9248045948725 -86.00260998037948 3983.540467711114
  endloop
endfacet
facet normal 1.0 1.8230751984748304e-16 1.0287224048126272e-15
  outer loop
    vertex -5112.9248045948725 -86.96377382429546 4026.8913124004757
    vertex -5112.9248045948725 -86.00260998037948 3983.540467711114
    vertex -5112.9248045948725 -78.9015062876147 4030.2308129576495
  endloop
endfacet
facet normal 1.0 1.8230751984748304e-16 1.0287224048126272e-15
  outer loop
    vertex -5112.9248045948725 -78.9015062876147 4030.2308129576495
    vertex -5112.9248045948725 -86.00260998037948 3983.540467711114
    vertex -5112.9248045948725 -78.69706539452517 3986.8697961898524
  endloop
endfacet
facet normal 1.0 1.8230751984748304e-16 1.0287224048126272e-15
  outer loop
    vertex -5112.9248045948725 -78.9015062876147 4030.2308129576495
    vertex -5112.9248045948725 -78.69706539452517 3986.8697961898524
    vertex -5112.9248045948725 -70.78218435230883 4033.429098922857
  endloop
endfacet
facet normal 1.0 1.8230751984748304e-16 1.0287224048126272e-15
  outer loop
    vertex -5112.9248045948725 -70.78218435230883 4033.429098922857
    vertex -5112.9248045948725 -78.69706539452517 3986.8697961898524
    vertex -5112.9248045948725 -71.33452868472385 3990.071118262378
  endloop
endfacet
facet normal 1.0 1.8230751984748304e-16 1.0287224048126272e-15
  outer loop
    vertex -5112.9248045948725 -70.78218435230883 4033.429098922857
    vertex -5112.9248045948725 -71.33452868472385 3990.071118262378
    vertex -5112.9248045948725 -63.91724255097801 3993.1434587749777
  endloop
endfacet
facet normal 1.0 1.8230751984748304e-16 1.0287224048126272e-15
  outer loop
    vertex -5112.9248045948725 -70.78218435230883 4033.429098922857
    vertex -5112.9248045948725 -63.91724255097801 3993.1434587749777
    vertex -5112.9248045948725 -62.60828124249369 4036.48519606721
  endloop
endfacet
facet normal 1.0 1.8230751984748304e-16 1.0287224048126272e-15
  outer loop
    vertex -5112.9248045948725 -62.60828124249369 4036.48519606721
    vertex -5112.9248045948725 -63.91724255097801 3993.1434587749777
    vertex -5112.9248045948725 -56.447466370496834 3996.085881862969
  endloop
endfacet
facet normal 1.0 1.8230751984748304e-16 1.0287224048126272e-15
  outer loop
    vertex -5112.9248045948725 -62.60828124249369 4036.48519606721
    vertex -5112.9248045948725 -56.447466370496834 3996.085881862969
    vertex -5112.9248045948725 -54.382286808236465 4039.398173473914
  endloop
endfacet
facet normal 1.0 1.8230751984748304e-16 1.0287224048126272e-15
  outer loop
    vertex -5112.9248045948725 -54.382286808236465 4039.398173473914
    vertex -5112.9248045948725 -56.447466370496834 3996.085881862969
    vertex -5112.9248045948725 -48.92747550946556 3998.897491235774
  endloop
endfacet
facet normal 1.0 1.8230751984748304e-16 1.0287224048126272e-15
  outer loop
    vertex -5112.9248045948725 -54.382286808236465 4039.398173473914
    vertex -5112.9248045948725 -48.92747550946556 3998.897491235774
    vertex -5112.9248045948725 -46.10670676713253 4042.167143821832
  endloop
endfacet
facet normal 1.0 1.8230751984748304e-16 1.0287224048126272e-15
  outer loop
    vertex -5112.9248045948725 -46.10670676713253 4042.167143821832
    vertex -5112.9248045948725 -48.92747550946556 3998.897491235774
    vertex -5112.9248045948725 -41.35956062995059 4001.577430449942
  endloop
endfacet
facet normal 1.0 1.8230751984748304e-16 1.0287224048126272e-15
  outer loop
    vertex -5112.9248045948725 -46.10670676713253 4042.167143821832
    vertex -5112.9248045948725 -41.35956062995059 4001.577430449942
    vertex -5112.9248045948725 -37.78406194102685 4044.791263655774
  endloop
endfacet
facet normal 1.0 1.8230751984748304e-16 1.0287224048126272e-15
  outer loop
    vertex -5112.9248045948725 -37.78406194102685 4044.791263655774
    vertex -5112.9248045948725 -41.35956062995059 4001.577430449942
    vertex -5112.9248045948725 -33.74602699213459 4004.124883170027
  endloop
endfacet
facet normal 1.0 1.8230751984748304e-16 1.0287224048126272e-15
  outer loop
    vertex -5112.9248045948725 -37.78406194102685 4044.791263655774
    vertex -5112.9248045948725 -33.74602699213459 4004.124883170027
    vertex -5112.9248045948725 -29.416887488158153 4047.2697336434153
  endloop
endfacet
facet normal 1.0 1.8230751984748304e-16 1.0287224048126272e-15
  outer loop
    vertex -5112.9248045948725 -29.416887488158153 4047.2697336434153
    vertex -5112.9248045948725 -33.74602699213459 4004.124883170027
    vertex -5112.9248045948725 -26.089193752117566 4006.5390734172515
  endloop
endfacet
facet normal 1.0 1.8230751984748304e-16 1.0287224048126272e-15
  outer loop
    vertex -5112.9248045948725 -29.416887488158153 4047.2697336434153
    vertex -5112.9248045948725 -26.089193752117566 4006.5390734172515
    vertex -5112.9248045948725 -21.00773213091893 4049.601798818789
  endloop
endfacet
facet normal 1.0 1.8230751984748304e-16 1.0287224048126272e-15
  outer loop
    vertex -5112.9248045948725 -21.00773213091893 4049.601798818789
    vertex -5112.9248045948725 -26.089193752117566 4006.5390734172515
    vertex -5112.9248045948725 -18.391393255478167 4008.819265805883
  endloop
endfacet
facet normal 1.0 1.8230751984748304e-16 1.0287224048126272e-15
  outer loop
    vertex -5112.9248045948725 -21.00773213091893 4049.601798818789
    vertex -5112.9248045948725 -18.391393255478167 4008.819265805883
    vertex -5112.9248045948725 -12.559157379492373 4051.7867488122542
  endloop
endfacet
facet normal 1.0 1.8230751984748304e-16 1.0287224048126272e-15
  outer loop
    vertex -5112.9248045948725 -12.559157379492373 4051.7867488122542
    vertex -5112.9248045948725 -18.391393255478167 4008.819265805883
    vertex -5112.9248045948725 -10.65497032681811 4010.9647657672276
  endloop
endfacet
facet normal 1.0 1.8230751984748304e-16 1.0287224048126272e-15
  outer loop
    vertex -5112.9248045948725 -12.559157379492373 4051.7867488122542
    vertex -5112.9248045948725 -10.65497032681811 4010.9647657672276
    vertex -5112.9248045948725 -4.073736751591029 4053.8239180668725
  endloop
endfacet
facet normal 1.0 1.8230751984748304e-16 1.0287224048126272e-15
  outer loop
    vertex -5112.9248045948725 -4.073736751591029 4053.8239180668725
    vertex -5112.9248045948725 -10.65497032681811 4010.9647657672276
    vertex -5112.9248045948725 -2.8822815555060877 4012.9749197612146
  endloop
endfacet
facet normal 1.0 1.8230751984748304e-16 1.0287224048126272e-15
  outer loop
    vertex -5112.9248045948725 -4.073736751591029 4053.8239180668725
    vertex -5112.9248045948725 -2.8822815555060877 4012.9749197612146
    vertex -5112.9248045948725 4.445945011461384 4055.712686041159
  endloop
endfacet
facet normal 1.0 1.8230751984748304e-16 1.0287224048126272e-15
  outer loop
    vertex -5112.9248045948725 4.445945011461384 4055.712686041159
    vertex -5112.9248045948725 -2.8822815555060877 4012.9749197612146
    vertex -5112.9248045948725 4.924305422163343 4014.8491154754643
  endloop
endfacet
facet normal 1.0 1.8230751984748304e-16 1.0287224048126272e-15
  outer loop
    vertex -5112.9248045948725 4.445945011461384 4055.712686041159
    vertex -5112.9248045948725 4.924305422163343 4014.8491154754643
    vertex -5112.9248045948725 12.997292732068235 4057.4524773980884
  endloop
endfacet
facet normal 1.0 1.8230751984748304e-16 1.0287224048126272e-15
  outer loop
    vertex -5112.9248045948725 12.997292732068235 4057.4524773980884
    vertex -5112.9248045948725 4.924305422163343 4014.8491154754643
    vertex -5112.9248045948725 12.762412644171715 4016.586782011807
  endloop
endfacet
facet normal 1.0 1.8230751984748304e-16 1.0287224048126272e-15
  outer loop
    vertex -5112.9248045948725 12.997292732068235 4057.4524773980884
    vertex -5112.9248045948725 12.762412644171715 4016.586782011807
    vertex -5112.9248045948725 20.62965254713029 4018.1873900601813
  endloop
endfacet
facet normal 1.0 1.8230751984748304e-16 1.0287224048126272e-15
  outer loop
    vertex -5112.9248045948725 12.997292732068235 4057.4524773980884
    vertex -5112.9248045948725 20.62965254713029 4018.1873900601813
    vertex -5112.9248045948725 21.577701586875374 4059.0427621803597
  endloop
endfacet
facet normal 1.0 1.8230751984748304e-16 1.0287224048126272e-15
  outer loop
    vertex -5112.9248045948725 21.577701586875374 4059.0427621803597
    vertex -5112.9248045948725 20.62965254713029 4018.1873900601813
    vertex -5112.9248045948725 28.5236286935526 4019.650452059871
  endloop
endfacet
facet normal 1.0 1.8230751984748304e-16 1.0287224048126272e-15
  outer loop
    vertex -5112.9248045948725 21.577701586875374 4059.0427621803597
    vertex -5112.9248045948725 28.5236286935526 4019.650452059871
    vertex -5112.9248045948725 30.184557900225396 4060.483055971825
  endloop
endfacet
facet normal 1.0 1.8230751984748304e-16 1.0287224048126272e-15
  outer loop
    vertex -5112.9248045948725 30.184557900225396 4060.483055971825
    vertex -5112.9248045948725 28.5236286935526 4019.650452059871
    vertex -5112.9248045948725 36.44193650183445 4020.975522348019
  endloop
endfacet
facet normal 1.0 1.8230751984748304e-16 1.0287224048126272e-15
  outer loop
    vertex -5112.9248045948725 30.184557900225396 4060.483055971825
    vertex -5112.9248045948725 36.44193650183445 4020.975522348019
    vertex -5112.9248045948725 38.81523994030829 4061.7729200450412
  endloop
endfacet
facet normal 1.0 1.8230751984748304e-16 1.0287224048126272e-15
  outer loop
    vertex -5112.9248045948725 38.81523994030829 4061.7729200450412
    vertex -5112.9248045948725 36.44193650183445 4020.975522348019
    vertex -5112.9248045948725 44.382163978710864 4022.1621972953785
  endloop
endfacet
facet normal 1.0 1.8230751984748304e-16 1.0287224048126272e-15
  outer loop
    vertex -5112.9248045948725 38.81523994030829 4061.7729200450412
    vertex -5112.9248045948725 44.382163978710864 4022.1621972953785
    vertex -5112.9248045948725 47.467118717766894 4062.9119614949173
  endloop
endfacet
facet normal 1.0 1.8230751984748304e-16 1.0287224048126272e-15
  outer loop
    vertex -5112.9248045948725 47.467118717766894 4062.9119614949173
    vertex -5112.9248045948725 44.382163978710864 4022.1621972953785
    vertex -5112.9248045948725 52.34189245397296 4023.210115429264
  endloop
endfacet
facet normal 1.0 1.8230751984748304e-16 1.0287224048126272e-15
  outer loop
    vertex -5112.9248045948725 47.467118717766894 4062.9119614949173
    vertex -5112.9248045948725 52.34189245397296 4023.210115429264
    vertex -5112.9248045948725 56.13755878651416 4063.8998333583922
  endloop
endfacet
facet normal 1.0 1.8230751984748304e-16 1.0287224048126272e-15
  outer loop
    vertex -5112.9248045948725 56.13755878651416 4063.8998333583922
    vertex -5112.9248045948725 52.34189245397296 4023.210115429264
    vertex -5112.9248045948725 60.3186973172195 4024.1189575436615
  endloop
endfacet
facet normal 1.0 1.8230751984748304e-16 1.0287224048126272e-15
  outer loop
    vertex -5112.9248045948725 56.13755878651416 4063.8998333583922
    vertex -5112.9248045948725 60.3186973172195 4024.1189575436615
    vertex -5112.9248045948725 64.82391904651111 4064.736234720129
  endloop
endfacet
facet normal 1.0 1.8230751984748304e-16 1.0287224048126272e-15
  outer loop
    vertex -5112.9248045948725 64.82391904651111 4064.736234720129
    vertex -5112.9248045948725 60.3186973172195 4024.1189575436615
    vertex -5112.9248045948725 68.3101487564172 4024.888446796459
  endloop
endfacet
facet normal 1.0 1.8230751984748304e-16 1.0287224048126272e-15
  outer loop
    vertex -5112.9248045948725 64.82391904651111 4064.736234720129
    vertex -5112.9248045948725 68.3101487564172 4024.888446796459
    vertex -5112.9248045948725 73.5235535482777 4065.4209108041678
  endloop
endfacet
facet normal 1.0 1.8230751984748304e-16 1.0287224048126272e-15
  outer loop
    vertex -5112.9248045948725 73.5235535482777 4065.4209108041678
    vertex -5112.9248045948725 68.3101487564172 4024.888446796459
    vertex -5112.9248045948725 76.81252951633067 4025.5183487937757
  endloop
endfacet
facet normal 1.0 1.8230751984748304e-16 1.0287224048126272e-15
  outer loop
    vertex -5112.9248045948725 73.5235535482777 4065.4209108041678
    vertex -5112.9248045948725 76.81252951633067 4025.5183487937757
    vertex -5112.9248045948725 82.23381229886851 4065.9536530515434
  endloop
endfacet
facet normal 1.0 1.8230751984748304e-16 1.0287224048126272e-15
  outer loop
    vertex -5112.9248045948725 82.23381229886851 4065.9536530515434
    vertex -5112.9248045948725 76.81252951633067 4025.5183487937757
    vertex -5112.9248045948725 84.82596756687414 4026.0084716613596
  endloop
endfacet
facet normal 1.0 1.8230751984748304e-16 1.0287224048126272e-15
  outer loop
    vertex -5112.9248045948725 82.23381229886851 4065.9536530515434
    vertex -5112.9248045948725 84.82596756687414 4026.0084716613596
    vertex -5112.9248045948725 90.95204206908953 4066.3342991838035
  endloop
endfacet
facet normal 1.0 1.8230751984748304e-16 1.0287224048126272e-15
  outer loop
    vertex -5112.9248045948725 90.95204206908953 4066.3342991838035
    vertex -5112.9248045948725 84.82596756687414 4026.0084716613596
    vertex -5112.9248045948725 92.84673895547806 4026.3586661030395
  endloop
endfacet
facet normal 1.0 1.8230751984748304e-16 1.0287224048126272e-15
  outer loop
    vertex -5112.9248045948725 90.95204206908953 4066.3342991838035
    vertex -5112.9248045948725 92.84673895547806 4026.3586661030395
    vertex -5112.9248045948725 99.67558720169788 4066.562733252452
  endloop
endfacet
facet normal 1.0 1.8230751984748304e-16 1.0287224048126272e-15
  outer loop
    vertex -5112.9248045948725 99.67558720169788 4066.562733252452
    vertex -5112.9248045948725 92.84673895547806 4026.3586661030395
    vertex -5112.9248045948725 100.87240047747777 4026.5688254461957
  endloop
endfacet
facet normal 1.0 1.8230751984748304e-16 1.0287224048126272e-15
  outer loop
    vertex -5112.9248045948725 99.67558720169788 4066.562733252452
    vertex -5112.9248045948725 100.87240047747777 4026.5688254461957
    vertex -5112.9248045948725 108.4017904203398 4066.6388856742556
  endloop
endfacet
facet normal 1.0 1.8230751984748304e-16 1.0287224048126272e-15
  outer loop
    vertex -5112.9248045948725 108.4017904203398 4066.6388856742556
    vertex -5112.9248045948725 100.87240047747777 4026.5688254461957
    vertex -5112.9248045948725 108.90050743862817 4026.638885674256
  endloop
endfacet
facet normal 1.0 1.8230751984748304e-16 1.0287224048126272e-15
  outer loop
    vertex -5112.9248045948725 108.4017904203398 4066.6388856742556
    vertex -5112.9248045948725 108.90050743862817 4026.638885674256
    vertex -5112.9248045948725 117.12799363898115 4066.562733252452
  endloop
endfacet
facet normal 1.0 1.8230751984748304e-16 1.0287224048126272e-15
  outer loop
    vertex -5112.9248045948725 117.12799363898115 4066.562733252452
    vertex -5112.9248045948725 108.90050743862817 4026.638885674256
    vertex -5112.9248045948725 116.92861439977803 4026.5688254461957
  endloop
endfacet
facet normal 1.0 1.8230751984748304e-16 1.0287224048126272e-15
  outer loop
    vertex -5112.9248045948725 117.12799363898115 4066.562733252452
    vertex -5112.9248045948725 116.92861439977803 4026.5688254461957
    vertex -5112.9248045948725 124.95427592177901 4026.3586661030395
  endloop
endfacet
facet normal 1.0 1.8230751984748304e-16 1.0287224048126272e-15
  outer loop
    vertex -5112.9248045948725 117.12799363898115 4066.562733252452
    vertex -5112.9248045948725 124.95427592177901 4026.3586661030395
    vertex -5112.9248045948725 125.85153877159095 4066.3342991838035
  endloop
endfacet
facet normal 1.0 1.8230751984748304e-16 1.0287224048126272e-15
  outer loop
    vertex -5112.9248045948725 125.85153877159095 4066.3342991838035
    vertex -5112.9248045948725 124.95427592177901 4026.3586661030395
    vertex -5112.9248045948725 132.4763302920942 4026.0084716613596
  endloop
endfacet
facet normal 1.0 1.8230751984748304e-16 1.0287224048126272e-15
  outer loop
    vertex -5112.9248045948725 125.85153877159095 4066.3342991838035
    vertex -5112.9248045948725 132.4763302920942 4026.0084716613596
    vertex -5112.9248045948725 134.5697685418116 4065.9536530515434
  endloop
endfacet
facet normal 1.0 1.8230751984748304e-16 1.0287224048126272e-15
  outer loop
    vertex -5112.9248045948725 134.5697685418116 4065.9536530515434
    vertex -5112.9248045948725 132.4763302920942 4026.0084716613596
    vertex -5112.9248045948725 140.48976834263766 4025.5183487937757
  endloop
endfacet
facet normal 1.0 1.8230751984748304e-16 1.0287224048126272e-15
  outer loop
    vertex -5112.9248045948725 134.5697685418116 4065.9536530515434
    vertex -5112.9248045948725 140.48976834263766 4025.5183487937757
    vertex -5112.9248045948725 143.28002729240225 4065.4209108041678
  endloop
endfacet
facet normal 1.0 1.8230751984748304e-16 1.0287224048126272e-15
  outer loop
    vertex -5112.9248045948725 143.28002729240225 4065.4209108041678
    vertex -5112.9248045948725 140.48976834263766 4025.5183487937757
    vertex -5112.9248045948725 148.56423599170802 4024.8816291556027
  endloop
endfacet
facet normal 1.0 1.8230751984748304e-16 1.0287224048126272e-15
  outer loop
    vertex -5112.9248045948725 143.28002729240225 4065.4209108041678
    vertex -5112.9248045948725 148.56423599170802 4024.8816291556027
    vertex -5112.9248045948725 151.979661794169 4064.736234720129
  endloop
endfacet
facet normal 1.0 1.8230751984748304e-16 1.0287224048126272e-15
  outer loop
    vertex -5112.9248045948725 151.979661794169 4064.736234720129
    vertex -5112.9248045948725 148.56423599170802 4024.8816291556027
    vertex -5112.9248045948725 156.48488352346007 4024.1189575436615
  endloop
endfacet
facet normal 1.0 1.8230751984748304e-16 1.0287224048126272e-15
  outer loop
    vertex -5112.9248045948725 151.979661794169 4064.736234720129
    vertex -5112.9248045948725 156.48488352346007 4024.1189575436615
    vertex -5112.9248045948725 160.66602205416632 4063.8998333583922
  endloop
endfacet
facet normal 1.0 1.8230751984748304e-16 1.0287224048126272e-15
  outer loop
    vertex -5112.9248045948725 160.66602205416632 4063.8998333583922
    vertex -5112.9248045948725 156.48488352346007 4024.1189575436615
    vertex -5112.9248045948725 164.46168838670823 4023.210115429264
  endloop
endfacet
facet normal 1.0 1.8230751984748304e-16 1.0287224048126272e-15
  outer loop
    vertex -5112.9248045948725 160.66602205416632 4063.8998333583922
    vertex -5112.9248045948725 164.46168838670823 4023.210115429264
    vertex -5112.9248045948725 169.33646212291413 4062.9119614949173
  endloop
endfacet
facet normal 1.0 1.8230751984748304e-16 1.0287224048126272e-15
  outer loop
    vertex -5112.9248045948725 169.33646212291413 4062.9119614949173
    vertex -5112.9248045948725 164.46168838670823 4023.210115429264
    vertex -5112.9248045948725 172.4214168619698 4022.1621972953785
  endloop
endfacet
facet normal 1.0 1.8230751984748304e-16 1.0287224048126272e-15
  outer loop
    vertex -5112.9248045948725 169.33646212291413 4062.9119614949173
    vertex -5112.9248045948725 172.4214168619698 4022.1621972953785
    vertex -5112.9248045948725 177.98834090037238 4061.7729200450412
  endloop
endfacet
facet normal 1.0 1.8230751984748304e-16 1.0287224048126272e-15
  outer loop
    vertex -5112.9248045948725 177.98834090037238 4061.7729200450412
    vertex -5112.9248045948725 172.4214168619698 4022.1621972953785
    vertex -5112.9248045948725 180.36164433884622 4020.975522348019
  endloop
endfacet
facet normal 1.0 1.8230751984748304e-16 1.0287224048126272e-15
  outer loop
    vertex -5112.9248045948725 177.98834090037238 4061.7729200450412
    vertex -5112.9248045948725 180.36164433884622 4020.975522348019
    vertex -5112.9248045948725 186.61902294045564 4060.483055971825
  endloop
endfacet
facet normal 1.0 1.8230751984748304e-16 1.0287224048126272e-15
  outer loop
    vertex -5112.9248045948725 186.61902294045564 4060.483055971825
    vertex -5112.9248045948725 180.36164433884622 4020.975522348019
    vertex -5112.9248045948725 188.2799521471279 4019.650452059871
  endloop
endfacet
facet normal 1.0 1.8230751984748304e-16 1.0287224048126272e-15
  outer loop
    vertex -5112.9248045948725 186.61902294045564 4060.483055971825
    vertex -5112.9248045948725 188.2799521471279 4019.650452059871
    vertex -5112.9248045948725 195.22587925380512 4059.0427621803597
  endloop
endfacet
facet normal 1.0 1.8230751984748304e-16 1.0287224048126272e-15
  outer loop
    vertex -5112.9248045948725 195.22587925380512 4059.0427621803597
    vertex -5112.9248045948725 188.2799521471279 4019.650452059871
    vertex -5112.9248045948725 196.17392829355092 4018.1873900601813
  endloop
endfacet
facet normal 1.0 1.8230751984748304e-16 1.0287224048126272e-15
  outer loop
    vertex -5112.9248045948725 195.22587925380512 4059.0427621803597
    vertex -5112.9248045948725 196.17392829355092 4018.1873900601813
    vertex -5112.9248045948725 203.80628810861225 4057.4524773980884
  endloop
endfacet
facet normal 1.0 1.8230751984748304e-16 1.0287224048126272e-15
  outer loop
    vertex -5112.9248045948725 203.80628810861225 4057.4524773980884
    vertex -5112.9248045948725 196.17392829355092 4018.1873900601813
    vertex -5112.9248045948725 204.0411681965095 4016.586782011807
  endloop
endfacet
facet normal 1.0 1.8230751984748304e-16 1.0287224048126272e-15
  outer loop
    vertex -5112.9248045948725 203.80628810861225 4057.4524773980884
    vertex -5112.9248045948725 204.0411681965095 4016.586782011807
    vertex -5112.9248045948725 212.35763582921948 4055.712686041159
  endloop
endfacet
facet normal 1.0 1.8230751984748304e-16 1.0287224048126272e-15
  outer loop
    vertex -5112.9248045948725 212.35763582921948 4055.712686041159
    vertex -5112.9248045948725 204.0411681965095 4016.586782011807
    vertex -5112.9248045948725 211.87927541851803 4014.8491154754643
  endloop
endfacet
facet normal 1.0 1.8230751984748304e-16 1.0287224048126272e-15
  outer loop
    vertex -5112.9248045948725 212.35763582921948 4055.712686041159
    vertex -5112.9248045948725 211.87927541851803 4014.8491154754643
    vertex -5112.9248045948725 219.6858623961871 4012.9749197612146
  endloop
endfacet
facet normal 1.0 1.8230751984748304e-16 1.0287224048126272e-15
  outer loop
    vertex -5112.9248045948725 212.35763582921948 4055.712686041159
    vertex -5112.9248045948725 219.6858623961871 4012.9749197612146
    vertex -5112.9248045948725 220.87731759227222 4053.8239180668725
  endloop
endfacet
facet normal 1.0 1.8230751984748304e-16 1.0287224048126272e-15
  outer loop
    vertex -5112.9248045948725 220.87731759227222 4053.8239180668725
    vertex -5112.9248045948725 219.6858623961871 4012.9749197612146
    vertex -5112.9248045948725 227.4585511674993 4010.9647657672276
  endloop
endfacet
facet normal 1.0 1.8230751984748304e-16 1.0287224048126272e-15
  outer loop
    vertex -5112.9248045948725 220.87731759227222 4053.8239180668725
    vertex -5112.9248045948725 227.4585511674993 4010.9647657672276
    vertex -5112.9248045948725 229.36273822017338 4051.7867488122542
  endloop
endfacet
facet normal 1.0 1.8230751984748304e-16 1.0287224048126272e-15
  outer loop
    vertex -5112.9248045948725 229.36273822017338 4051.7867488122542
    vertex -5112.9248045948725 227.4585511674993 4010.9647657672276
    vertex -5112.9248045948725 235.19497409615937 4008.819265805883
  endloop
endfacet
facet normal 1.0 1.8230751984748304e-16 1.0287224048126272e-15
  outer loop
    vertex -5112.9248045948725 229.36273822017338 4051.7867488122542
    vertex -5112.9248045948725 235.19497409615937 4008.819265805883
    vertex -5112.9248045948725 237.81131297159996 4049.601798818789
  endloop
endfacet
facet normal 1.0 1.8230751984748304e-16 1.0287224048126272e-15
  outer loop
    vertex -5112.9248045948725 237.81131297159996 4049.601798818789
    vertex -5112.9248045948725 235.19497409615937 4008.819265805883
    vertex -5112.9248045948725 242.8927745927995 4006.5390734172515
  endloop
endfacet
facet normal 1.0 1.8230751984748304e-16 1.0287224048126272e-15
  outer loop
    vertex -5112.9248045948725 237.81131297159996 4049.601798818789
    vertex -5112.9248045948725 242.8927745927995 4006.5390734172515
    vertex -5112.9248045948725 246.2204683288406 4047.2697336434153
  endloop
endfacet
facet normal 1.0 1.8230751984748304e-16 1.0287224048126272e-15
  outer loop
    vertex -5112.9248045948725 246.2204683288406 4047.2697336434153
    vertex -5112.9248045948725 242.8927745927995 4006.5390734172515
    vertex -5112.9248045948725 250.54960783281635 4004.124883170027
  endloop
endfacet
facet normal 1.0 1.8230751984748304e-16 1.0287224048126272e-15
  outer loop
    vertex -5112.9248045948725 246.2204683288406 4047.2697336434153
    vertex -5112.9248045948725 250.54960783281635 4004.124883170027
    vertex -5112.9248045948725 254.58764278170932 4044.791263655774
  endloop
endfacet
facet normal 1.0 1.8230751984748304e-16 1.0287224048126272e-15
  outer loop
    vertex -5112.9248045948725 254.58764278170932 4044.791263655774
    vertex -5112.9248045948725 250.54960783281635 4004.124883170027
    vertex -5112.9248045948725 258.16314147063235 4001.577430449942
  endloop
endfacet
facet normal 1.0 1.8230751984748304e-16 1.0287224048126272e-15
  outer loop
    vertex -5112.9248045948725 254.58764278170932 4044.791263655774
    vertex -5112.9248045948725 258.16314147063235 4001.577430449942
    vertex -5112.9248045948725 262.91028760781444 4042.167143821833
  endloop
endfacet
facet normal 1.0 1.8230751984748304e-16 1.0287224048126272e-15
  outer loop
    vertex -5112.9248045948725 262.91028760781444 4042.167143821833
    vertex -5112.9248045948725 258.16314147063235 4001.577430449942
    vertex -5112.9248045948725 265.7310563501482 3998.897491235774
  endloop
endfacet
facet normal 1.0 1.8230751984748304e-16 1.0287224048126272e-15
  outer loop
    vertex -5112.9248045948725 262.91028760781444 4042.167143821833
    vertex -5112.9248045948725 265.7310563501482 3998.897491235774
    vertex -5112.9248045948725 271.1858676489191 4039.398173473914
  endloop
endfacet
facet normal 1.0 1.8230751984748304e-16 1.0287224048126272e-15
  outer loop
    vertex -5112.9248045948725 271.1858676489191 4039.398173473914
    vertex -5112.9248045948725 265.7310563501482 3998.897491235774
    vertex -5112.9248045948725 273.2510472111791 3996.085881862969
  endloop
endfacet
facet normal 1.0 1.8230751984748304e-16 1.0287224048126272e-15
  outer loop
    vertex -5112.9248045948725 271.1858676489191 4039.398173473914
    vertex -5112.9248045948725 273.2510472111791 3996.085881862969
    vertex -5112.9248045948725 279.4118620831758 4036.48519606721
  endloop
endfacet
facet normal 1.0 1.8230751984748304e-16 1.0287224048126272e-15
  outer loop
    vertex -5112.9248045948725 279.4118620831758 4036.48519606721
    vertex -5112.9248045948725 273.2510472111791 3996.085881862969
    vertex -5112.9248045948725 280.7208233916608 3993.1434587749786
  endloop
endfacet
facet normal 1.0 1.8230751984748304e-16 1.0287224048126272e-15
  outer loop
    vertex -5112.9248045948725 279.4118620831758 4036.48519606721
    vertex -5112.9248045948725 280.7208233916608 3993.1434587749786
    vertex -5112.9248045948725 287.5857651929908 4033.429098922857
  endloop
endfacet
facet normal 1.0 1.8230751984748304e-16 1.0287224048126272e-15
  outer loop
    vertex -5112.9248045948725 287.5857651929908 4033.429098922857
    vertex -5112.9248045948725 280.7208233916608 3993.1434587749786
    vertex -5112.9248045948725 288.1381095254063 3990.071118262379
  endloop
endfacet
facet normal 1.0 1.8230751984748304e-16 1.0287224048126272e-15
  outer loop
    vertex -5112.9248045948725 287.5857651929908 4033.429098922857
    vertex -5112.9248045948725 288.1381095254063 3990.071118262379
    vertex -5112.9248045948725 295.705087128297 4030.2308129576495
  endloop
endfacet
facet normal 1.0 1.8230751984748304e-16 1.0287224048126272e-15
  outer loop
    vertex -5112.9248045948725 295.705087128297 4030.2308129576495
    vertex -5112.9248045948725 288.1381095254063 3990.071118262379
    vertex -5112.9248045948725 295.5006462352089 3986.8697961898524
  endloop
endfacet
facet normal 1.0 1.8230751984748304e-16 1.0287224048126272e-15
  outer loop
    vertex -5112.9248045948725 295.705087128297 4030.2308129576495
    vertex -5112.9248045948725 295.5006462352089 3986.8697961898524
    vertex -5112.9248045948725 302.80619082106284 3983.540467711114
  endloop
endfacet
facet normal 1.0 1.8230751984748304e-16 1.0287224048126272e-15
  outer loop
    vertex -5112.9248045948725 295.705087128297 4030.2308129576495
    vertex -5112.9248045948725 302.80619082106284 3983.540467711114
    vertex -5112.9248045948725 303.76735466497774 4026.8913124004766
  endloop
endfacet
facet normal 1.0 1.8230751984748304e-16 1.0287224048126272e-15
  outer loop
    vertex -5112.9248045948725 303.76735466497774 4026.8913124004766
    vertex -5112.9248045948725 302.80619082106284 3983.540467711114
    vertex -5112.9248045948725 307.4017939253358 3981.3484774723847
  endloop
endfacet
facet normal 1.0 1.8230751984748304e-16 1.0287224048126272e-15
  outer loop
    vertex -5112.9248045948725 303.76735466497774 4026.8913124004766
    vertex -5112.9248045948725 307.4017939253358 3981.3484774723847
    vertex -5112.9248045948725 308.40179042064915 4024.8762023829486
  endloop
endfacet
facet normal 1.0 1.8230751984748304e-16 1.0287224048126272e-15
  outer loop
    vertex -5112.9248045948725 308.40179042064915 4024.8762023829486
    vertex -5112.9248045948725 307.4017939253358 3981.3484774723847
    vertex -5112.9248045948725 308.4017904204629 3981.3484774723847
  endloop
endfacet
facet normal 0.0 0.04650532007357149 0.9989180422861802
  outer loop
    vertex -4962.924804594873 124.95427592177901 4026.3586661030395
    vertex -5112.9248045948725 132.4763302920942 4026.0084716613596
    vertex -5112.9248045948725 124.95427592177901 4026.3586661030395
  endloop
endfacet
facet normal 0.0 0.04650532007357149 0.9989180422861802
  outer loop
    vertex -5112.9248045948725 132.4763302920942 4026.0084716613596
    vertex -4962.924804594873 124.95427592177901 4026.3586661030395
    vertex -4962.924804594873 132.4763302920942 4026.0084716613596
  endloop
endfacet
facet normal 0.0 -0.026176948307906598 0.9996573249755564
  outer loop
    vertex -4962.924804594873 92.84673895547806 4026.3586661030395
    vertex -5112.9248045948725 100.87240047747777 4026.5688254461957
    vertex -5112.9248045948725 92.84673895547806 4026.3586661030395
  endloop
endfacet
facet normal 0.0 -0.026176948307906598 0.9996573249755564
  outer loop
    vertex -5112.9248045948725 100.87240047747777 4026.5688254461957
    vertex -4962.924804594873 92.84673895547806 4026.3586661030395
    vertex -4962.924804594873 100.87240047747777 4026.5688254461957
  endloop
endfacet
facet normal 0.0 -0.06104853953476905 0.9981347984218725
  outer loop
    vertex -4962.924804594873 76.81252951633067 4025.5183487937757
    vertex -5112.9248045948725 84.82596756687414 4026.0084716613596
    vertex -5112.9248045948725 76.81252951633067 4025.5183487937757
  endloop
endfacet
facet normal 0.0 -0.06104853953476905 0.9981347984218725
  outer loop
    vertex -5112.9248045948725 84.82596756687414 4026.0084716613596
    vertex -4962.924804594873 76.81252951633067 4025.5183487937757
    vertex -4962.924804594873 84.82596756687414 4026.0084716613596
  endloop
endfacet
facet normal -0.9999999999999996 -1.246600451673308e-08 2.8942085482692756e-08
  outer loop
    vertex -5157.924784702092 -61.60098642389224 4161.709167444498
    vertex -5157.924781546914 71.48579042179071 4126.693164270396
    vertex -5157.924784702092 -61.60098642389224 4024.880499480703
  endloop
endfacet
facet normal -0.9999999999999996 -1.246600451673308e-08 2.8942085482692756e-08
  outer loop
    vertex -5157.924781546914 71.48579042179071 4126.693164270396
    vertex -5157.924784702092 -61.60098642389224 4161.709167444498
    vertex -5157.924784702092 278.40179618996933 4161.708291633244
  endloop
endfacet
facet normal -0.9999999999999996 -1.246600451673308e-08 2.8942085482692756e-08
  outer loop
    vertex -5157.924784702092 -61.60098642389224 4024.880499480703
    vertex -5157.924781546914 71.48579042179071 4126.693164270396
    vertex -5157.924781349078 71.48579042052629 4101.378164270395
  endloop
endfacet
facet normal -0.9999999999999996 -1.246600451673308e-08 2.8942085482692756e-08
  outer loop
    vertex -5157.924781546914 71.48579042179071 4126.693164270396
    vertex -5157.924784702092 278.40179618996933 4161.708291633244
    vertex -5157.924785944408 145.3177904217859 4126.693164270396
  endloop
endfacet
facet normal -0.9999999999999996 -1.246600451673308e-08 2.8942085482692756e-08
  outer loop
    vertex -5157.924785944408 145.3177904217859 4126.693164270396
    vertex -5157.924784702092 278.40179618996933 4161.708291633244
    vertex -5157.924790547444 278.4005874466895 4024.876832269013
  endloop
endfacet
facet normal -0.9999999999999996 -1.246600451673308e-08 2.8942085482692756e-08
  outer loop
    vertex -5157.924781349078 71.48579042052629 4101.378164270395
    vertex -5157.924790547444 278.4005874466895 4024.876832269013
    vertex -5157.924784702092 -61.60098642389224 4024.880499480703
  endloop
endfacet
facet normal -0.9999999999999996 -1.246600451673308e-08 2.8942085482692756e-08
  outer loop
    vertex -5157.924790547444 278.4005874466895 4024.876832269013
    vertex -5157.924781349078 71.48579042052629 4101.378164270395
    vertex -5157.924785746571 145.31779042052148 4101.378164270395
  endloop
endfacet
facet normal -0.9999999999999996 -1.246600451673308e-08 2.8942085482692756e-08
  outer loop
    vertex -5157.924790547444 278.4005874466895 4024.876832269013
    vertex -5157.924785746571 145.31779042052148 4101.378164270395
    vertex -5157.924785944408 145.3177904217859 4126.693164270396
  endloop
endfacet
facet normal -0.9999999999975828 -2.1987494335461023e-06 -7.814639491506258e-09
  outer loop
    vertex -5042.356473857287 144.31811048998807 4126.694195881324
    vertex -5042.356475858201 145.31811048872143 4101.37818603995
    vertex -5042.356473659451 144.31811048872385 4101.37818603995
  endloop
endfacet
facet normal -0.9999999999975828 -2.1987494335461023e-06 -7.814639491506258e-09
  outer loop
    vertex -5042.356475858201 145.31811048872143 4101.37818603995
    vertex -5042.356473857287 144.31811048998807 4126.694195881324
    vertex -5042.356476056036 145.31811048998588 4126.694195881324
  endloop
endfacet
facet normal 2.769515278907325e-06 -0.9999999999961648 4.996663687469653e-11
  outer loop
    vertex -5042.356475858201 145.31811048872143 4101.37818603995
    vertex -5157.924785944408 145.3177904217859 4126.693164270396
    vertex -5157.924785746571 145.31779042052148 4101.378164270395
  endloop
endfacet
facet normal 2.769515278907325e-06 -0.9999999999961648 4.996663687469653e-11
  outer loop
    vertex -5157.924785944408 145.3177904217859 4126.693164270396
    vertex -5042.356475858201 145.31811048872143 4101.37818603995
    vertex -5042.356476056036 145.31811048998588 4126.694195881324
  endloop
endfacet
facet normal -2.7695153569909486e-06 0.9999999999961648 -4.963512223138509e-11
  outer loop
    vertex -5157.924781546914 71.48579042179071 4126.693164270396
    vertex -5042.356471460707 71.48611048874378 4101.378186039947
    vertex -5157.924781349078 71.48579042052629 4101.378164270395
  endloop
endfacet
facet normal -2.7695153569909486e-06 0.9999999999961648 -4.963512223138509e-11
  outer loop
    vertex -5042.356471460707 71.48611048874378 4101.378186039947
    vertex -5157.924781546914 71.48579042179071 4126.693164270396
    vertex -5042.35647165849 71.48611048999123 4126.694195881324
  endloop
endfacet
facet normal 1.6640935575057997e-05 -3.9309864353596507e-07 -0.9999999998614624
  outer loop
    vertex -5157.924785944408 145.3177904217859 4126.693164270396
    vertex -5074.861262328935 126.03460302121275 4126.693186039949
    vertex -5157.924781546914 71.48579042179071 4126.693164270396
  endloop
endfacet
facet normal 1.6640935575057997e-05 -3.9309864353596507e-07 -0.9999999998614624
  outer loop
    vertex -5074.861262328935 126.03460302121275 4126.693186039949
    vertex -5157.924785944408 145.3177904217859 4126.693164270396
    vertex -5073.277529536446 127.0435520843633 4126.693186039949
  endloop
endfacet
facet normal 1.6640935575057997e-05 -3.9309864353596507e-07 -0.9999999998614624
  outer loop
    vertex -5073.277529536446 127.0435520843633 4126.693186039949
    vertex -5157.924785944408 145.3177904217859 4126.693164270396
    vertex -5042.356476056036 145.31811048998588 4126.694195881324
  endloop
endfacet
facet normal 1.6640935575057997e-05 -3.9309864353596507e-07 -0.9999999998614624
  outer loop
    vertex -5157.924781546914 71.48579042179071 4126.693164270396
    vertex -5074.861262328935 126.03460302121275 4126.693186039949
    vertex -5076.351032835018 124.89146190601653 4126.693186039949
  endloop
endfacet
facet normal 1.6640935575057997e-05 -3.9309864353596507e-07 -0.9999999998614624
  outer loop
    vertex -5157.924781546914 71.48579042179071 4126.693164270396
    vertex -5076.351032835018 124.89146190601653 4126.693186039949
    vertex -5077.735503001597 123.62282873290665 4126.693186039949
  endloop
endfacet
facet normal 1.6640935575057997e-05 -3.9309864353596507e-07 -0.9999999998614624
  outer loop
    vertex -5157.924781546914 71.48579042179071 4126.693164270396
    vertex -5077.735503001597 123.62282873290665 4126.693186039949
    vertex -5079.004136174735 122.23835856635466 4126.693186039949
  endloop
endfacet
facet normal 1.6640935575057997e-05 -3.9309864353596507e-07 -0.9999999998614624
  outer loop
    vertex -5157.924781546914 71.48579042179071 4126.693164270396
    vertex -5079.004136174735 122.23835856635466 4126.693186039949
    vertex -5080.147277289967 120.74858806029293 4126.693186039949
  endloop
endfacet
facet normal 1.6640935575057997e-05 -3.9309864353596507e-07 -0.9999999998614624
  outer loop
    vertex -5157.924781546914 71.48579042179071 4126.693164270396
    vertex -5080.147277289967 120.74858806029293 4126.693186039949
    vertex -5081.156226353156 119.16485526782093 4126.693186039949
  endloop
endfacet
facet normal 1.6640935575057997e-05 -3.9309864353596507e-07 -0.9999999998614624
  outer loop
    vertex -5157.924781546914 71.48579042179071 4126.693164270396
    vertex -5081.156226353156 119.16485526782093 4126.693186039949
    vertex -5082.023304652714 117.49921335177156 4126.693186039949
  endloop
endfacet
facet normal 1.6640935575057997e-05 -3.9309864353596507e-07 -0.9999999998614624
  outer loop
    vertex -5157.924781546914 71.48579042179071 4126.693164270396
    vertex -5082.023304652714 117.49921335177156 4126.693186039949
    vertex -5082.741913199222 115.7643388528701 4126.693186039949
  endloop
endfacet
facet normal 1.6640935575057997e-05 -3.9309864353596507e-07 -0.9999999998614624
  outer loop
    vertex -5157.924781546914 71.48579042179071 4126.693164270396
    vertex -5082.741913199222 115.7643388528701 4126.693186039949
    vertex -5083.306582947734 113.9734352135981 4126.693186039949
  endloop
endfacet
facet normal 1.6640935575057997e-05 -3.9309864353596507e-07 -0.9999999998614624
  outer loop
    vertex -5157.924781546914 71.48579042179071 4126.693164270396
    vertex -5083.306582947734 113.9734352135981 4126.693186039949
    vertex -5083.713016420507 112.14013229202794 4126.693186039949
  endloop
endfacet
facet normal 1.6640935575057997e-05 -3.9309864353596507e-07 -0.9999999998614624
  outer loop
    vertex -5157.924781546914 71.48579042179071 4126.693164270396
    vertex -5083.713016420507 112.14013229202794 4126.693186039949
    vertex -5083.958120413404 110.27838263037115 4126.693186039949
  endloop
endfacet
facet normal 1.6640935575057997e-05 -3.9309864353596507e-07 -0.9999999998614624
  outer loop
    vertex -5157.924781546914 71.48579042179071 4126.693164270396
    vertex -5083.958120413404 110.27838263037115 4126.693186039949
    vertex -5084.040029537038 108.40235526770967 4126.693186039949
  endloop
endfacet
facet normal 1.6640935575057997e-05 -3.9309864353596507e-07 -0.9999999998614624
  outer loop
    vertex -5073.277529536446 127.0435520843633 4126.693186039949
    vertex -5042.356476056036 145.31811048998588 4126.694195881324
    vertex -5071.611887620387 127.91063038387604 4126.693186039949
  endloop
endfacet
facet normal 1.6640935575057997e-05 -3.9309864353596507e-07 -0.9999999998614624
  outer loop
    vertex -5071.611887620387 127.91063038387604 4126.693186039949
    vertex -5042.356476056036 145.31811048998588 4126.694195881324
    vertex -5069.877013121481 128.62923893033553 4126.693186039947
  endloop
endfacet
facet normal 1.6640935575057997e-05 -3.9309864353596507e-07 -0.9999999998614624
  outer loop
    vertex -5069.877013121481 128.62923893033553 4126.693186039947
    vertex -5042.356476056036 145.31811048998588 4126.694195881324
    vertex -5068.0861094822085 129.19390867879724 4126.693186039949
  endloop
endfacet
facet normal 1.6640935575057997e-05 -3.9309864353596507e-07 -0.9999999998614624
  outer loop
    vertex -5068.0861094822085 129.19390867879724 4126.693186039949
    vertex -5042.356476056036 145.31811048998588 4126.694195881324
    vertex -5066.252806560645 129.60034215151725 4126.693186039949
  endloop
endfacet
facet normal 1.6640935575057997e-05 -3.9309864353596507e-07 -0.9999999998614624
  outer loop
    vertex -5066.252806560645 129.60034215151725 4126.693186039949
    vertex -5042.356476056036 145.31811048998588 4126.694195881324
    vertex -5064.3910568989995 129.84544614435555 4126.693186039949
  endloop
endfacet
facet normal 1.6640935575057997e-05 -3.9309864353596507e-07 -0.9999999998614624
  outer loop
    vertex -5064.3910568989995 129.84544614435555 4126.693186039949
    vertex -5042.356476056036 145.31811048998588 4126.694195881324
    vertex -5062.515029536354 129.92735526793254 4126.693186039949
  endloop
endfacet
facet normal 1.6640935575057997e-05 -3.9309864353596507e-07 -0.9999999998614624
  outer loop
    vertex -5062.515029536354 129.92735526793254 4126.693186039949
    vertex -5042.356476056036 145.31811048998588 4126.694195881324
    vertex -5060.639002173713 129.84544614435626 4126.693186039949
  endloop
endfacet
facet normal 1.6640935575057997e-05 -3.9309864353596507e-07 -0.9999999998614624
  outer loop
    vertex -5060.639002173713 129.84544614435626 4126.693186039949
    vertex -5042.356476056036 145.31811048998588 4126.694195881324
    vertex -5058.7772525120845 129.60034215151654 4126.693186039949
  endloop
endfacet
facet normal 1.6640935575057997e-05 -3.9309864353596507e-07 -0.9999999998614624
  outer loop
    vertex -5058.7772525120845 129.60034215151654 4126.693186039949
    vertex -5042.356476056036 145.31811048998588 4126.694195881324
    vertex -5056.943949590545 129.19390867879724 4126.693186039949
  endloop
endfacet
facet normal 1.6640935575057997e-05 -3.9309864353596507e-07 -0.9999999998614624
  outer loop
    vertex -5056.943949590545 129.19390867879724 4126.693186039949
    vertex -5042.356476056036 145.31811048998588 4126.694195881324
    vertex -5055.153045951311 128.62923893033553 4126.693186039949
  endloop
endfacet
facet normal 1.6640935575057997e-05 -3.9309864353596507e-07 -0.9999999998614624
  outer loop
    vertex -5055.153045951311 128.62923893033553 4126.693186039949
    vertex -5042.356476056036 145.31811048998588 4126.694195881324
    vertex -5053.41817145245 127.91063038387496 4126.694195881324
  endloop
endfacet
facet normal 1.6640935575057997e-05 -3.9309864353596507e-07 -0.9999999998614624
  outer loop
    vertex -5053.41817145245 127.91063038387496 4126.694195881324
    vertex -5042.356476056036 145.31811048998588 4126.694195881324
    vertex -5051.752529536446 127.0435520843624 4126.694195881321
  endloop
endfacet
facet normal 1.6640935575057997e-05 -3.9309864353596507e-07 -0.9999999998614624
  outer loop
    vertex -5051.752529536446 127.0435520843624 4126.694195881321
    vertex -5042.356476056036 145.31811048998588 4126.694195881324
    vertex -5050.168796744023 126.03460302121275 4126.694195881324
  endloop
endfacet
facet normal 1.6640935575057997e-05 -3.9309864353596507e-07 -0.9999999998614624
  outer loop
    vertex -5050.168796744023 126.03460302121275 4126.694195881324
    vertex -5042.356476056036 145.31811048998588 4126.694195881324
    vertex -5048.679026238013 124.8914619060158 4126.694195881324
  endloop
endfacet
facet normal 1.6640935575057997e-05 -3.9309864353596507e-07 -0.9999999998614624
  outer loop
    vertex -5048.679026238013 124.8914619060158 4126.694195881324
    vertex -5042.356476056036 145.31811048998588 4126.694195881324
    vertex -5047.294556071514 123.62282873290665 4126.694195881324
  endloop
endfacet
facet normal 1.6640935575057997e-05 -3.9309864353596507e-07 -0.9999999998614624
  outer loop
    vertex -5047.294556071514 123.62282873290665 4126.694195881324
    vertex -5042.356476056036 145.31811048998588 4126.694195881324
    vertex -5046.025922898463 122.23835856635466 4126.694195881324
  endloop
endfacet
facet normal 1.6640935575057997e-05 -3.9309864353596507e-07 -0.9999999998614624
  outer loop
    vertex -5046.025922898463 122.23835856635466 4126.694195881324
    vertex -5042.356476056036 145.31811048998588 4126.694195881324
    vertex -5044.882781783326 120.74858806029293 4126.694195881324
  endloop
endfacet
facet normal 1.6640935575057997e-05 -3.9309864353596507e-07 -0.9999999998614624
  outer loop
    vertex -5044.882781783326 120.74858806029293 4126.694195881324
    vertex -5042.356476056036 145.31811048998588 4126.694195881324
    vertex -5043.873832720237 119.1648552678202 4126.694195881324
  endloop
endfacet
facet normal 1.6640935575057997e-05 -3.9309864353596507e-07 -0.9999999998614624
  outer loop
    vertex -5043.873832720237 119.1648552678202 4126.694195881324
    vertex -5042.356476056036 145.31811048998588 4126.694195881324
    vertex -5043.006754420787 117.49921335177156 4126.694195881324
  endloop
endfacet
facet normal 1.6640935575057997e-05 -3.9309864353596507e-07 -0.9999999998614624
  outer loop
    vertex -5043.006754420787 117.49921335177156 4126.694195881324
    vertex -5042.356476056036 145.31811048998588 4126.694195881324
    vertex -5042.356473857287 144.31811048998807 4126.694195881324
  endloop
endfacet
facet normal 1.6640935575057997e-05 -3.9309864353596507e-07 -0.9999999998614624
  outer loop
    vertex -5043.006754420787 117.49921335177156 4126.694195881324
    vertex -5042.356473857287 144.31811048998807 4126.694195881324
    vertex -5042.288145874389 115.76433885287082 4126.694195881324
  endloop
endfacet
facet normal 1.6640935575057997e-05 -3.9309864353596507e-07 -0.9999999998614624
  outer loop
    vertex -5042.288145874389 115.76433885287082 4126.694195881324
    vertex -5042.356473857287 144.31811048998807 4126.694195881324
    vertex -5022.197711858237 108.40211049000327 4126.694195881324
  endloop
endfacet
facet normal 1.6640935575057997e-05 -3.9309864353596507e-07 -0.9999999998614624
  outer loop
    vertex -5042.288145874389 115.76433885287082 4126.694195881324
    vertex -5022.197711858237 108.40211049000327 4126.694195881324
    vertex -5041.72347612599 113.97343521359882 4126.694195881324
  endloop
endfacet
facet normal 1.6640935575057997e-05 -3.9309864353596507e-07 -0.9999999998614624
  outer loop
    vertex -5041.72347612599 113.97343521359882 4126.694195881324
    vertex -5022.197711858237 108.40211049000327 4126.694195881324
    vertex -5041.317042653333 112.14013229202865 4126.694195881324
  endloop
endfacet
facet normal 1.6640935575057997e-05 -3.9309864353596507e-07 -0.9999999998614624
  outer loop
    vertex -5041.317042653333 112.14013229202865 4126.694195881324
    vertex -5022.197711858237 108.40211049000327 4126.694195881324
    vertex -5041.071938660554 110.27838263037115 4126.694195881324
  endloop
endfacet
facet normal 1.6640935575057997e-05 -3.9309864353596507e-07 -0.9999999998614624
  outer loop
    vertex -5041.071938660554 110.27838263037115 4126.694195881324
    vertex -5022.197711858237 108.40211049000327 4126.694195881324
    vertex -5040.99002953704 108.40235526770967 4126.694195881324
  endloop
endfacet
facet normal 1.6640935575057997e-05 -3.9309864353596507e-07 -0.9999999998614624
  outer loop
    vertex -5042.288145874857 101.0403716825478 4126.694195881324
    vertex -5042.356473857238 72.48611048998885 4126.694195881324
    vertex -5043.006754421364 99.30549718364723 4126.694195881324
  endloop
endfacet
facet normal 1.6640935575057997e-05 -3.9309864353596507e-07 -0.9999999998614624
  outer loop
    vertex -5042.356473857238 72.48611048998885 4126.694195881324
    vertex -5042.288145874857 101.0403716825478 4126.694195881324
    vertex -5022.197711858237 108.40211049000327 4126.694195881324
  endloop
endfacet
facet normal 1.6640935575057997e-05 -3.9309864353596507e-07 -0.9999999998614624
  outer loop
    vertex -5022.197711858237 108.40211049000327 4126.694195881324
    vertex -5042.288145874857 101.0403716825478 4126.694195881324
    vertex -5041.723476126344 102.83127532181908 4126.694195881324
  endloop
endfacet
facet normal 1.6640935575057997e-05 -3.9309864353596507e-07 -0.9999999998614624
  outer loop
    vertex -5022.197711858237 108.40211049000327 4126.694195881324
    vertex -5041.723476126344 102.83127532181908 4126.694195881324
    vertex -5041.317042653571 104.66457824338995 4126.694195881324
  endloop
endfacet
facet normal 1.6640935575057997e-05 -3.9309864353596507e-07 -0.9999999998614624
  outer loop
    vertex -5022.197711858237 108.40211049000327 4126.694195881324
    vertex -5041.317042653571 104.66457824338995 4126.694195881324
    vertex -5041.071938660674 106.52632790504656 4126.694195881324
  endloop
endfacet
facet normal 1.6640935575057997e-05 -3.9309864353596507e-07 -0.9999999998614624
  outer loop
    vertex -5022.197711858237 108.40211049000327 4126.694195881324
    vertex -5041.071938660674 106.52632790504656 4126.694195881324
    vertex -5040.99002953704 108.40235526770967 4126.694195881324
  endloop
endfacet
facet normal 1.6640935575057997e-05 -3.9309864353596507e-07 -0.9999999998614624
  outer loop
    vertex -5157.924781546914 71.48579042179071 4126.693164270396
    vertex -5073.277529537631 89.76115845105765 4126.693186039947
    vertex -5042.35647165849 71.48611048999123 4126.694195881324
  endloop
endfacet
facet normal 1.6640935575057997e-05 -3.9309864353596507e-07 -0.9999999998614624
  outer loop
    vertex -5073.277529537631 89.76115845105765 4126.693186039947
    vertex -5157.924781546914 71.48579042179071 4126.693164270396
    vertex -5074.861262330057 90.77010751420748 4126.693186039949
  endloop
endfacet
facet normal 1.6640935575057997e-05 -3.9309864353596507e-07 -0.9999999998614624
  outer loop
    vertex -5074.861262330057 90.77010751420748 4126.693186039949
    vertex -5157.924781546914 71.48579042179071 4126.693164270396
    vertex -5076.351032836066 91.91324862940425 4126.693186039949
  endloop
endfacet
facet normal 1.6640935575057997e-05 -3.9309864353596507e-07 -0.9999999998614624
  outer loop
    vertex -5076.351032836066 91.91324862940425 4126.693186039949
    vertex -5157.924781546914 71.48579042179071 4126.693164270396
    vertex -5077.735503002564 93.18188180251197 4126.693186039949
  endloop
endfacet
facet normal 1.6640935575057997e-05 -3.9309864353596507e-07 -0.9999999998614624
  outer loop
    vertex -5077.735503002564 93.18188180251197 4126.693186039949
    vertex -5157.924781546914 71.48579042179071 4126.693164270396
    vertex -5079.004136175615 94.56635196906394 4126.693186039949
  endloop
endfacet
facet normal 1.6640935575057997e-05 -3.9309864353596507e-07 -0.9999999998614624
  outer loop
    vertex -5079.004136175615 94.56635196906394 4126.693186039949
    vertex -5157.924781546914 71.48579042179071 4126.693164270396
    vertex -5080.147277290751 96.05612247512532 4126.693186039949
  endloop
endfacet
facet normal 1.6640935575057997e-05 -3.9309864353596507e-07 -0.9999999998614624
  outer loop
    vertex -5080.147277290751 96.05612247512532 4126.693186039949
    vertex -5157.924781546914 71.48579042179071 4126.693164270396
    vertex -5081.156226353842 97.6398552675977 4126.693186039949
  endloop
endfacet
facet normal 1.6640935575057997e-05 -3.9309864353596507e-07 -0.9999999998614624
  outer loop
    vertex -5081.156226353842 97.6398552675977 4126.693186039949
    vertex -5157.924781546914 71.48579042179071 4126.693164270396
    vertex -5082.023304653293 99.30549718364777 4126.693186039949
  endloop
endfacet
facet normal 1.6640935575057997e-05 -3.9309864353596507e-07 -0.9999999998614624
  outer loop
    vertex -5082.023304653293 99.30549718364777 4126.693186039949
    vertex -5157.924781546914 71.48579042179071 4126.693164270396
    vertex -5082.7419131996885 101.0403716825487 4126.693186039949
  endloop
endfacet
facet normal 1.6640935575057997e-05 -3.9309864353596507e-07 -0.9999999998614624
  outer loop
    vertex -5082.7419131996885 101.0403716825487 4126.693186039949
    vertex -5157.924781546914 71.48579042179071 4126.693164270396
    vertex -5083.306582948087 102.83127532182053 4126.693186039949
  endloop
endfacet
facet normal 1.6640935575057997e-05 -3.9309864353596507e-07 -0.9999999998614624
  outer loop
    vertex -5083.306582948087 102.83127532182053 4126.693186039949
    vertex -5157.924781546914 71.48579042179071 4126.693164270396
    vertex -5083.713016420746 104.66457824338995 4126.693186039949
  endloop
endfacet
facet normal 1.6640935575057997e-05 -3.9309864353596507e-07 -0.9999999998614624
  outer loop
    vertex -5083.713016420746 104.66457824338995 4126.693186039949
    vertex -5157.924781546914 71.48579042179071 4126.693164270396
    vertex -5083.958120413523 106.52632790504656 4126.693186039949
  endloop
endfacet
facet normal 1.6640935575057997e-05 -3.9309864353596507e-07 -0.9999999998614624
  outer loop
    vertex -5083.958120413523 106.52632790504656 4126.693186039949
    vertex -5157.924781546914 71.48579042179071 4126.693164270396
    vertex -5084.040029537038 108.40235526770967 4126.693186039949
  endloop
endfacet
facet normal 1.6640935575057997e-05 -3.9309864353596507e-07 -0.9999999998614624
  outer loop
    vertex -5042.35647165849 71.48611048999123 4126.694195881324
    vertex -5073.277529537631 89.76115845105765 4126.693186039947
    vertex -5071.611887621627 88.8940801515451 4126.693186039949
  endloop
endfacet
facet normal 1.6640935575057997e-05 -3.9309864353596507e-07 -0.9999999998614624
  outer loop
    vertex -5042.35647165849 71.48611048999123 4126.694195881324
    vertex -5071.611887621627 88.8940801515451 4126.693186039949
    vertex -5069.8770131227675 88.17547160508454 4126.693186039949
  endloop
endfacet
facet normal 1.6640935575057997e-05 -3.9309864353596507e-07 -0.9999999998614624
  outer loop
    vertex -5042.35647165849 71.48611048999123 4126.694195881324
    vertex -5069.8770131227675 88.17547160508454 4126.693186039949
    vertex -5068.086109483531 87.61080185662354 4126.693186039949
  endloop
endfacet
facet normal 1.6640935575057997e-05 -3.9309864353596507e-07 -0.9999999998614624
  outer loop
    vertex -5042.35647165849 71.48611048999123 4126.694195881324
    vertex -5068.086109483531 87.61080185662354 4126.693186039949
    vertex -5066.252806561994 87.2043683839037 4126.693186039949
  endloop
endfacet
facet normal 1.6640935575057997e-05 -3.9309864353596507e-07 -0.9999999998614624
  outer loop
    vertex -5042.35647165849 71.48611048999123 4126.694195881324
    vertex -5066.252806561994 87.2043683839037 4126.693186039949
    vertex -5064.391056900364 86.95926439106378 4126.693186039949
  endloop
endfacet
facet normal 1.6640935575057997e-05 -3.9309864353596507e-07 -0.9999999998614624
  outer loop
    vertex -5042.35647165849 71.48611048999123 4126.694195881324
    vertex -5064.391056900364 86.95926439106378 4126.693186039949
    vertex -5062.515029537724 86.87735526748861 4126.693186039949
  endloop
endfacet
facet normal 1.6640935575057997e-05 -3.9309864353596507e-07 -0.9999999998614624
  outer loop
    vertex -5042.35647165849 71.48611048999123 4126.694195881324
    vertex -5062.515029537724 86.87735526748861 4126.693186039949
    vertex -5060.639002175076 86.95926439106469 4126.693186039949
  endloop
endfacet
facet normal 1.6640935575057997e-05 -3.9309864353596507e-07 -0.9999999998614624
  outer loop
    vertex -5042.35647165849 71.48611048999123 4126.694195881324
    vertex -5060.639002175076 86.95926439106469 4126.693186039949
    vertex -5058.777252513431 87.2043683839037 4126.693186039949
  endloop
endfacet
facet normal 1.6640935575057997e-05 -3.9309864353596507e-07 -0.9999999998614624
  outer loop
    vertex -5042.35647165849 71.48611048999123 4126.694195881324
    vertex -5058.777252513431 87.2043683839037 4126.693186039949
    vertex -5056.943949591868 87.61080185662281 4126.693186039947
  endloop
endfacet
facet normal 1.6640935575057997e-05 -3.9309864353596507e-07 -0.9999999998614624
  outer loop
    vertex -5042.35647165849 71.48611048999123 4126.694195881324
    vertex -5056.943949591868 87.61080185662281 4126.693186039947
    vertex -5055.1530459525975 88.17547160508454 4126.694195881324
  endloop
endfacet
facet normal 1.6640935575057997e-05 -3.9309864353596507e-07 -0.9999999998614624
  outer loop
    vertex -5042.35647165849 71.48611048999123 4126.694195881324
    vertex -5055.1530459525975 88.17547160508454 4126.694195881324
    vertex -5053.41817145369 88.8940801515451 4126.694195881324
  endloop
endfacet
facet normal 1.6640935575057997e-05 -3.9309864353596507e-07 -0.9999999998614624
  outer loop
    vertex -5042.35647165849 71.48611048999123 4126.694195881324
    vertex -5053.41817145369 88.8940801515451 4126.694195881324
    vertex -5051.752529537632 89.76115845105838 4126.694195881324
  endloop
endfacet
facet normal 1.6640935575057997e-05 -3.9309864353596507e-07 -0.9999999998614624
  outer loop
    vertex -5042.35647165849 71.48611048999123 4126.694195881324
    vertex -5051.752529537632 89.76115845105838 4126.694195881324
    vertex -5050.1687967451435 90.77010751420748 4126.694195881324
  endloop
endfacet
facet normal 1.6640935575057997e-05 -3.9309864353596507e-07 -0.9999999998614624
  outer loop
    vertex -5042.35647165849 71.48611048999123 4126.694195881324
    vertex -5050.1687967451435 90.77010751420748 4126.694195881324
    vertex -5048.679026239061 91.91324862940353 4126.694195881324
  endloop
endfacet
facet normal 1.6640935575057997e-05 -3.9309864353596507e-07 -0.9999999998614624
  outer loop
    vertex -5042.35647165849 71.48611048999123 4126.694195881324
    vertex -5048.679026239061 91.91324862940353 4126.694195881324
    vertex -5047.294556072484 93.18188180251197 4126.694195881324
  endloop
endfacet
facet normal 1.6640935575057997e-05 -3.9309864353596507e-07 -0.9999999998614624
  outer loop
    vertex -5042.35647165849 71.48611048999123 4126.694195881324
    vertex -5047.294556072484 93.18188180251197 4126.694195881324
    vertex -5046.025922899344 94.56635196906467 4126.694195881324
  endloop
endfacet
facet normal 1.6640935575057997e-05 -3.9309864353596507e-07 -0.9999999998614624
  outer loop
    vertex -5042.35647165849 71.48611048999123 4126.694195881324
    vertex -5046.025922899344 94.56635196906467 4126.694195881324
    vertex -5044.882781784112 96.05612247512532 4126.694195881324
  endloop
endfacet
facet normal 1.6640935575057997e-05 -3.9309864353596507e-07 -0.9999999998614624
  outer loop
    vertex -5042.35647165849 71.48611048999123 4126.694195881324
    vertex -5044.882781784112 96.05612247512532 4126.694195881324
    vertex -5043.873832720921 97.63985526759842 4126.694195881324
  endloop
endfacet
facet normal 1.6640935575057997e-05 -3.9309864353596507e-07 -0.9999999998614624
  outer loop
    vertex -5042.35647165849 71.48611048999123 4126.694195881324
    vertex -5043.873832720921 97.63985526759842 4126.694195881324
    vertex -5043.006754421364 99.30549718364723 4126.694195881324
  endloop
endfacet
facet normal 1.6640935575057997e-05 -3.9309864353596507e-07 -0.9999999998614624
  outer loop
    vertex -5042.35647165849 71.48611048999123 4126.694195881324
    vertex -5043.006754421364 99.30549718364723 4126.694195881324
    vertex -5042.356473857238 72.48611048998885 4126.694195881324
  endloop
endfacet
facet normal -0.9999999999975828 -2.198748711634782e-06 -7.812529308716941e-09
  outer loop
    vertex -5042.35647165849 71.48611048999123 4126.694195881324
    vertex -5042.356473659456 72.48611048874137 4101.378186039947
    vertex -5042.356471460707 71.48611048874378 4101.378186039947
  endloop
endfacet
facet normal -0.9999999999975828 -2.198748711634782e-06 -7.812529308716941e-09
  outer loop
    vertex -5042.356473659456 72.48611048874137 4101.378186039947
    vertex -5042.35647165849 71.48611048999123 4126.694195881324
    vertex -5042.356473857238 72.48611048998885 4126.694195881324
  endloop
endfacet
facet normal -0.872031523159068 -0.4894497140839662 -6.790191906339998e-09
  outer loop
    vertex -5022.197711858237 108.40211049000327 4126.694195881324
    vertex -5042.356473659451 144.31811048872385 4101.37818603995
    vertex -5022.197711660401 108.40211048873883 4101.37818603995
  endloop
endfacet
facet normal -0.872031523159068 -0.4894497140839662 -6.790191906339998e-09
  outer loop
    vertex -5042.356473659451 144.31811048872385 4101.37818603995
    vertex -5022.197711858237 108.40211049000327 4126.694195881324
    vertex -5042.356473857287 144.31811048998807 4126.694195881324
  endloop
endfacet
facet normal 0.3826834323730993 0.9238795325079691 -8.915140459971712e-10
  outer loop
    vertex -5071.611887586827 88.89408017091759 4161.706866967683
    vertex -5069.8770131227675 88.17547160508454 4126.693186039949
    vertex -5071.611887621627 88.8940801515451 4126.693186039949
  endloop
endfacet
facet normal 0.3826834323730993 0.9238795325079691 -8.915140459971712e-10
  outer loop
    vertex -5069.8770131227675 88.17547160508454 4126.693186039949
    vertex -5071.611887586827 88.89408017091759 4161.706866967683
    vertex -5069.8770130879675 88.17547162445739 4161.706837796494
  endloop
endfacet
facet normal -0.30070579825225674 -0.9537169511429862 6.215919394713274e-10
  outer loop
    vertex -5055.1530459197 128.6292389457859 4161.706511013165
    vertex -5056.943949590545 129.19390867879724 4126.693186039949
    vertex -5055.153045951311 128.62923893033553 4126.693186039949
  endloop
endfacet
facet normal -0.30070579825225674 -0.9537169511429862 6.215919394713274e-10
  outer loop
    vertex -5056.943949590545 129.19390867879724 4126.693186039949
    vertex -5055.1530459197 128.6292389457859 4161.706511013165
    vertex -5056.943949561401 129.1939086898313 4161.706541427865
  endloop
endfacet
facet normal -0.8720315231594143 0.48944971408334886 -6.837975728818183e-09
  outer loop
    vertex -5042.356473857238 72.48611048998885 4126.694195881324
    vertex -5022.197711660401 108.40211048873883 4101.37818603995
    vertex -5042.356473659456 72.48611048874137 4101.378186039947
  endloop
endfacet
facet normal -0.8720315231594143 0.48944971408334886 -6.837975728818183e-09
  outer loop
    vertex -5022.197711660401 108.40211048873883 4101.37818603995
    vertex -5042.356473857238 72.48611048998885 4126.694195881324
    vertex -5022.197711858237 108.40211049000327 4126.694195881324
  endloop
endfacet
facet normal -0.9914448613271608 -0.13052619257439163 2.3790556261774106e-09
  outer loop
    vertex -5041.071938576082 110.27838263249988 4161.706295544172
    vertex -5041.317042653333 112.14013229202865 4126.694195881324
    vertex -5041.071938660554 110.27838263037115 4126.694195881324
  endloop
endfacet
facet normal -0.9914448613271608 -0.13052619257439163 2.3790556261774106e-09
  outer loop
    vertex -5041.317042653333 112.14013229202865 4126.694195881324
    vertex -5041.071938576082 110.27838263249988 4161.706295544172
    vertex -5041.317042571613 112.14013230384815 4161.706296670598
  endloop
endfacet
facet normal -0.9990482215849862 -0.04361938729368467 2.4109272028698543e-09
  outer loop
    vertex -5041.071938576082 110.27838263249988 4161.706295544172
    vertex -5040.99002953704 108.40235526770967 4126.694195881324
    vertex -5040.990029452493 108.4023552647825 4161.706297301106
  endloop
endfacet
facet normal -0.9990482215849862 -0.04361938729368467 2.4109272028698543e-09
  outer loop
    vertex -5040.99002953704 108.40235526770967 4126.694195881324
    vertex -5041.071938576082 110.27838263249988 4161.706295544172
    vertex -5041.071938660554 110.27838263037115 4126.694195881324
  endloop
endfacet
facet normal -0.9990482215805081 0.043619387396250354 2.4161321526208038e-09
  outer loop
    vertex -5040.990029452493 108.4023552647825 4161.706297301106
    vertex -5041.071938660674 106.52632790504656 4126.694195881324
    vertex -5041.071938576128 106.52632790211939 4161.706301928025
  endloop
endfacet
facet normal -0.9990482215805081 0.043619387396250354 2.4161321526208038e-09
  outer loop
    vertex -5041.071938660674 106.52632790504656 4126.694195881324
    vertex -5040.990029452493 108.4023552647825 4161.706297301106
    vertex -5040.99002953704 108.40235526770967 4126.694195881324
  endloop
endfacet
facet normal -0.9914448613293714 0.13052619255760028 2.388401972646667e-09
  outer loop
    vertex -5041.071938576128 106.52632790211939 4161.706301928025
    vertex -5041.317042653571 104.66457824338995 4126.694195881324
    vertex -5041.317042571485 104.66457823069406 4161.706309389719
  endloop
endfacet
facet normal -0.9914448613293714 0.13052619255760028 2.388401972646667e-09
  outer loop
    vertex -5041.317042653571 104.66457824338995 4126.694195881324
    vertex -5041.071938576128 106.52632790211939 4161.706301928025
    vertex -5041.071938660674 106.52632790504656 4126.694195881324
  endloop
endfacet
facet normal -0.9762960070305016 0.21643961434150397 2.346732687978811e-09
  outer loop
    vertex -5041.317042571485 104.66457823069406 4161.706309389719
    vertex -5041.723476126344 102.83127532181908 4126.694195881324
    vertex -5041.723476046721 102.83127530470654 4161.7063196293975
  endloop
endfacet
facet normal -0.9762960070305016 0.21643961434150397 2.346732687978811e-09
  outer loop
    vertex -5041.723476126344 102.83127532181908 4126.694195881324
    vertex -5041.317042571485 104.66457823069406 4161.706309389719
    vertex -5041.317042653571 104.66457824338995 4126.694195881324
  endloop
endfacet
facet normal -0.9537169507403684 0.3007057995291972 2.3158888401955668e-09
  outer loop
    vertex -5041.723476046721 102.83127530470654 4161.7063196293975
    vertex -5042.288145874857 101.0403716825478 4126.694195881324
    vertex -5042.2881457952335 101.04037166543525 4161.706332569131
  endloop
endfacet
facet normal -0.9537169507403684 0.3007057995291972 2.3158888401955668e-09
  outer loop
    vertex -5042.288145874857 101.0403716825478 4126.694195881324
    vertex -5041.723476046721 102.83127530470654 4161.7063196293975
    vertex -5041.723476126344 102.83127532181908 4126.694195881324
  endloop
endfacet
facet normal -0.9238795321236352 0.3826834333009636 2.235027282062945e-09
  outer loop
    vertex -5042.2881457952335 101.04037166543525 4161.706332569131
    vertex -5043.006754421364 99.30549718364723 4126.694195881324
    vertex -5043.006754348758 99.30549715930546 4161.70634811044
  endloop
endfacet
facet normal -0.9238795321236352 0.3826834333009636 2.235027282062945e-09
  outer loop
    vertex -5043.006754421364 99.30549718364723 4126.694195881324
    vertex -5042.2881457952335 101.04037166543525 4161.706332569131
    vertex -5042.288145874857 101.0403716825478 4126.694195881324
  endloop
endfacet
facet normal -0.8870108331686695 0.46174861325338395 2.1604732316483135e-09
  outer loop
    vertex -5043.006754348758 99.30549715930546 4161.70634811044
    vertex -5043.873832720921 97.63985526759842 4126.694195881324
    vertex -5043.873832648314 97.639855243257 4161.706366135047
  endloop
endfacet
facet normal -0.8870108331686695 0.46174861325338395 2.1604732316483135e-09
  outer loop
    vertex -5043.873832720921 97.63985526759842 4126.694195881324
    vertex -5043.006754348758 99.30549715930546 4161.70634811044
    vertex -5043.006754421364 99.30549718364723 4126.694195881324
  endloop
endfacet
facet normal -0.8433914450468867 0.5372996095492015 2.047065407442014e-09
  outer loop
    vertex -5043.873832648314 97.639855243257 4161.706366135047
    vertex -5044.882781784112 96.05612247512532 4126.694195881324
    vertex -5044.882781720571 96.05612244638982 4161.7063865057735
  endloop
endfacet
facet normal -0.8433914450468867 0.5372996095492015 2.047065407442014e-09
  outer loop
    vertex -5044.882781784112 96.05612247512532 4126.694195881324
    vertex -5043.873832648314 97.639855243257 4161.706366135047
    vertex -5043.873832720921 97.63985526759842 4126.694195881324
  endloop
endfacet
facet normal -0.7933533402819138 0.6087614290208684 1.9394300485233683e-09
  outer loop
    vertex -5044.882781720571 96.05612244638982 4161.7063865057735
    vertex -5046.025922899344 94.56635196906467 4126.694195881324
    vertex -5046.025922835803 94.56635194032917 4161.706409067586
  endloop
endfacet
facet normal -0.7933533402819138 0.6087614290208684 1.9394300485233683e-09
  outer loop
    vertex -5046.025922899344 94.56635196906467 4126.694195881324
    vertex -5044.882781720571 96.05612244638982 4161.7063865057735
    vertex -5044.882781784112 96.05612247512532 4126.694195881324
  endloop
endfacet
facet normal -0.7372773355978546 0.6755902089386203 1.7969138873960535e-09
  outer loop
    vertex -5046.025922835803 94.56635194032917 4161.706409067586
    vertex -5047.294556072484 93.18188180251197 4126.694195881324
    vertex -5047.294556018965 93.18188177274756 4161.706433648775
  endloop
endfacet
facet normal -0.7372773355978546 0.6755902089386203 1.7969138873960535e-09
  outer loop
    vertex -5047.294556072484 93.18188180251197 4126.694195881324
    vertex -5046.025922835803 94.56635194032917 4161.706409067586
    vertex -5046.025922899344 94.56635196906467 4126.694195881324
  endloop
endfacet
facet normal -0.6755902068305746 0.7372773375295226 1.6028454377003213e-09
  outer loop
    vertex -5048.679026190534 91.91324860044224 4161.706460062263
    vertex -5047.294556072484 93.18188180251197 4126.694195881324
    vertex -5048.679026239061 91.91324862940353 4126.694195881324
  endloop
endfacet
facet normal -0.6755902068305746 0.7372773375295226 1.6028454377003213e-09
  outer loop
    vertex -5047.294556072484 93.18188180251197 4126.694195881324
    vertex -5048.679026190534 91.91324860044224 4161.706460062263
    vertex -5047.294556018965 93.18188177274756 4161.706433648775
  endloop
endfacet
facet normal -0.608761428110741 0.7933533409802793 1.4396419926276107e-09
  outer loop
    vertex -5050.168796701395 90.7701074869057 4161.706488107026
    vertex -5048.679026239061 91.91324862940353 4126.694195881324
    vertex -5050.1687967451435 90.77010751420748 4126.694195881324
  endloop
endfacet
facet normal -0.608761428110741 0.7933533409802793 1.4396419926276107e-09
  outer loop
    vertex -5048.679026239061 91.91324862940353 4126.694195881324
    vertex -5050.168796701395 90.7701074869057 4161.706488107026
    vertex -5048.679026190534 91.91324860044224 4161.706460062263
  endloop
endfacet
facet normal -0.5372996083428385 0.8433914458154247 1.329035346966944e-09
  outer loop
    vertex -5051.752529493883 89.76115842375569 4161.70651756963
    vertex -5050.1687967451435 90.77010751420748 4126.694195881324
    vertex -5051.752529537632 89.76115845105838 4126.694195881324
  endloop
endfacet
facet normal -0.5372996083428385 0.8433914458154247 1.329035346966944e-09
  outer loop
    vertex -5050.1687967451435 90.77010751420748 4126.694195881324
    vertex -5051.752529493883 89.76115842375569 4161.70651756963
    vertex -5050.168796701395 90.7701074869057 4161.706488107026
  endloop
endfacet
facet normal -0.46174861113899757 0.8870108342693493 1.1420338690410618e-09
  outer loop
    vertex -5053.418171418278 88.89408012989895 4161.706548225842
    vertex -5051.752529537632 89.76115845105838 4126.694195881324
    vertex -5053.41817145369 88.8940801515451 4126.694195881324
  endloop
endfacet
facet normal -0.46174861113899757 0.8870108342693493 1.1420338690410618e-09
  outer loop
    vertex -5051.752529537632 89.76115845105838 4126.694195881324
    vertex -5053.418171418278 88.89408012989895 4161.706548225842
    vertex -5051.752529493883 89.76115842375569 4161.70651756963
  endloop
endfacet
facet normal -0.3826834311838055 0.9238795330005907 8.897170233451921e-10
  outer loop
    vertex -5055.1530459204905 88.1754715872627 4161.706579842355
    vertex -5053.41817145369 88.8940801515451 4126.694195881324
    vertex -5055.1530459525975 88.17547160508454 4126.694195881324
  endloop
endfacet
facet normal -0.3826834311838055 0.9238795330005907 8.897170233451921e-10
  outer loop
    vertex -5053.41817145369 88.8940801515451 4126.694195881324
    vertex -5055.1530459204905 88.1754715872627 4161.706579842355
    vertex -5053.418171418278 88.89408012989895 4161.706548225842
  endloop
endfacet
facet normal -0.3007057995048986 0.9537169507480299 7.612006941492833e-10
  outer loop
    vertex -5056.943949559763 87.61080183880027 4161.706612178544
    vertex -5055.1530459525975 88.17547160508454 4126.694195881324
    vertex -5056.943949591868 87.61080185662281 4126.693186039947
  endloop
endfacet
facet normal -0.3007057995048986 0.9537169507480299 7.612006941492833e-10
  outer loop
    vertex -5055.1530459525975 88.17547160508454 4126.694195881324
    vertex -5056.943949559763 87.61080183880027 4161.706612178544
    vertex -5055.1530459204905 88.1754715872627 4161.706579842355
  endloop
endfacet
facet normal -0.21643961269084125 0.9762960073964446 6.268796374032529e-10
  outer loop
    vertex -5058.777252513431 87.2043683839037 4126.693186039949
    vertex -5056.943949559763 87.61080183880027 4161.706612178544
    vertex -5056.943949591868 87.61080185662281 4126.693186039947
  endloop
endfacet
facet normal -0.21643961269084125 0.9762960073964446 6.268796374032529e-10
  outer loop
    vertex -5056.943949559763 87.61080183880027 4161.706612178544
    vertex -5058.777252513431 87.2043683839037 4126.693186039949
    vertex -5058.777252483921 87.20436837042183 4161.706644988311
  endloop
endfacet
facet normal -0.13052618958937287 0.9914448617201459 3.494283571435449e-10
  outer loop
    vertex -5060.639002148316 86.95926438727393 4161.706678021958
    vertex -5058.777252513431 87.2043683839037 4126.693186039949
    vertex -5060.639002175076 86.95926439106469 4126.693186039949
  endloop
endfacet
facet normal -0.13052618958937287 0.9914448617201459 3.494283571435449e-10
  outer loop
    vertex -5058.777252513431 87.2043683839037 4126.693186039949
    vertex -5060.639002148316 86.95926438727393 4161.706678021958
    vertex -5058.777252483921 87.20436837042183 4161.706644988311
  endloop
endfacet
facet normal -0.043619387365610156 0.9990482215818458 1.414952950524053e-10
  outer loop
    vertex -5062.515029510963 86.8773552636982 4161.706711028075
    vertex -5060.639002175076 86.95926439106469 4126.693186039949
    vertex -5062.515029537724 86.87735526748861 4126.693186039949
  endloop
endfacet
facet normal -0.043619387365610156 0.9990482215818458 1.414952950524053e-10
  outer loop
    vertex -5060.639002175076 86.95926439106469 4126.693186039949
    vertex -5062.515029510963 86.8773552636982 4161.706711028075
    vertex -5060.639002148316 86.95926438727393 4161.706678021958
  endloop
endfacet
facet normal 0.04361939004421043 0.9990482214648956 -6.898709219982865e-11
  outer loop
    vertex -5064.391056872877 86.95926439732149 4161.70674375547
    vertex -5062.515029537724 86.87735526748861 4126.693186039949
    vertex -5064.391056900364 86.95926439106378 4126.693186039949
  endloop
endfacet
facet normal 0.04361939004421043 0.9990482214648956 -6.898709219982865e-11
  outer loop
    vertex -5062.515029537724 86.87735526748861 4126.693186039949
    vertex -5064.391056872877 86.95926439732149 4161.70674375547
    vertex -5062.515029510963 86.8773552636982 4161.706711028075
  endloop
endfacet
facet normal 0.13052619222210252 0.9914448613735405 -2.7965940259887855e-10
  outer loop
    vertex -5066.252806534506 87.2043683901614 4161.706775955062
    vertex -5064.391056900364 86.95926439106378 4126.693186039949
    vertex -5066.252806561994 87.2043683839037 4126.693186039949
  endloop
endfacet
facet normal 0.13052619222210252 0.9914448613735405 -2.7965940259887855e-10
  outer loop
    vertex -5064.391056900364 86.95926439106378 4126.693186039949
    vertex -5066.252806534506 87.2043683901614 4161.706775955062
    vertex -5064.391056872877 86.95926439732149 4161.70674375547
  endloop
endfacet
facet normal 0.21643961650676793 0.9762960065504741 -4.853009741241259e-10
  outer loop
    vertex -5068.086109451921 87.61080187207389 4161.706807381794
    vertex -5066.252806561994 87.2043683839037 4126.693186039949
    vertex -5068.086109483531 87.61080185662354 4126.693186039949
  endloop
endfacet
facet normal 0.21643961650676793 0.9762960065504741 -4.853009741241259e-10
  outer loop
    vertex -5066.252806561994 87.2043683839037 4126.693186039949
    vertex -5068.086109451921 87.61080187207389 4161.706807381794
    vertex -5066.252806534506 87.2043683901614 4161.706775955062
  endloop
endfacet
facet normal 0.30070580070305714 0.9537169503702518 -7.594324818412676e-10
  outer loop
    vertex -5069.8770130879675 88.17547162445739 4161.706837796494
    vertex -5068.086109483531 87.61080185662354 4126.693186039949
    vertex -5069.8770131227675 88.17547160508454 4126.693186039949
  endloop
endfacet
facet normal 0.30070580070305714 0.9537169503702518 -7.594324818412676e-10
  outer loop
    vertex -5068.086109483531 87.61080185662354 4126.693186039949
    vertex -5069.8770130879675 88.17547162445739 4161.706837796494
    vertex -5068.086109451921 87.61080187207389 4161.706807381794
  endloop
endfacet
facet normal 0.4617486143544685 0.8870108325954811 -1.016800204750634e-09
  outer loop
    vertex -5073.27752949901 89.7611584737383 4161.706894673352
    vertex -5071.611887621627 88.8940801515451 4126.693186039949
    vertex -5073.277529537631 89.76115845105765 4126.693186039947
  endloop
endfacet
facet normal 0.4617486143544685 0.8870108325954811 -1.016800204750634e-09
  outer loop
    vertex -5071.611887621627 88.8940801515451 4126.693186039949
    vertex -5073.27752949901 89.7611584737383 4161.706894673352
    vertex -5071.611887586827 88.89408017091759 4161.706866967683
  endloop
endfacet
facet normal 0.5372996093733472 0.8433914451589182 -1.2035513093720135e-09
  outer loop
    vertex -5074.861262330057 90.77010751420748 4126.693186039949
    vertex -5073.27752949901 89.7611584737383 4161.706894673352
    vertex -5073.277529537631 89.76115845105765 4126.693186039947
  endloop
endfacet
facet normal 0.5372996093733472 0.8433914451589182 -1.2035513093720135e-09
  outer loop
    vertex -5073.27752949901 89.7611584737383 4161.706894673352
    vertex -5074.861262330057 90.77010751420748 4126.693186039949
    vertex -5074.86126228709 90.77010753948035 4161.706920702646
  endloop
endfacet
facet normal 0.608761430730109 0.7933533389703673 -1.4351184999353437e-09
  outer loop
    vertex -5076.351032783407 91.91324865742993 4161.706944857463
    vertex -5074.861262330057 90.77010751420748 4126.693186039949
    vertex -5076.351032836066 91.91324862940425 4126.693186039949
  endloop
endfacet
facet normal 0.608761430730109 0.7933533389703673 -1.4351184999353437e-09
  outer loop
    vertex -5074.861262330057 90.77010751420748 4126.693186039949
    vertex -5076.351032783407 91.91324865742993 4161.706944857463
    vertex -5074.86126228709 90.77010753948035 4161.706920702646
  endloop
endfacet
facet normal 0.6755902076295961 0.7372773367973542 -1.6061596139971548e-09
  outer loop
    vertex -5077.735502949907 93.181881830538 4161.706966953975
    vertex -5076.351032836066 91.91324862940425 4126.693186039949
    vertex -5077.735503002564 93.18188180251197 4126.693186039949
  endloop
endfacet
facet normal 0.6755902076295961 0.7372773367973542 -1.6061596139971548e-09
  outer loop
    vertex -5076.351032836066 91.91324862940425 4126.693186039949
    vertex -5077.735502949907 93.181881830538 4161.706966953975
    vertex -5076.351032783407 91.91324865742993 4161.706944857463
  endloop
endfacet
facet normal 0.7372773380696617 0.6755902062411161 -1.7483168351334163e-09
  outer loop
    vertex -5079.004136175615 94.56635196906394 4126.693186039949
    vertex -5077.735502949907 93.181881830538 4161.706966953975
    vertex -5077.735503002564 93.18188180251197 4126.693186039949
  endloop
endfacet
facet normal 0.7372773380696617 0.6755902062411161 -1.7483168351334163e-09
  outer loop
    vertex -5077.735502949907 93.181881830538 4161.706966953975
    vertex -5079.004136175615 94.56635196906394 4126.693186039949
    vertex -5079.004136112909 94.56635199636159 4161.70698682401
  endloop
endfacet
facet normal 0.7933533403064738 0.6087614289888612 -1.8954066534337813e-09
  outer loop
    vertex -5080.147277290751 96.05612247512532 4126.693186039949
    vertex -5079.004136112909 94.56635199636159 4161.70698682401
    vertex -5079.004136175615 94.56635196906394 4126.693186039949
  endloop
endfacet
facet normal 0.7933533403064738 0.6087614289888612 -1.8954066534337813e-09
  outer loop
    vertex -5079.004136112909 94.56635199636159 4161.70698682401
    vertex -5080.147277290751 96.05612247512532 4126.693186039949
    vertex -5080.147277228046 96.05612250242295 4161.707004316345
  endloop
endfacet
facet normal 0.8433914462764949 0.5372996076191033 -1.974133916891866e-09
  outer loop
    vertex -5081.156226353842 97.6398552675977 4126.693186039949
    vertex -5080.147277228046 96.05612250242295 4161.707004316345
    vertex -5080.147277290751 96.05612247512532 4126.693186039949
  endloop
endfacet
facet normal 0.8433914462764949 0.5372996076191033 -1.974133916891866e-09
  outer loop
    vertex -5080.147277228046 96.05612250242295 4161.707004316345
    vertex -5081.156226353842 97.6398552675977 4126.693186039949
    vertex -5081.156226286357 97.63985529323746 4161.707019297856
  endloop
endfacet
facet normal 0.8870108337797945 0.4617486120794235 -2.116027429607241e-09
  outer loop
    vertex -5082.023304653293 99.30549718364777 4126.693186039949
    vertex -5081.156226286357 97.63985529323746 4161.707019297856
    vertex -5081.156226353842 97.6398552675977 4126.693186039949
  endloop
endfacet
facet normal 0.8870108337797945 0.4617486120794235 -2.116027429607241e-09
  outer loop
    vertex -5081.156226286357 97.63985529323746 4161.707019297856
    vertex -5082.023304653293 99.30549718364777 4126.693186039949
    vertex -5082.023304577472 99.305497203633 4161.707031654523
  endloop
endfacet
facet normal 0.9238795325234018 0.3826834323358413 -2.2190360816454233e-09
  outer loop
    vertex -5082.7419131996885 101.0403716825487 4126.693186039949
    vertex -5082.023304577472 99.305497203633 4161.707031654523
    vertex -5082.023304653293 99.30549718364777 4126.693186039949
  endloop
endfacet
facet normal 0.9238795325234018 0.3826834323358413 -2.2190360816454233e-09
  outer loop
    vertex -5082.023304577472 99.305497203633 4161.707031654523
    vertex -5082.7419131996885 101.0403716825487 4126.693186039949
    vertex -5082.7419131238685 101.04037170253355 4161.707041292304
  endloop
endfacet
facet normal 0.9537169510116554 0.30070579866878466 -2.28212658549014e-09
  outer loop
    vertex -5083.306582948087 102.83127532182053 4126.693186039949
    vertex -5082.7419131238685 101.04037170253355 4161.707041292304
    vertex -5082.7419131996885 101.0403716825487 4126.693186039949
  endloop
endfacet
facet normal 0.9537169510116554 0.30070579866878466 -2.28212658549014e-09
  outer loop
    vertex -5082.7419131238685 101.04037170253355 4161.707041292304
    vertex -5083.306582948087 102.83127532182053 4126.693186039949
    vertex -5083.3065828663675 102.83127533363965 4161.707048137849
  endloop
endfacet
facet normal 0.9762960071268815 0.21643961390676203 -2.351680790557091e-09
  outer loop
    vertex -5083.713016420746 104.66457824338995 4126.693186039949
    vertex -5083.3065828663675 102.83127533363965 4161.707048137849
    vertex -5083.306582948087 102.83127532182053 4126.693186039949
  endloop
endfacet
facet normal 0.9762960071268815 0.21643961390676203 -2.351680790557091e-09
  outer loop
    vertex -5083.3065828663675 102.83127533363965 4161.707048137849
    vertex -5083.713016420746 104.66457824338995 4126.693186039949
    vertex -5083.713016339025 104.66457825520945 4161.70705213906
  endloop
endfacet
facet normal 0.9914448614186951 0.13052619187911943 -2.3747305021627012e-09
  outer loop
    vertex -5083.958120413523 106.52632790504656 4126.693186039949
    vertex -5083.713016339025 104.66457825520945 4161.70705213906
    vertex -5083.713016420746 104.66457824338995 4126.693186039949
  endloop
endfacet
facet normal 0.9914448614186951 0.13052619187911943 -2.3747305021627012e-09
  outer loop
    vertex -5083.713016339025 104.66457825520945 4161.70705213906
    vertex -5083.958120413523 106.52632790504656 4126.693186039949
    vertex -5083.958120330002 106.52632791214096 4161.707053265484
  endloop
endfacet
facet normal 0.9238795325021852 -0.3826834323870631 -2.2466927516786235e-09
  outer loop
    vertex -5082.741913199222 115.7643388528701 4126.693186039949
    vertex -5082.02330457628 117.49921333073668 4161.707000699217
    vertex -5082.741913122788 115.76433883183522 4161.707016240526
  endloop
endfacet
facet normal 0.9238795325021852 -0.3826834323870631 -2.2466927516786235e-09
  outer loop
    vertex -5082.02330457628 117.49921333073668 4161.707000699217
    vertex -5082.741913199222 115.7643388528701 4126.693186039949
    vertex -5082.023304652714 117.49921335177156 4126.693186039949
  endloop
endfacet
facet normal 0.8870108337244059 -0.4617486121858241 -2.1491533626758625e-09
  outer loop
    vertex -5082.023304652714 117.49921335177156 4126.693186039949
    vertex -5081.15622628489 119.16485524088658 4161.706982674611
    vertex -5082.02330457628 117.49921333073668 4161.707000699217
  endloop
endfacet
facet normal 0.8870108337244059 -0.4617486121858241 -2.1491533626758625e-09
  outer loop
    vertex -5081.15622628489 119.16485524088658 4161.706982674611
    vertex -5082.023304652714 117.49921335177156 4126.693186039949
    vertex -5081.156226353156 119.16485526782093 4126.693186039949
  endloop
endfacet
facet normal 0.21643961523954133 -0.9762960068314114 -4.869113979058852e-10
  outer loop
    vertex -5066.252806532934 129.60034214276047 4161.706703821348
    vertex -5068.0861094822085 129.19390867879724 4126.693186039949
    vertex -5066.252806560645 129.60034215151725 4126.693186039949
  endloop
endfacet
facet normal 0.21643961523954133 -0.9762960068314114 -4.869113979058852e-10
  outer loop
    vertex -5068.0861094822085 129.19390867879724 4126.693186039949
    vertex -5066.252806532934 129.60034214276047 4161.706703821348
    vertex -5068.086109452697 129.19390866531484 4161.706736631116
  endloop
endfacet
facet normal 0.5372996083432314 -0.8433914458151742 -1.329002467512447e-09
  outer loop
    vertex -5073.277529492698 127.04355205706042 4161.70683124003
    vertex -5074.861262328935 126.03460302121275 4126.693186039949
    vertex -5073.277529536446 127.0435520843633 4126.693186039949
  endloop
endfacet
facet normal 0.5372996083432314 -0.8433914458151742 -1.329002467512447e-09
  outer loop
    vertex -5074.861262328935 126.03460302121275 4126.693186039949
    vertex -5073.277529492698 127.04355205706042 4161.70683124003
    vertex -5074.861262285186 126.0346029939097 4161.706860702633
  endloop
endfacet
facet normal 0.46174861532657646 -0.8870108320894335 -1.1420114331562506e-09
  outer loop
    vertex -5071.611887584974 127.9106303622288 4161.706800583817
    vertex -5073.277529536446 127.0435520843633 4126.693186039949
    vertex -5071.611887620387 127.91063038387604 4126.693186039949
  endloop
endfacet
facet normal 0.46174861532657646 -0.8870108320894335 -1.1420114331562506e-09
  outer loop
    vertex -5073.277529536446 127.0435520843633 4126.693186039949
    vertex -5071.611887584974 127.9106303622288 4161.706800583817
    vertex -5073.277529492698 127.04355205706042 4161.70683124003
  endloop
endfacet
facet normal 0.3826834323640034 -0.9238795325117368 -9.582278829078527e-10
  outer loop
    vertex -5069.8770130860685 128.62923890868865 4161.706768967306
    vertex -5071.611887620387 127.91063038387604 4126.693186039949
    vertex -5069.877013121481 128.62923893033553 4126.693186039947
  endloop
endfacet
facet normal 0.3826834323640034 -0.9238795325117368 -9.582278829078527e-10
  outer loop
    vertex -5071.611887620387 127.91063038387604 4126.693186039949
    vertex -5069.8770130860685 128.62923890868865 4161.706768967306
    vertex -5071.611887584974 127.9106303622288 4161.706800583817
  endloop
endfacet
facet normal 0.3007058019324289 -0.9537169499826323 -7.572235741948923e-10
  outer loop
    vertex -5068.0861094822085 129.19390867879724 4126.693186039949
    vertex -5069.8770130860685 128.62923890868865 4161.706768967306
    vertex -5069.877013121481 128.62923893033553 4126.693186039947
  endloop
endfacet
facet normal 0.3007058019324289 -0.9537169499826323 -7.572235741948923e-10
  outer loop
    vertex -5069.8770130860685 128.62923890868865 4161.706768967306
    vertex -5068.0861094822085 129.19390867879724 4126.693186039949
    vertex -5068.086109452697 129.19390866531484 4161.706736631116
  endloop
endfacet
facet normal 0.999048221591814 0.04361938713730421 -2.402433582481989e-09
  outer loop
    vertex -5084.040029537038 108.40235526770967 4126.693186039949
    vertex -5083.958120330002 106.52632791214096 4161.707053265484
    vertex -5083.958120413523 106.52632790504656 4126.693186039949
  endloop
endfacet
facet normal 0.999048221591814 0.04361938713730421 -2.402433582481989e-09
  outer loop
    vertex -5083.958120330002 106.52632791214096 4161.707053265484
    vertex -5084.040029537038 108.40235526770967 4126.693186039949
    vertex -5084.040029452564 108.40235526983841 4161.7070515085525
  endloop
endfacet
facet normal 0.608761430672319 -0.7933533390147112 -1.4921051060473355e-09
  outer loop
    vertex -5074.861262285186 126.0346029939097 4161.706860702633
    vertex -5076.351032835018 124.89146190601653 4126.693186039949
    vertex -5074.861262328935 126.03460302121275 4126.693186039949
  endloop
endfacet
facet normal 0.608761430672319 -0.7933533390147112 -1.4921051060473355e-09
  outer loop
    vertex -5076.351032835018 124.89146190601653 4126.693186039949
    vertex -5074.861262285186 126.0346029939097 4161.706860702633
    vertex -5076.351032781498 124.89146187625177 4161.706888747395
  endloop
endfacet
facet normal 0.13052619222020176 -0.9914448613737906 -3.5125574159028387e-10
  outer loop
    vertex -5064.391056871288 129.84544613559893 4161.706670787702
    vertex -5066.252806560645 129.60034215151725 4126.693186039949
    vertex -5064.3910568989995 129.84544614435555 4126.693186039949
  endloop
endfacet
facet normal 0.13052619222020176 -0.9914448613737906 -3.5125574159028387e-10
  outer loop
    vertex -5066.252806560645 129.60034215151725 4126.693186039949
    vertex -5064.391056871288 129.84544613559893 4161.706670787702
    vertex -5066.252806532934 129.60034214276047 4161.706703821348
  endloop
endfacet
facet normal 0.843391445803254 -0.5372996083619425 -2.057681287760296e-09
  outer loop
    vertex -5081.156226353156 119.16485526782093 4126.693186039949
    vertex -5080.1472772217 120.74858803335842 4161.706962303884
    vertex -5081.15622628489 119.16485524088658 4161.706982674611
  endloop
endfacet
facet normal 0.843391445803254 -0.5372996083619425 -2.057681287760296e-09
  outer loop
    vertex -5080.1472772217 120.74858803335842 4161.706962303884
    vertex -5081.156226353156 119.16485526782093 4126.693186039949
    vertex -5080.147277289967 120.74858806029293 4126.693186039949
  endloop
endfacet
facet normal 0.7933533407120761 -0.60876142846027 -1.9772265389030895e-09
  outer loop
    vertex -5080.147277289967 120.74858806029293 4126.693186039949
    vertex -5079.0041361111935 122.2383585376197 4161.706939742073
    vertex -5080.1472772217 120.74858803335842 4161.706962303884
  endloop
endfacet
facet normal 0.7933533407120761 -0.60876142846027 -1.9772265389030895e-09
  outer loop
    vertex -5079.0041361111935 122.2383585376197 4161.706939742073
    vertex -5080.147277289967 120.74858806029293 4126.693186039949
    vertex -5079.004136174735 122.23835856635466 4126.693186039949
  endloop
endfacet
facet normal 0.9537169508896681 -0.30070579905567907 -2.2891689397997417e-09
  outer loop
    vertex -5083.306582947734 113.9734352135981 4126.693186039949
    vertex -5082.741913122788 115.76433883183522 4161.707016240526
    vertex -5083.30658286811 113.97343519648626 4161.707029180261
  endloop
endfacet
facet normal 0.9537169508896681 -0.30070579905567907 -2.2891689397997417e-09
  outer loop
    vertex -5082.741913122788 115.76433883183522 4161.707016240526
    vertex -5083.306582947734 113.9734352135981 4126.693186039949
    vertex -5082.741913199222 115.7643388528701 4126.693186039949
  endloop
endfacet
facet normal 0.976296007197403 -0.2164396135886608 -2.3466349457937793e-09
  outer loop
    vertex -5083.713016420507 112.14013229202794 4126.693186039949
    vertex -5083.30658286811 113.97343519648626 4161.707029180261
    vertex -5083.71301633842 112.14013227933204 4161.707039419939
  endloop
endfacet
facet normal 0.976296007197403 -0.2164396135886608 -2.3466349457937793e-09
  outer loop
    vertex -5083.30658286811 113.97343519648626 4161.707029180261
    vertex -5083.713016420507 112.14013229202794 4126.693186039949
    vertex -5083.306582947734 113.9734352135981 4126.693186039949
  endloop
endfacet
facet normal 0.6755902076088703 -0.7372773368163459 -1.6594259127249252e-09
  outer loop
    vertex -5076.351032781498 124.89146187625177 4161.706888747395
    vertex -5077.735503001597 123.62282873290665 4126.693186039949
    vertex -5076.351032835018 124.89146190601653 4126.693186039949
  endloop
endfacet
facet normal 0.6755902076088703 -0.7372773368163459 -1.6594259127249252e-09
  outer loop
    vertex -5077.735503001597 123.62282873290665 4126.693186039949
    vertex -5076.351032781498 124.89146187625177 4161.706888747395
    vertex -5077.735502948077 123.62282870314152 4161.706915160883
  endloop
endfacet
facet normal 0.7372773380061677 -0.6755902063104077 -1.7968580890510734e-09
  outer loop
    vertex -5079.004136174735 122.23835856635466 4126.693186039949
    vertex -5077.735502948077 123.62282870314152 4161.706915160883
    vertex -5079.0041361111935 122.2383585376197 4161.706939742073
  endloop
endfacet
facet normal 0.7372773380061677 -0.6755902063104077 -1.7968580890510734e-09
  outer loop
    vertex -5077.735502948077 123.62282870314152 4161.706915160883
    vertex -5079.004136174735 122.23835856635466 4126.693186039949
    vertex -5077.735503001597 123.62282873290665 4126.693186039949
  endloop
endfacet
facet normal -0.46174861324455185 -0.8870108331732669 1.0840084818654237e-09
  outer loop
    vertex -5051.752529497821 127.04355210704414 4161.706454136308
    vertex -5053.41817145245 127.91063038387496 4126.694195881324
    vertex -5051.752529536446 127.0435520843624 4126.694195881321
  endloop
endfacet
facet normal -0.46174861324455185 -0.8870108331732669 1.0840084818654237e-09
  outer loop
    vertex -5053.41817145245 127.91063038387496 4126.694195881324
    vertex -5051.752529497821 127.04355210704414 4161.706454136308
    vertex -5053.418171413826 127.91063040655669 4161.706481841977
  endloop
endfacet
facet normal 0.9914448614103927 -0.13052619194218248 -2.388344277561371e-09
  outer loop
    vertex -5083.958120413404 110.27838263037115 4126.693186039949
    vertex -5083.71301633842 112.14013227933204 4161.707039419939
    vertex -5083.958120328855 110.2783826274438 4161.707046881632
  endloop
endfacet
facet normal 0.9914448614103927 -0.13052619194218248 -2.388344277561371e-09
  outer loop
    vertex -5083.71301633842 112.14013227933204 4161.707039419939
    vertex -5083.958120413404 110.27838263037115 4126.693186039949
    vertex -5083.713016420507 112.14013229202794 4126.693186039949
  endloop
endfacet
facet normal 0.9990482215770738 -0.04361938747490854 -2.4118522811805405e-09
  outer loop
    vertex -5083.958120413404 110.27838263037115 4126.693186039949
    vertex -5084.040029452564 108.40235526983841 4161.7070515085525
    vertex -5084.040029537038 108.40235526770967 4126.693186039949
  endloop
endfacet
facet normal 0.9990482215770738 -0.04361938747490854 -2.4118522811805405e-09
  outer loop
    vertex -5084.040029452564 108.40235526983841 4161.7070515085525
    vertex -5083.958120413404 110.27838263037115 4126.693186039949
    vertex -5083.958120328855 110.2783826274438 4161.707046881632
  endloop
endfacet
facet normal -0.5372996064327086 -0.8433914470323115 1.2615791790244591e-09
  outer loop
    vertex -5050.168796744023 126.03460302121275 4126.694195881324
    vertex -5051.752529497821 127.04355210704414 4161.706454136308
    vertex -5051.752529536446 127.0435520843624 4126.694195881321
  endloop
endfacet
facet normal -0.5372996064327086 -0.8433914470323115 1.2615791790244591e-09
  outer loop
    vertex -5051.752529497821 127.04355210704414 4161.706454136308
    vertex -5050.168796744023 126.03460302121275 4126.694195881324
    vertex -5050.1687966963345 126.03460304828911 4161.706428107013
  endloop
endfacet
facet normal -0.9537169505037467 -0.30070580027966537 2.28224144730718e-09
  outer loop
    vertex -5041.72347604427 113.97343522541867 4161.70630067181
    vertex -5042.288145874389 115.76433885287082 4126.694195881324
    vertex -5041.72347612599 113.97343521359882 4126.694195881324
  endloop
endfacet
facet normal -0.9537169505037467 -0.30070580027966537 2.28224144730718e-09
  outer loop
    vertex -5042.288145874389 115.76433885287082 4126.694195881324
    vertex -5041.72347604427 113.97343522541867 4161.70630067181
    vertex -5042.2881457985695 115.76433887285549 4161.706307517355
  endloop
endfacet
facet normal -0.9762960071269818 -0.21643961390630923 2.3518010462927163e-09
  outer loop
    vertex -5041.317042571613 112.14013230384815 4161.706296670598
    vertex -5041.72347612599 113.97343521359882 4126.694195881324
    vertex -5041.317042653333 112.14013229202865 4126.694195881324
  endloop
endfacet
facet normal -0.9762960071269818 -0.21643961390630923 2.3518010462927163e-09
  outer loop
    vertex -5041.72347612599 113.97343521359882 4126.694195881324
    vertex -5041.317042571613 112.14013230384815 4161.706296670598
    vertex -5041.72347604427 113.97343522541867 4161.70630067181
  endloop
endfacet
facet normal -0.9238795322783024 -0.38268343292756385 2.1848293023064914e-09
  outer loop
    vertex -5042.2881457985695 115.76433887285549 4161.706307517355
    vertex -5043.006754420787 117.49921335177156 4126.694195881324
    vertex -5042.288145874389 115.76433885287082 4126.694195881324
  endloop
endfacet
facet normal -0.9238795322783024 -0.38268343292756385 2.1848293023064914e-09
  outer loop
    vertex -5043.006754420787 117.49921335177156 4126.694195881324
    vertex -5042.2881457985695 115.76433887285549 4161.706307517355
    vertex -5043.0067543488885 117.49921337494834 4161.706317155135
  endloop
endfacet
facet normal -0.7372773355813886 -0.6755902089565896 1.7483824448312113e-09
  outer loop
    vertex -5046.025922835759 122.23835859365194 4161.706361985649
    vertex -5047.294556071514 123.62282873290665 4126.694195881324
    vertex -5046.025922898463 122.23835856635466 4126.694195881324
  endloop
endfacet
facet normal -0.7372773355813886 -0.6755902089565896 1.7483824448312113e-09
  outer loop
    vertex -5047.294556071514 123.62282873290665 4126.694195881324
    vertex -5046.025922835759 122.23835859365194 4161.706361985649
    vertex -5047.294556018858 123.62282876093342 4161.7063818556835
  endloop
endfacet
facet normal 0.04361939004162128 -0.9990482214650086 -1.4075351595581617e-10
  outer loop
    vertex -5062.51502950967 129.92735526919805 4161.7066377815845
    vertex -5064.3910568989995 129.84544614435555 4126.693186039949
    vertex -5062.515029536354 129.92735526793254 4126.693186039949
  endloop
endfacet
facet normal 0.04361939004162128 -0.9990482214650086 -1.4075351595581617e-10
  outer loop
    vertex -5064.3910568989995 129.84544614435555 4126.693186039949
    vertex -5062.51502950967 129.92735526919805 4161.7066377815845
    vertex -5064.391056871288 129.84544613559893 4161.706670787702
  endloop
endfacet
facet normal -0.8870108328499378 -0.46174861386566146 2.0874617231361146e-09
  outer loop
    vertex -5043.0067543488885 117.49921337494834 4161.706317155135
    vertex -5043.873832720237 119.1648552678202 4126.694195881324
    vertex -5043.006754420787 117.49921335177156 4126.694195881324
  endloop
endfacet
facet normal -0.8870108328499378 -0.46174861386566146 2.0874617231361146e-09
  outer loop
    vertex -5043.873832720237 119.1648552678202 4126.694195881324
    vertex -5043.0067543488885 117.49921337494834 4161.706317155135
    vertex -5043.8738326527555 119.16485529345924 4161.706329511801
  endloop
endfacet
facet normal -0.8433914458275228 -0.5372996083238484 2.0189889492680303e-09
  outer loop
    vertex -5043.8738326527555 119.16485529345924 4161.706329511801
    vertex -5044.882781783326 120.74858806029293 4126.694195881324
    vertex -5043.873832720237 119.1648552678202 4126.694195881324
  endloop
endfacet
facet normal -0.8433914458275228 -0.5372996083238484 2.0189889492680303e-09
  outer loop
    vertex -5044.882781783326 120.74858806029293 4126.694195881324
    vertex -5043.8738326527555 119.16485529345924 4161.706329511801
    vertex -5044.882781715845 120.74858808593216 4161.706344493311
  endloop
endfacet
facet normal -0.7933533398558699 -0.6087614295760998 1.9351656973591303e-09
  outer loop
    vertex -5044.882781715845 120.74858808593216 4161.706344493311
    vertex -5046.025922898463 122.23835856635466 4126.694195881324
    vertex -5044.882781783326 120.74858806029293 4126.694195881324
  endloop
endfacet
facet normal -0.7933533398558699 -0.6087614295760998 1.9351656973591303e-09
  outer loop
    vertex -5046.025922898463 122.23835856635466 4126.694195881324
    vertex -5044.882781715845 120.74858808593216 4161.706344493311
    vertex -5046.025922835759 122.23835859365194 4161.706361985649
  endloop
endfacet
facet normal -0.04361938736599531 -0.999048221581829 6.935049994649678e-11
  outer loop
    vertex -5060.639002147031 129.8454461456218 4161.706605054192
    vertex -5062.515029536354 129.92735526793254 4126.693186039949
    vertex -5060.639002173713 129.84544614435626 4126.693186039949
  endloop
endfacet
facet normal -0.04361938736599531 -0.999048221581829 6.935049994649678e-11
  outer loop
    vertex -5062.515029536354 129.92735526793254 4126.693186039949
    vertex -5060.639002147031 129.8454461456218 4161.706605054192
    vertex -5062.51502950967 129.92735526919805 4161.7066377815845
  endloop
endfacet
facet normal -0.6087614282240534 -0.7933533408933315 1.4966585603256208e-09
  outer loop
    vertex -5048.6790261853575 124.89146193404366 4161.706403952194
    vertex -5050.168796744023 126.03460302121275 4126.694195881324
    vertex -5048.679026238013 124.8914619060158 4126.694195881324
  endloop
endfacet
facet normal -0.6087614282240534 -0.7933533408933315 1.4966585603256208e-09
  outer loop
    vertex -5050.168796744023 126.03460302121275 4126.694195881324
    vertex -5048.6790261853575 124.89146193404366 4161.706403952194
    vertex -5050.1687966963345 126.03460304828911 4161.706428107013
  endloop
endfacet
facet normal -0.6755902076300098 -0.7372773367969752 1.6062301962720484e-09
  outer loop
    vertex -5047.294556018858 123.62282876093342 4161.7063818556835
    vertex -5048.679026238013 124.8914619060158 4126.694195881324
    vertex -5047.294556071514 123.62282873290665 4126.694195881324
  endloop
endfacet
facet normal -0.6755902076300098 -0.7372773367969752 1.6062301962720484e-09
  outer loop
    vertex -5048.679026238013 124.8914619060158 4126.694195881324
    vertex -5047.294556018858 123.62282876093342 4161.7063818556835
    vertex -5048.6790261853575 124.89146193404366 4161.706403952194
  endloop
endfacet
facet normal -0.3826834300694217 -0.9238795334621837 8.869146698469626e-10
  outer loop
    vertex -5053.41817145245 127.91063038387496 4126.694195881324
    vertex -5055.1530459197 128.6292389457859 4161.706511013165
    vertex -5055.153045951311 128.62923893033553 4126.693186039949
  endloop
endfacet
facet normal -0.3826834300694217 -0.9238795334621837 8.869146698469626e-10
  outer loop
    vertex -5055.1530459197 128.6292389457859 4161.706511013165
    vertex -5053.41817145245 127.91063038387496 4126.694195881324
    vertex -5053.418171413826 127.91063040655669 4161.706481841977
  endloop
endfacet
facet normal -0.1305261895805029 -0.9914448617213137 2.7819778449961434e-10
  outer loop
    vertex -5058.777252482939 129.60034216255042 4161.706572854599
    vertex -5060.639002173713 129.84544614435626 4126.693186039949
    vertex -5058.7772525120845 129.60034215151654 4126.693186039949
  endloop
endfacet
facet normal -0.1305261895805029 -0.9914448617213137 2.7819778449961434e-10
  outer loop
    vertex -5060.639002173713 129.84544614435626 4126.693186039949
    vertex -5058.777252482939 129.60034216255042 4161.706572854599
    vertex -5060.639002147031 129.8454461456218 4161.706605054192
  endloop
endfacet
facet normal -0.2164396139412963 -0.9762960071192255 4.878328397010502e-10
  outer loop
    vertex -5056.943949561401 129.1939086898313 4161.706541427865
    vertex -5058.7772525120845 129.60034215151654 4126.693186039949
    vertex -5056.943949590545 129.19390867879724 4126.693186039949
  endloop
endfacet
facet normal -0.2164396139412963 -0.9762960071192255 4.878328397010502e-10
  outer loop
    vertex -5058.7772525120845 129.60034215151654 4126.693186039949
    vertex -5056.943949561401 129.1939086898313 4161.706541427865
    vertex -5058.777252482939 129.60034216255042 4161.706572854599
  endloop
endfacet
facet normal -0.9990482215832793 -0.04361938733277861 7.588409486666418e-10
  outer loop
    vertex -4765.161913317489 110.27838262997356 4161.707475481457
    vertex -4765.0800042205865 108.40235526770967 4126.694209857033
    vertex -4765.080004193974 108.40235526731189 4161.707481773383
  endloop
endfacet
facet normal -0.9990482215832793 -0.04361938733277861 7.588409486666418e-10
  outer loop
    vertex -4765.0800042205865 108.40235526770967 4126.694209857033
    vertex -4765.161913317489 110.27838262997356 4161.707475481457
    vertex -4765.161913344101 110.27838263037115 4126.694209857033
  endloop
endfacet
facet normal -0.9238795325226368 -0.38268343233768887 6.978867698474455e-10
  outer loop
    vertex -4767.096729077722 117.49921335137361 4161.707422103099
    vertex -4766.378120557935 115.76433885287082 4126.694209857033
    vertex -4766.378120531321 115.7643388524734 4161.707439496662
  endloop
endfacet
facet normal -0.9238795325226368 -0.38268343233768887 6.978867698474455e-10
  outer loop
    vertex -4766.378120557935 115.76433885287082 4126.694209857033
    vertex -4767.096729077722 117.49921335137361 4161.707422103099
    vertex -4767.0967291043335 117.49921335177156 4126.694209857033
  endloop
endfacet
facet normal -0.9914448613698313 0.1305261922502755 7.550398647275683e-10
  outer loop
    vertex -4765.161913317608 106.52632790464897 4161.707485115682
    vertex -4765.407017337117 104.66457824338995 4126.694209857033
    vertex -4765.407017310506 104.66457824299236 4161.707485482919
  endloop
endfacet
facet normal -0.9914448613698313 0.1305261922502755 7.550398647275683e-10
  outer loop
    vertex -4765.407017337117 104.66457824338995 4126.694209857033
    vertex -4765.161913317608 106.52632790464897 4161.707485115682
    vertex -4765.161913344221 106.52632790504656 4126.694209857033
  endloop
endfacet
facet normal -0.7372773368253082 -0.6755902075990898 5.527010818707266e-10
  outer loop
    vertex -4771.384530728448 123.6228287325087 4161.707329175437
    vertex -4770.115897582009 122.23835856635466 4126.694209857033
    vertex -4770.115897555397 122.23835856595689 4161.70735557272
  endloop
endfacet
facet normal -0.7372773368253082 -0.6755902075990898 5.527010818707266e-10
  outer loop
    vertex -4770.115897582009 122.23835856635466 4126.694209857033
    vertex -4771.384530728448 123.6228287325087 4161.707329175437
    vertex -4771.384530755061 123.62282873290665 4126.694209857033
  endloop
endfacet
facet normal -0.7933533403064332 -0.608761428988914 5.960769874233351e-10
  outer loop
    vertex -4770.115897555397 122.23835856595689 4161.70735557272
    vertex -4768.972756466872 120.74858806029293 4126.694209857033
    vertex -4768.97275644026 120.74858805989552 4161.7073799808395
  endloop
endfacet
facet normal -0.7933533403064332 -0.608761428988914 5.960769874233351e-10
  outer loop
    vertex -4768.972756466872 120.74858806029293 4126.694209857033
    vertex -4770.115897555397 122.23835856595689 4161.70735557272
    vertex -4770.115897582009 122.23835856635466 4126.694209857033
  endloop
endfacet
facet normal -0.8433914458277836 -0.5372996083234391 6.34929000562035e-10
  outer loop
    vertex -4768.97275644026 120.74858805989552 4161.7073799808395
    vertex -4767.963807403784 119.1648552678202 4126.694209857033
    vertex -4767.963807377172 119.16485526742261 4161.707402214035
  endloop
endfacet
facet normal -0.8433914458277836 -0.5372996083234391 6.34929000562035e-10
  outer loop
    vertex -4767.963807403784 119.1648552678202 4126.694209857033
    vertex -4768.97275644026 120.74858805989552 4161.7073799808395
    vertex -4768.972756466872 120.74858806029293 4126.694209857033
  endloop
endfacet
facet normal -0.9762960071139205 0.21643961396522587 7.444913199500262e-10
  outer loop
    vertex -4765.407017310506 104.66457824299236 4161.707485482919
    vertex -4765.813450809891 102.83127532181908 4126.694209857033
    vertex -4765.813450783279 102.8312753214213 4161.707482872296
  endloop
endfacet
facet normal -0.9762960071139205 0.21643961396522587 7.444913199500262e-10
  outer loop
    vertex -4765.813450809891 102.83127532181908 4126.694209857033
    vertex -4765.407017310506 104.66457824299236 4161.707485482919
    vertex -4765.407017337117 104.66457824338995 4126.694209857033
  endloop
endfacet
facet normal -0.9990482215805081 0.043619387396249105 7.598422319537964e-10
  outer loop
    vertex -4765.080004193974 108.40235526731189 4161.707481773383
    vertex -4765.161913344221 106.52632790504656 4126.694209857033
    vertex -4765.161913317608 106.52632790464897 4161.707485115682
  endloop
endfacet
facet normal -0.9990482215805081 0.043619387396249105 7.598422319537964e-10
  outer loop
    vertex -4765.161913344221 106.52632790504656 4126.694209857033
    vertex -4765.080004193974 108.40235526731189 4161.707481773383
    vertex -4765.0800042205865 108.40235526770967 4126.694209857033
  endloop
endfacet
facet normal -0.9537169507404242 0.30070579952902066 7.283068612213002e-10
  outer loop
    vertex -4765.813450783279 102.8312753214213 4161.707482872296
    vertex -4766.378120558404 101.0403716825478 4126.694209857033
    vertex -4766.378120531791 101.04037168215021 4161.707477303686
  endloop
endfacet
facet normal -0.9537169507404242 0.30070579952902066 7.283068612213002e-10
  outer loop
    vertex -4766.378120558404 101.0403716825478 4126.694209857033
    vertex -4765.813450783279 102.8312753214213 4161.707482872296
    vertex -4765.813450809891 102.83127532181908 4126.694209857033
  endloop
endfacet
facet normal -0.9762960071271465 -0.2164396139055666 7.396165307289381e-10
  outer loop
    vertex -4765.813450782922 113.9734352132014 4161.707454262351
    vertex -4765.407017336879 112.14013229202865 4126.694209857033
    vertex -4765.407017310267 112.14013229163089 4161.707466287789
  endloop
endfacet
facet normal -0.9762960071271465 -0.2164396139055666 7.396165307289381e-10
  outer loop
    vertex -4765.407017336879 112.14013229202865 4126.694209857033
    vertex -4765.813450782922 113.9734352132014 4161.707454262351
    vertex -4765.813450809536 113.97343521359882 4126.694209857033
  endloop
endfacet
facet normal -0.6755902076301502 -0.7372773367968465 5.051315927810437e-10
  outer loop
    vertex -4771.384530728448 123.6228287325087 4161.707329175437
    vertex -4772.769000921559 124.8914619060158 4126.694209857033
    vertex -4771.384530755061 123.62282873290665 4126.694209857033
  endloop
endfacet
facet normal -0.6755902076301502 -0.7372773367968465 5.051315927810437e-10
  outer loop
    vertex -4772.769000921559 124.8914619060158 4126.694209857033
    vertex -4771.384530728448 123.6228287325087 4161.707329175437
    vertex -4772.769000894948 124.89146190561985 4161.707300989892
  endloop
endfacet
facet normal -0.6087614290219825 -0.7933533402810592 4.536877421875122e-10
  outer loop
    vertex -4772.769000894948 124.89146190561985 4161.707300989892
    vertex -4774.258771427569 126.03460302121275 4126.694209857033
    vertex -4772.769000921559 124.8914619060158 4126.694209857033
  endloop
endfacet
facet normal -0.6087614290219825 -0.7933533402810592 4.536877421875122e-10
  outer loop
    vertex -4774.258771427569 126.03460302121275 4126.694209857033
    vertex -4772.769000894948 124.89146190561985 4161.707300989892
    vertex -4774.258771400961 126.0346030208175 4161.707271230591
  endloop
endfacet
facet normal -0.4617486132446654 -0.8870108331732081 3.4087637143807477e-10
  outer loop
    vertex -4775.842504193382 127.04355208396606 4161.707240124023
    vertex -4777.508146135996 127.91063038387496 4126.694209857033
    vertex -4775.842504219992 127.0435520843624 4126.694209857032
  endloop
endfacet
facet normal -0.4617486132446654 -0.8870108331732081 3.4087637143807477e-10
  outer loop
    vertex -4777.508146135996 127.91063038387496 4126.694209857033
    vertex -4775.842504193382 127.04355208396606 4161.707240124023
    vertex -4777.508146109386 127.91063038347791 4161.707207906923
  endloop
endfacet
facet normal -0.8870108331919162 -0.46174861320872684 6.689368757766509e-10
  outer loop
    vertex -4767.963807377172 119.16485526742261 4161.707402214035
    vertex -4767.0967291043335 117.49921335177156 4126.694209857033
    vertex -4767.096729077722 117.49921335137361 4161.707422103099
  endloop
endfacet
facet normal -0.8870108331919162 -0.46174861320872684 6.689368757766509e-10
  outer loop
    vertex -4767.0967291043335 117.49921335177156 4126.694209857033
    vertex -4767.963807377172 119.16485526742261 4161.707402214035
    vertex -4767.963807403784 119.1648552678202 4126.694209857033
  endloop
endfacet
facet normal 0.7933533402821897 -0.6087614290205088 -6.098949228765114e-10
  outer loop
    vertex -4804.237251973514 120.74858806029293 4126.6932000156585
    vertex -4803.09411083167 122.23835856595726 4161.706761784128
    vertex -4804.237251946902 120.74858805989516 4161.706745026634
  endloop
endfacet
facet normal 0.7933533402821897 -0.6087614290205088 -6.098949228765114e-10
  outer loop
    vertex -4803.09411083167 122.23835856595726 4161.706761784128
    vertex -4804.237251973514 120.74858806029293 4126.6932000156585
    vertex -4803.094110858282 122.23835856635466 4126.6932000156585
  endloop
endfacet
facet normal 0.7372773368021891 -0.6755902076243199 -5.680332156800258e-10
  outer loop
    vertex -4803.094110858282 122.23835856635466 4126.6932000156585
    vertex -4801.825477658532 123.62282873250888 4161.706781071546
    vertex -4803.09411083167 122.23835856595726 4161.706761784128
  endloop
endfacet
facet normal 0.7372773368021891 -0.6755902076243199 -5.680332156800258e-10
  outer loop
    vertex -4801.825477658532 123.62282873250888 4161.706781071546
    vertex -4803.094110858282 122.23835856635466 4126.6932000156585
    vertex -4801.825477685144 123.62282873290665 4126.6932000156585
  endloop
endfacet
facet normal -0.38268343237298047 -0.9238795325080184 2.8036092966069093e-10
  outer loop
    vertex -4777.508146135996 127.91063038387496 4126.694209857033
    vertex -4779.2430206082445 128.62923892993774 4161.707174824489
    vertex -4779.243020634857 128.62923893033553 4126.6932000156585
  endloop
endfacet
facet normal -0.38268343237298047 -0.9238795325080184 2.8036092966069093e-10
  outer loop
    vertex -4779.2430206082445 128.62923892993774 4161.707174824489
    vertex -4777.508146135996 127.91063038387496 4126.694209857033
    vertex -4777.508146109386 127.91063038347791 4161.707207906923
  endloop
endfacet
facet normal 0.3826834323731299 0.9238795325079565 -2.8035360118273916e-10
  outer loop
    vertex -4795.701862278564 88.89408015114805 4161.706980503884
    vertex -4793.966987806314 88.17547160508454 4126.6932000156585
    vertex -4795.701862305173 88.8940801515451 4126.6932000156585
  endloop
endfacet
facet normal 0.3826834323731299 0.9238795325079565 -2.8035360118273916e-10
  outer loop
    vertex -4793.966987806314 88.17547160508454 4126.6932000156585
    vertex -4795.701862278564 88.89408015114805 4161.706980503884
    vertex -4793.966987779701 88.17547160468676 4161.70701358632
  endloop
endfacet
facet normal -0.30070579951010257 -0.9537169507463891 2.1771711430624367e-10
  outer loop
    vertex -4779.2430206082445 128.62923892993774 4161.707174824489
    vertex -4781.033924274092 129.19390867879724 4126.6932000156585
    vertex -4779.243020634857 128.62923893033553 4126.6932000156585
  endloop
endfacet
facet normal -0.30070579951010257 -0.9537169507463891 2.1771711430624367e-10
  outer loop
    vertex -4781.033924274092 129.19390867879724 4126.6932000156585
    vertex -4779.2430206082445 128.62923892993774 4161.707174824489
    vertex -4781.033924247481 129.19390867840002 4161.707141128494
  endloop
endfacet
facet normal 0.6755902076299889 0.7372773367969943 -5.051066095480268e-10
  outer loop
    vertex -4801.825477659498 93.18188180211419 4161.70685923537
    vertex -4800.441007519613 91.91324862940425 4126.6932000156585
    vertex -4801.8254776861095 93.18188180251197 4126.6932000156585
  endloop
endfacet
facet normal 0.6755902076299889 0.7372773367969943 -5.051066095480268e-10
  outer loop
    vertex -4800.441007519613 91.91324862940425 4126.6932000156585
    vertex -4801.825477659498 93.18188180211419 4161.70685923537
    vertex -4800.441007493 91.9132486290061 4161.706887420916
  endloop
endfacet
facet normal 0.1305261922202083 -0.9914448613737897 -1.104589046228384e-10
  outer loop
    vertex -4788.481031555936 129.84544614395796 4161.707005366779
    vertex -4790.342781244191 129.60034215151725 4126.6932000156585
    vertex -4788.481031582545 129.84544614435555 4126.6932000156585
  endloop
endfacet
facet normal 0.1305261922202083 -0.9914448613737897 -1.104589046228384e-10
  outer loop
    vertex -4790.342781244191 129.60034215151725 4126.6932000156585
    vertex -4788.481031555936 129.84544614395796 4161.707005366779
    vertex -4790.3427812175805 129.6003421511195 4161.706972474439
  endloop
endfacet
facet normal 0.737277336825393 0.6755902075989972 -5.526810225591617e-10
  outer loop
    vertex -4801.8254776861095 93.18188180251197 4126.6932000156585
    vertex -4803.094110832549 94.56635196866581 4161.706832838087
    vertex -4801.825477659498 93.18188180211419 4161.70685923537
  endloop
endfacet
facet normal 0.737277336825393 0.6755902075989972 -5.526810225591617e-10
  outer loop
    vertex -4803.094110832549 94.56635196866581 4161.706832838087
    vertex -4801.8254776861095 93.18188180251197 4126.6932000156585
    vertex -4803.0941108591605 94.56635196906394 4126.6932000156585
  endloop
endfacet
facet normal 0.38268343236399893 -0.9238795325117387 -3.0133435892916746e-10
  outer loop
    vertex -4793.966987778416 128.6292389299381 4161.706909712378
    vertex -4795.701862303933 127.91063038387604 4126.6932000156585
    vertex -4793.966987805027 128.62923893033553 4126.693200015656
  endloop
endfacet
facet normal 0.38268343236399893 -0.9238795325117387 -3.0133435892916746e-10
  outer loop
    vertex -4795.701862303933 127.91063038387604 4126.6932000156585
    vertex -4793.966987778416 128.6292389299381 4161.706909712378
    vertex -4795.701862277321 127.91063038347863 4161.706880320313
  endloop
endfacet
facet normal 0.8433914458272994 0.5372996083241989 -6.349037609452738e-10
  outer loop
    vertex -4804.237251974298 96.05612247512532 4126.6932000156585
    vertex -4805.246201010776 97.63985526719956 4161.706786196775
    vertex -4804.237251947686 96.05612247472719 4161.70680842997
  endloop
endfacet
facet normal 0.8433914458272994 0.5372996083241989 -6.349037609452738e-10
  outer loop
    vertex -4805.246201010776 97.63985526719956 4161.706786196775
    vertex -4804.237251974298 96.05612247512532 4126.6932000156585
    vertex -4805.246201037387 97.6398552675977 4126.6932000156585
  endloop
endfacet
facet normal -0.04361938736601895 -0.9990482215818279 2.1812103124691925e-11
  outer loop
    vertex -4784.728976830648 129.84544614395867 4161.707072924328
    vertex -4786.6050042199 129.92735526793254 4126.6932000156585
    vertex -4784.72897685726 129.84544614435626 4126.6932000156585
  endloop
endfacet
facet normal -0.04361938736601895 -0.9990482215818279 2.1812103124691925e-11
  outer loop
    vertex -4786.6050042199 129.92735526793254 4126.6932000156585
    vertex -4784.728976830648 129.84544614395867 4161.707072924328
    vertex -4786.6050041932895 129.92735526753512 4161.707038935233
  endloop
endfacet
facet normal -0.13052619222210693 -0.9914448613735398 8.794775723520415e-11
  outer loop
    vertex -4782.867227169019 129.60034215111875 4161.7071070753855
    vertex -4784.72897685726 129.84544614435626 4126.6932000156585
    vertex -4782.867227195631 129.60034215151654 4126.6932000156585
  endloop
endfacet
facet normal -0.13052619222210693 -0.9914448613735398 8.794775723520415e-11
  outer loop
    vertex -4784.72897685726 129.84544614435626 4126.6932000156585
    vertex -4782.867227169019 129.60034215111875 4161.7071070753855
    vertex -4784.728976830648 129.84544614395867 4161.707072924328
  endloop
endfacet
facet normal -0.21643961394125577 -0.9762960071192344 1.5341719557293795e-10
  outer loop
    vertex -4781.033924247481 129.19390867840002 4161.707141128494
    vertex -4782.867227195631 129.60034215151654 4126.6932000156585
    vertex -4781.033924274092 129.19390867879724 4126.6932000156585
  endloop
endfacet
facet normal -0.21643961394125577 -0.9762960071192344 1.5341719557293795e-10
  outer loop
    vertex -4782.867227195631 129.60034215151654 4126.6932000156585
    vertex -4781.033924247481 129.19390867840002 4161.707141128494
    vertex -4782.867227169019 129.60034215111875 4161.7071070753855
  endloop
endfacet
facet normal 0.4617486132444797 0.8870108331733045 -3.4085135809078285e-10
  outer loop
    vertex -4797.367504194569 89.76115845066097 4161.7069482867855
    vertex -4795.701862305173 88.8940801515451 4126.6932000156585
    vertex -4797.367504221178 89.76115845105765 4126.693200015656
  endloop
endfacet
facet normal 0.4617486132444797 0.8870108331733045 -3.4085135809078285e-10
  outer loop
    vertex -4795.701862305173 88.8940801515451 4126.6932000156585
    vertex -4797.367504194569 89.76115845066097 4161.7069482867855
    vertex -4795.701862278564 88.89408015114805 4161.706980503884
  endloop
endfacet
facet normal 0.21643961394166802 0.976296007119143 -1.5340739266753195e-10
  outer loop
    vertex -4792.176084140467 87.61080185622576 4161.707047282314
    vertex -4790.342781245539 87.2043683839037 4126.6932000156585
    vertex -4792.1760841670775 87.61080185662354 4126.6932000156585
  endloop
endfacet
facet normal 0.21643961394166802 0.976296007119143 -1.5340739266753195e-10
  outer loop
    vertex -4790.342781245539 87.2043683839037 4126.6932000156585
    vertex -4792.176084140467 87.61080185622576 4161.707047282314
    vertex -4790.3427812189275 87.20436838350594 4161.707081335422
  endloop
endfacet
facet normal -0.04361938736561903 0.9990482215818454 4.4495402846009133e-11
  outer loop
    vertex -4786.605004194659 86.87735526709119 4161.707149475574
    vertex -4784.728976858622 86.95926439106469 4126.6932000156585
    vertex -4786.605004221271 86.87735526748861 4126.6932000156585
  endloop
endfacet
facet normal -0.04361938736561903 0.9990482215818454 4.4495402846009133e-11
  outer loop
    vertex -4784.728976858622 86.95926439106469 4126.6932000156585
    vertex -4786.605004194659 86.87735526709119 4161.707149475574
    vertex -4784.728976832011 86.9592643906671 4161.707183044029
  endloop
endfacet
facet normal 0.9762960071269232 0.2164396139065741 -7.395592255166833e-10
  outer loop
    vertex -4807.396557631635 102.83127532182053 4126.6932000156585
    vertex -4807.80299107768 104.66457824299236 4161.706722123018
    vertex -4807.396557605023 102.83127532142275 4161.706734148456
  endloop
endfacet
facet normal 0.9762960071269232 0.2164396139065741 -7.395592255166833e-10
  outer loop
    vertex -4807.80299107768 104.66457824299236 4161.706722123018
    vertex -4807.396557631635 102.83127532182053 4126.6932000156585
    vertex -4807.802991104292 104.66457824338995 4126.6932000156585
  endloop
endfacet
facet normal 0.537299608343417 -0.8433914458150563 -4.179492153276476e-10
  outer loop
    vertex -4797.367504193381 127.04355208396571 4161.706852556043
    vertex -4798.951237012481 126.03460302121275 4126.6932000156585
    vertex -4797.367504219993 127.0435520843633 4126.6932000156585
  endloop
endfacet
facet normal 0.537299608343417 -0.8433914458150563 -4.179492153276476e-10
  outer loop
    vertex -4798.951237012481 126.03460302121275 4126.6932000156585
    vertex -4797.367504193381 127.04355208396571 4161.706852556043
    vertex -4798.951236985869 126.03460302081497 4161.706826630872
  endloop
endfacet
facet normal -0.3007057995046969 0.9537169507480933 2.393792610816386e-10
  outer loop
    vertex -4781.033924248803 87.61080185622522 4161.707247902264
    vertex -4779.243020636144 88.17547160508454 4126.694209857033
    vertex -4781.033924275414 87.61080185662281 4126.693200015656
  endloop
endfacet
facet normal -0.3007057995046969 0.9537169507480933 2.393792610816386e-10
  outer loop
    vertex -4779.243020636144 88.17547160508454 4126.694209857033
    vertex -4781.033924248803 87.61080185622522 4161.707247902264
    vertex -4779.243020609532 88.17547160468712 4161.707278698431
  endloop
endfacet
facet normal 0.8870108331684626 -0.46174861325378086 -6.793905512983093e-10
  outer loop
    vertex -4806.11327933626 117.49921335177156 4126.6932000156585
    vertex -4805.246201010092 119.16485526742369 4161.706730926603
    vertex -4806.113279309649 117.49921335137397 4161.706719591343
  endloop
endfacet
facet normal 0.8870108331684626 -0.46174861325378086 -6.793905512983093e-10
  outer loop
    vertex -4805.246201010092 119.16485526742369 4161.706730926603
    vertex -4806.11327933626 117.49921335177156 4126.6932000156585
    vertex -4805.246201036703 119.16485526782093 4126.6932000156585
  endloop
endfacet
facet normal 0.8870108331918287 0.46174861320889526 -6.689176118069657e-10
  outer loop
    vertex -4805.246201037387 97.6398552675977 4126.6932000156585
    vertex -4806.113279310227 99.30549718324983 4161.7067663077105
    vertex -4805.246201010776 97.63985526719956 4161.706786196775
  endloop
endfacet
facet normal 0.8870108331918287 0.46174861320889526 -6.689176118069657e-10
  outer loop
    vertex -4806.113279310227 99.30549718324983 4161.7067663077105
    vertex -4805.246201037387 97.6398552675977 4126.6932000156585
    vertex -4806.113279336839 99.30549718364777 4126.6932000156585
  endloop
endfacet
facet normal 0.30070579950959986 0.9537169507465474 -2.177117632949601e-10
  outer loop
    vertex -4793.966987779701 88.17547160468676 4161.70701358632
    vertex -4792.1760841670775 87.61080185662354 4126.6932000156585
    vertex -4793.966987806314 88.17547160508454 4126.6932000156585
  endloop
endfacet
facet normal 0.30070579950959986 0.9537169507465474 -2.177117632949601e-10
  outer loop
    vertex -4792.1760841670775 87.61080185662354 4126.6932000156585
    vertex -4793.966987779701 88.17547160468676 4161.70701358632
    vertex -4792.176084140467 87.61080185622576 4161.707047282314
  endloop
endfacet
facet normal 0.923879532523341 0.3826834323359887 -6.978394973369785e-10
  outer loop
    vertex -4806.113279336839 99.30549718364777 4126.6932000156585
    vertex -4806.831887856623 101.04037168215075 4161.7067489141455
    vertex -4806.113279310227 99.30549718324983 4161.7067663077105
  endloop
endfacet
facet normal 0.923879532523341 0.3826834323359887 -6.978394973369785e-10
  outer loop
    vertex -4806.831887856623 101.04037168215075 4161.7067489141455
    vertex -4806.113279336839 99.30549718364777 4126.6932000156585
    vertex -4806.831887883235 101.0403716825487 4126.6932000156585
  endloop
endfacet
facet normal 0.30070579950432663 -0.9537169507482102 -2.393706916059463e-10
  outer loop
    vertex -4792.176084165755 129.19390867879724 4126.6932000156585
    vertex -4793.966987778416 128.6292389299381 4161.706909712378
    vertex -4793.966987805027 128.62923893033553 4126.693200015656
  endloop
endfacet
facet normal 0.30070579950432663 -0.9537169507482102 -2.393706916059463e-10
  outer loop
    vertex -4793.966987778416 128.6292389299381 4161.706909712378
    vertex -4792.176084165755 129.19390867879724 4126.6932000156585
    vertex -4792.176084139143 129.19390867839982 4161.706940508545
  endloop
endfacet
facet normal 0.9238795325023932 -0.38268343238656066 -7.06526305119341e-10
  outer loop
    vertex -4806.831887882769 115.7643388528701 4126.6932000156585
    vertex -4806.113279309649 117.49921335137397 4161.706719591343
    vertex -4806.831887856157 115.76433885247232 4161.706711107123
  endloop
endfacet
facet normal 0.9238795325023932 -0.38268343238656066 -7.06526305119341e-10
  outer loop
    vertex -4806.113279309649 117.49921335137397 4161.706719591343
    vertex -4806.831887882769 115.7643388528701 4126.6932000156585
    vertex -4806.11327933626 117.49921335177156 4126.6932000156585
  endloop
endfacet
facet normal 0.9990482215805065 -0.0436193873962847 -7.59816612329767e-10
  outer loop
    vertex -4808.130004220585 108.40235526770967 4126.6932000156585
    vertex -4808.048095070339 110.27838262997356 4161.7067032951245
    vertex -4808.130004193973 108.40235526731189 4161.706706637425
  endloop
endfacet
facet normal 0.9990482215805065 -0.0436193873962847 -7.59816612329767e-10
  outer loop
    vertex -4808.048095070339 110.27838262997356 4161.7067032951245
    vertex -4808.130004220585 108.40235526770967 4126.6932000156585
    vertex -4808.04809509695 110.27838263037115 4126.6932000156585
  endloop
endfacet
facet normal -0.21643961393852193 0.9762960071198405 1.755873298405769e-10
  outer loop
    vertex -4782.867227196978 87.2043683839037 4126.6932000156585
    vertex -4781.033924248803 87.61080185622522 4161.707247902264
    vertex -4781.033924275414 87.61080185662281 4126.693200015656
  endloop
endfacet
facet normal -0.21643961393852193 0.9762960071198405 1.755873298405769e-10
  outer loop
    vertex -4781.033924248803 87.61080185622522 4161.707247902264
    vertex -4782.867227196978 87.2043683839037 4126.6932000156585
    vertex -4782.867227170366 87.20436838350611 4161.707215936369
  endloop
endfacet
facet normal 0.04361938736633356 -0.9990482215818144 -4.449160050986193e-11
  outer loop
    vertex -4786.6050041932895 129.92735526753512 4161.707038935233
    vertex -4788.481031582545 129.84544614435555 4126.6932000156585
    vertex -4786.6050042199 129.92735526793254 4126.6932000156585
  endloop
endfacet
facet normal 0.04361938736633356 -0.9990482215818144 -4.449160050986193e-11
  outer loop
    vertex -4788.481031582545 129.84544614435555 4126.6932000156585
    vertex -4786.6050041932895 129.92735526753512 4161.707038935233
    vertex -4788.481031555936 129.84544614395796 4161.707005366779
  endloop
endfacet
facet normal 0.8433914458032267 -0.5372996083619855 -6.471062610416771e-10
  outer loop
    vertex -4805.246201036703 119.16485526782093 4126.6932000156585
    vertex -4804.237251946902 120.74858805989516 4161.706745026634
    vertex -4805.246201010092 119.16485526742369 4161.706730926603
  endloop
endfacet
facet normal 0.8433914458032267 -0.5372996083619855 -6.471062610416771e-10
  outer loop
    vertex -4804.237251946902 120.74858805989516 4161.706745026634
    vertex -4805.246201036703 119.16485526782093 4126.6932000156585
    vertex -4804.237251973514 120.74858806029293 4126.6932000156585
  endloop
endfacet
facet normal 0.7933533403063798 0.6087614289889837 -5.960596965313601e-10
  outer loop
    vertex -4803.0941108591605 94.56635196906394 4126.6932000156585
    vertex -4804.237251947686 96.05612247472719 4161.70680842997
    vertex -4803.094110832549 94.56635196866581 4161.706832838087
  endloop
endfacet
facet normal 0.7933533403063798 0.6087614289889837 -5.960596965313601e-10
  outer loop
    vertex -4804.237251947686 96.05612247472719 4161.70680842997
    vertex -4803.0941108591605 94.56635196906394 4126.6932000156585
    vertex -4804.237251974298 96.05612247512532 4126.6932000156585
  endloop
endfacet
facet normal 0.9990482215832724 0.043619387332934856 -7.588254262289635e-10
  outer loop
    vertex -4808.04809509707 106.52632790504656 4126.6932000156585
    vertex -4808.130004193973 108.40235526731189 4161.706706637425
    vertex -4808.048095070458 106.52632790464897 4161.70671292935
  endloop
endfacet
facet normal 0.9990482215832724 0.043619387332934856 -7.588254262289635e-10
  outer loop
    vertex -4808.130004193973 108.40235526731189 4161.706706637425
    vertex -4808.04809509707 106.52632790504656 4126.6932000156585
    vertex -4808.130004220585 108.40235526770967 4126.6932000156585
  endloop
endfacet
facet normal 0.608761429022468 0.7933533402806864 -4.5367769609851896e-10
  outer loop
    vertex -4800.441007493 91.9132486290061 4161.706887420916
    vertex -4798.9512370136035 90.77010751420748 4126.6932000156585
    vertex -4800.441007519613 91.91324862940425 4126.6932000156585
  endloop
endfacet
facet normal 0.608761429022468 0.7933533402806864 -4.5367769609851896e-10
  outer loop
    vertex -4798.9512370136035 90.77010751420748 4126.6932000156585
    vertex -4800.441007493 91.9132486290061 4161.706887420916
    vertex -4798.951236986992 90.77010751380989 4161.706917180217
  endloop
endfacet
facet normal 0.2164396139389061 -0.9762960071197553 -1.7558773761220644e-10
  outer loop
    vertex -4790.3427812175805 129.6003421511195 4161.706972474439
    vertex -4792.176084165755 129.19390867879724 4126.6932000156585
    vertex -4790.342781244191 129.60034215151725 4126.6932000156585
  endloop
endfacet
facet normal 0.2164396139389061 -0.9762960071197553 -1.7558773761220644e-10
  outer loop
    vertex -4792.176084165755 129.19390867879724 4126.6932000156585
    vertex -4790.3427812175805 129.6003421511195 4161.706972474439
    vertex -4792.176084139143 129.19390867839982 4161.706940508545
  endloop
endfacet
facet normal 0.5372996083582696 0.8433914458055941 -3.987784821224156e-10
  outer loop
    vertex -4798.9512370136035 90.77010751420748 4126.6932000156585
    vertex -4797.367504194569 89.76115845066097 4161.7069482867855
    vertex -4797.367504221178 89.76115845105765 4126.693200015656
  endloop
endfacet
facet normal 0.5372996083582696 0.8433914458055941 -3.987784821224156e-10
  outer loop
    vertex -4797.367504194569 89.76115845066097 4161.7069482867855
    vertex -4798.9512370136035 90.77010751420748 4126.6932000156585
    vertex -4798.951236986992 90.77010751380989 4161.706917180217
  endloop
endfacet
facet normal 0.13052619222198505 0.991444861373556 -8.79492176049603e-11
  outer loop
    vertex -4790.3427812189275 87.20436838350594 4161.707081335422
    vertex -4788.48103158391 86.95926439106378 4126.6932000156585
    vertex -4790.342781245539 87.2043683839037 4126.6932000156585
  endloop
endfacet
facet normal 0.13052619222198505 0.991444861373556 -8.79492176049603e-11
  outer loop
    vertex -4788.48103158391 86.95926439106378 4126.6932000156585
    vertex -4790.3427812189275 87.20436838350594 4161.707081335422
    vertex -4788.481031557297 86.95926439066619 4161.707115486479
  endloop
endfacet
facet normal 0.46174861323253147 -0.8870108331795244 -3.610178992770651e-10
  outer loop
    vertex -4795.701862277321 127.91063038347863 4161.706880320313
    vertex -4797.367504219993 127.0435520843633 4126.6932000156585
    vertex -4795.701862303933 127.91063038387604 4126.6932000156585
  endloop
endfacet
facet normal 0.46174861323253147 -0.8870108331795244 -3.610178992770651e-10
  outer loop
    vertex -4797.367504219993 127.0435520843633 4126.6932000156585
    vertex -4795.701862277321 127.91063038347863 4161.706880320313
    vertex -4797.367504193381 127.04355208396571 4161.706852556043
  endloop
endfacet
facet normal 0.04361938736543008 0.9990482215818538 -2.1810441673692167e-11
  outer loop
    vertex -4788.481031557297 86.95926439066619 4161.707115486479
    vertex -4786.605004221271 86.87735526748861 4126.6932000156585
    vertex -4788.48103158391 86.95926439106378 4126.6932000156585
  endloop
endfacet
facet normal 0.04361938736543008 0.9990482215818538 -2.1810441673692167e-11
  outer loop
    vertex -4786.605004221271 86.87735526748861 4126.6932000156585
    vertex -4788.481031557297 86.95926439066619 4161.707115486479
    vertex -4786.605004194659 86.87735526709119 4161.707149475574
  endloop
endfacet
facet normal 0.9537169507404567 -0.3007057995289172 -7.282621940181755e-10
  outer loop
    vertex -4807.39655763128 113.9734352135981 4126.6932000156585
    vertex -4806.831887856157 115.76433885247232 4161.706711107123
    vertex -4807.396557604669 113.97343521320067 4161.7067055385105
  endloop
endfacet
facet normal 0.9537169507404567 -0.3007057995289172 -7.282621940181755e-10
  outer loop
    vertex -4806.831887856157 115.76433885247232 4161.706711107123
    vertex -4807.39655763128 113.9734352135981 4126.6932000156585
    vertex -4806.831887882769 115.7643388528701 4126.6932000156585
  endloop
endfacet
facet normal 0.9537169507576059 0.30070579947452664 -7.214397429518641e-10
  outer loop
    vertex -4806.831887883235 101.0403716825487 4126.6932000156585
    vertex -4807.396557605023 102.83127532142275 4161.706734148456
    vertex -4806.831887856623 101.04037168215075 4161.7067489141455
  endloop
endfacet
facet normal 0.9537169507576059 0.30070579947452664 -7.214397429518641e-10
  outer loop
    vertex -4807.396557605023 102.83127532142275 4161.706734148456
    vertex -4806.831887883235 101.0403716825487 4126.6932000156585
    vertex -4807.396557631635 102.83127532182053 4126.6932000156585
  endloop
endfacet
facet normal 0.6087614290031921 -0.7933533402954774 -4.716941503860943e-10
  outer loop
    vertex -4798.951236985869 126.03460302081497 4161.706826630872
    vertex -4800.441007518564 124.89146190601653 4126.6932000156585
    vertex -4798.951237012481 126.03460302121275 4126.6932000156585
  endloop
endfacet
facet normal 0.6087614290031921 -0.7933533402954774 -4.716941503860943e-10
  outer loop
    vertex -4800.441007518564 124.89146190601653 4126.6932000156585
    vertex -4798.951236985869 126.03460302081497 4161.706826630872
    vertex -4800.441007491952 124.89146190561912 4161.706802742103
  endloop
endfacet
facet normal 0.991444861378115 0.13052619218735453 -7.520593952215186e-10
  outer loop
    vertex -4807.802991104292 104.66457824338995 4126.6932000156585
    vertex -4808.048095070458 106.52632790464897 4161.70671292935
    vertex -4807.80299107768 104.66457824299236 4161.706722123018
  endloop
endfacet
facet normal 0.991444861378115 0.13052619218735453 -7.520593952215186e-10
  outer loop
    vertex -4808.048095070458 106.52632790464897 4161.70671292935
    vertex -4807.802991104292 104.66457824338995 4126.6932000156585
    vertex -4808.04809509707 106.52632790504656 4126.6932000156585
  endloop
endfacet
facet normal 0.6755902076087854 -0.7372773368164237 -5.218512886137249e-10
  outer loop
    vertex -4800.441007491952 124.89146190561912 4161.706802742103
    vertex -4801.825477685144 123.62282873290665 4126.6932000156585
    vertex -4800.441007518564 124.89146190601653 4126.6932000156585
  endloop
endfacet
facet normal 0.6755902076087854 -0.7372773368164237 -5.218512886137249e-10
  outer loop
    vertex -4801.825477685144 123.62282873290665 4126.6932000156585
    vertex -4800.441007491952 124.89146190561912 4161.706802742103
    vertex -4801.825477658532 123.62282873250888 4161.706781071546
  endloop
endfacet
facet normal 0.9762960071139012 -0.2164396139653122 -7.444660236555641e-10
  outer loop
    vertex -4807.802991104054 112.14013229202794 4126.6932000156585
    vertex -4807.396557604669 113.97343521320067 4161.7067055385105
    vertex -4807.802991077442 112.14013229163017 4161.70670292789
  endloop
endfacet
facet normal 0.9762960071139012 -0.2164396139653122 -7.444660236555641e-10
  outer loop
    vertex -4807.396557604669 113.97343521320067 4161.7067055385105
    vertex -4807.802991104054 112.14013229202794 4126.6932000156585
    vertex -4807.39655763128 113.9734352135981 4126.6932000156585
  endloop
endfacet
facet normal 0.9914448613699076 -0.13052619224969625 -7.550247346593113e-10
  outer loop
    vertex -4808.04809509695 110.27838263037115 4126.6932000156585
    vertex -4807.802991077442 112.14013229163017 4161.70670292789
    vertex -4808.048095070339 110.27838262997356 4161.7067032951245
  endloop
endfacet
facet normal 0.9914448613699076 -0.13052619224969625 -7.550247346593113e-10
  outer loop
    vertex -4807.802991077442 112.14013229163017 4161.70670292789
    vertex -4808.04809509695 110.27838263037115 4126.6932000156585
    vertex -4807.802991104054 112.14013229202794 4126.6932000156585
  endloop
endfacet
facet normal -0.13052619222066084 0.9914448613737302 1.1045985814885704e-10
  outer loop
    vertex -4784.728976832011 86.9592643906671 4161.707183044029
    vertex -4782.867227196978 87.2043683839037 4126.6932000156585
    vertex -4784.728976858622 86.95926439106469 4126.6932000156585
  endloop
endfacet
facet normal -0.13052619222066084 0.9914448613737302 1.1045985814885704e-10
  outer loop
    vertex -4782.867227196978 87.2043683839037 4126.6932000156585
    vertex -4784.728976832011 86.9592643906671 4161.707183044029
    vertex -4782.867227170366 87.20436838350611 4161.707215936369
  endloop
endfacet
facet normal -0.7933533402824098 0.6087614290202222 6.099177837696708e-10
  outer loop
    vertex -4768.972756441048 96.05612247472827 4161.707443384173
    vertex -4770.11589758289 94.56635196906467 4126.694209857033
    vertex -4770.115897556277 94.56635196866654 4161.707426626681
  endloop
endfacet
facet normal -0.7933533402824098 0.6087614290202222 6.099177837696708e-10
  outer loop
    vertex -4770.11589758289 94.56635196906467 4126.694209857033
    vertex -4768.972756441048 96.05612247472827 4161.707443384173
    vertex -4768.972756467659 96.05612247512532 4126.694209857033
  endloop
endfacet
facet normal -0.3826834323641371 0.9238795325116813 3.013467650182463e-10
  outer loop
    vertex -4779.243020609532 88.17547160468712 4161.707278698431
    vertex -4777.5081461372365 88.8940801515451 4126.694209857033
    vertex -4779.243020636144 88.17547160508454 4126.694209857033
  endloop
endfacet
facet normal -0.3826834323641371 0.9238795325116813 3.013467650182463e-10
  outer loop
    vertex -4777.5081461372365 88.8940801515451 4126.694209857033
    vertex -4779.243020609532 88.17547160468712 4161.707278698431
    vertex -4777.508146110626 88.89408015114732 4161.707308090495
  endloop
endfacet
facet normal -0.8433914458031734 0.5372996083620691 6.470773645615466e-10
  outer loop
    vertex -4767.963807377858 97.63985526720137 4161.7074574842045
    vertex -4768.972756467659 96.05612247512532 4126.694209857033
    vertex -4768.972756441048 96.05612247472827 4161.707443384173
  endloop
endfacet
facet normal -0.8433914458031734 0.5372996083620691 6.470773645615466e-10
  outer loop
    vertex -4768.972756467659 96.05612247512532 4126.694209857033
    vertex -4767.963807377858 97.63985526720137 4161.7074574842045
    vertex -4767.963807404468 97.63985526759842 4126.694209857033
  endloop
endfacet
facet normal -0.6755902076085631 0.7372773368166273 5.218646148811254e-10
  outer loop
    vertex -4772.769000895996 91.9132486290054 4161.707385668704
    vertex -4771.38453075603 93.18188180251197 4126.694209857033
    vertex -4772.769000922608 91.91324862940353 4126.694209857033
  endloop
endfacet
facet normal -0.6755902076085631 0.7372773368166273 5.218646148811254e-10
  outer loop
    vertex -4771.38453075603 93.18188180251197 4126.694209857033
    vertex -4772.769000895996 91.9132486290054 4161.707385668704
    vertex -4771.384530729419 93.18188180211347 4161.707407339261
  endloop
endfacet
facet normal -0.9238795325023511 0.3826834323866626 7.065724492868669e-10
  outer loop
    vertex -4766.378120531791 101.04037168215021 4161.707477303686
    vertex -4767.096729104911 99.30549718364723 4126.694209857033
    vertex -4767.096729078298 99.30549718324892 4161.707468819464
  endloop
endfacet
facet normal -0.9238795325023511 0.3826834323866626 7.065724492868669e-10
  outer loop
    vertex -4767.096729104911 99.30549718364723 4126.694209857033
    vertex -4766.378120531791 101.04037168215021 4161.707477303686
    vertex -4766.378120558404 101.0403716825478 4126.694209857033
  endloop
endfacet
facet normal -0.8870108331682988 0.46174861325409566 6.793982086357737e-10
  outer loop
    vertex -4767.096729078298 99.30549718324892 4161.707468819464
    vertex -4767.963807404468 97.63985526759842 4126.694209857033
    vertex -4767.963807377858 97.63985526720137 4161.7074574842045
  endloop
endfacet
facet normal -0.8870108331682988 0.46174861325409566 6.793982086357737e-10
  outer loop
    vertex -4767.963807404468 97.63985526759842 4126.694209857033
    vertex -4767.096729078298 99.30549718324892 4161.707468819464
    vertex -4767.096729104911 99.30549718364723 4126.694209857033
  endloop
endfacet
facet normal -0.7372773368018888 0.6755902076246475 5.680708659057419e-10
  outer loop
    vertex -4770.115897556277 94.56635196866654 4161.707426626681
    vertex -4771.38453075603 93.18188180251197 4126.694209857033
    vertex -4771.384530729419 93.18188180211347 4161.707407339261
  endloop
endfacet
facet normal -0.7372773368018888 0.6755902076246475 5.680708659057419e-10
  outer loop
    vertex -4771.38453075603 93.18188180251197 4126.694209857033
    vertex -4770.115897556277 94.56635196866654 4161.707426626681
    vertex -4770.11589758289 94.56635196906467 4126.694209857033
  endloop
endfacet
facet normal -0.6087614290033001 0.7933533402953945 4.716946868415968e-10
  outer loop
    vertex -4774.25877140208 90.77010751380918 4161.707361779937
    vertex -4772.769000922608 91.91324862940353 4126.694209857033
    vertex -4774.25877142869 90.77010751420748 4126.694209857033
  endloop
endfacet
facet normal -0.6087614290033001 0.7933533402953945 4.716946868415968e-10
  outer loop
    vertex -4772.769000922608 91.91324862940353 4126.694209857033
    vertex -4774.25877140208 90.77010751380918 4161.707361779937
    vertex -4772.769000895996 91.9132486290054 4161.707385668704
  endloop
endfacet
facet normal -0.5372996083428205 0.8433914458154362 4.1794726863255374e-10
  outer loop
    vertex -4775.842504194567 89.7611584506606 4161.707335854764
    vertex -4774.25877142869 90.77010751420748 4126.694209857033
    vertex -4775.842504221178 89.76115845105838 4126.694209857033
  endloop
endfacet
facet normal -0.5372996083428205 0.8433914458154362 4.1794726863255374e-10
  outer loop
    vertex -4774.25877142869 90.77010751420748 4126.694209857033
    vertex -4775.842504194567 89.7611584506606 4161.707335854764
    vertex -4774.25877140208 90.77010751380918 4161.707361779937
  endloop
endfacet
facet normal -0.46174861323307337 0.8870108331792425 3.610232393900548e-10
  outer loop
    vertex -4777.508146110626 88.89408015114732 4161.707308090495
    vertex -4775.842504221178 89.76115845105838 4126.694209857033
    vertex -4777.5081461372365 88.8940801515451 4126.694209857033
  endloop
endfacet
facet normal -0.46174861323307337 0.8870108331792425 3.610232393900548e-10
  outer loop
    vertex -4775.842504221178 89.76115845105838 4126.694209857033
    vertex -4777.508146110626 88.89408015114732 4161.707308090495
    vertex -4775.842504194567 89.7611584506606 4161.707335854764
  endloop
endfacet
facet normal -0.9914448613780238 -0.13052619218804812 7.520649043092329e-10
  outer loop
    vertex -4765.407017310267 112.14013229163089 4161.707466287789
    vertex -4765.161913344101 110.27838263037115 4126.694209857033
    vertex -4765.161913317489 110.27838262997356 4161.707475481457
  endloop
endfacet
facet normal -0.9914448613780238 -0.13052619218804812 7.520649043092329e-10
  outer loop
    vertex -4765.161913344101 110.27838263037115 4126.694209857033
    vertex -4765.407017310267 112.14013229163089 4161.707466287789
    vertex -4765.407017336879 112.14013229202865 4126.694209857033
  endloop
endfacet
facet normal -0.5372996083586195 -0.8433914458053711 3.9879012741655136e-10
  outer loop
    vertex -4774.258771427569 126.03460302121275 4126.694209857033
    vertex -4775.842504193382 127.04355208396606 4161.707240124023
    vertex -4775.842504219992 127.0435520843624 4126.694209857032
  endloop
endfacet
facet normal -0.5372996083586195 -0.8433914458053711 3.9879012741655136e-10
  outer loop
    vertex -4775.842504193382 127.04355208396606 4161.707240124023
    vertex -4774.258771427569 126.03460302121275 4126.694209857033
    vertex -4774.258771400961 126.0346030208175 4161.707271230591
  endloop
endfacet
facet normal -0.9537169507577671 -0.300705799474016 7.215383785073909e-10
  outer loop
    vertex -4766.378120531321 115.7643388524734 4161.707439496662
    vertex -4765.813450809536 113.97343521359882 4126.694209857033
    vertex -4765.813450782922 113.9734352132014 4161.707454262351
  endloop
endfacet
facet normal -0.9537169507577671 -0.300705799474016 7.215383785073909e-10
  outer loop
    vertex -4765.813450809536 113.97343521359882 4126.694209857033
    vertex -4766.378120531321 115.7643388524734 4161.707439496662
    vertex -4766.378120557935 115.76433885287082 4126.694209857033
  endloop
endfacet
facet normal 0.04361938736570826 -0.9990482215549722 7.327168595581659e-06
  outer loop
    vertex -4787.924672971704 129.92579981187677 4024.8755295123433
    vertex -4789.800774456478 129.84444853410926 4101.378208487397
    vertex -4789.8007003343455 129.84389068828986 4024.8755282917537
  endloop
endfacet
facet normal 0.04361938736570826 -0.9990482215549722 7.327168595581659e-06
  outer loop
    vertex -4789.800774456478 129.84444853410926 4101.378208487397
    vertex -4787.924672971704 129.92579981187677 4024.8755295123433
    vertex -4787.924747093837 129.92635765768895 4101.378208703579
  endloop
endfacet
facet normal -0.04361938736437017 -0.999048221555647 7.242644445869802e-06
  outer loop
    vertex -4786.048645609062 129.84389068831874 4024.8755319276684
    vertex -4787.924747093837 129.92635765768895 4101.378208703579
    vertex -4787.924672971704 129.92579981187677 4024.8755295123433
  endloop
endfacet
facet normal -0.04361938736437017 -0.999048221555647 7.242644445869802e-06
  outer loop
    vertex -4787.924747093837 129.92635765768895 4101.378208703579
    vertex -4786.048645609062 129.84389068831874 4024.8755319276684
    vertex -4786.048719731192 129.84444853411503 4101.37820891975
  endloop
endfacet
facet normal -0.13052619221876646 -0.9914448613485356 7.102999398819154e-06
  outer loop
    vertex -4784.186895947428 129.59878669550392 4024.875535519348
    vertex -4786.048719731192 129.84444853411503 4101.37820891975
    vertex -4786.048645609062 129.84389068831874 4024.8755319276684
  endloop
endfacet
facet normal -0.13052619221876646 -0.9914448613485356 7.102999398819154e-06
  outer loop
    vertex -4786.048719731192 129.84444853411503 4101.37820891975
    vertex -4784.186895947428 129.59878669550392 4024.875535519348
    vertex -4784.186970069553 129.59934454127549 4101.378209134268
  endloop
endfacet
facet normal -0.21643961393698266 -0.9762960070957329 6.909296237686243e-06
  outer loop
    vertex -4782.353593025879 129.1923532228144 4024.8755402600464
    vertex -4784.186970069553 129.59934454127549 4101.378209134268
    vertex -4784.186895947428 129.59878669550392 4024.875535519348
  endloop
endfacet
facet normal -0.21643961393698266 -0.9762960070957329 6.909296237686243e-06
  outer loop
    vertex -4784.186970069553 129.59934454127549 4101.378209134268
    vertex -4782.353593025879 129.1923532228144 4024.8755402600464
    vertex -4782.353667148001 129.19291106855292 4101.378209345497
  endloop
endfacet
facet normal -0.30070579950277004 -0.9537169507254257 6.6630091576057705e-06
  outer loop
    vertex -4780.5626893866265 128.62768347438967 4024.875546113685
    vertex -4782.353667148001 129.19291106855292 4101.378209345497
    vertex -4782.353593025879 129.1923532228144 4024.8755402600464
  endloop
endfacet
facet normal -0.30070579950277004 -0.9537169507254257 6.6630091576057705e-06
  outer loop
    vertex -4782.353667148001 129.19291106855292 4101.378209345497
    vertex -4780.5626893866265 128.62768347438967 4024.875546113685
    vertex -4780.562763508743 128.6282413200869 4101.378209551834
  endloop
endfacet
facet normal -0.3826834323631541 -0.923879532490156 6.366012555974306e-06
  outer loop
    vertex -4778.827814887745 127.90907492797243 4024.8755530357143
    vertex -4780.562763508743 128.6282413200869 4101.378209551834
    vertex -4780.5626893866265 128.62768347438967 4024.875546113685
  endloop
endfacet
facet normal -0.3826834323631541 -0.923879532490156 6.366012555974306e-06
  outer loop
    vertex -4780.562763508743 128.6282413200869 4101.378209551834
    vertex -4778.827814887745 127.90907492797243 4024.8755530357143
    vertex -4778.827889009855 127.9096327736209 4101.378209751704
  endloop
endfacet
facet normal -0.46174861179755794 -0.8870108339060924 6.020527029583654e-06
  outer loop
    vertex -4777.162247093818 127.04255447409932 4101.3782099435875
    vertex -4778.827814887745 127.90907492797243 4024.8755530357143
    vertex -4777.162172971715 127.0419966285068 4024.8745511320776
  endloop
endfacet
facet normal -0.46174861179755794 -0.8870108339060924 6.020527029583654e-06
  outer loop
    vertex -4778.827814887745 127.90907492797243 4024.8755530357143
    vertex -4777.162247093818 127.04255447409932 4101.3782099435875
    vertex -4778.827889009855 127.9096327736209 4101.378209751704
  endloop
endfacet
facet normal -0.5372996083447443 -0.8433914457954242 5.629226507314487e-06
  outer loop
    vertex -4775.57844017926 126.03304756541002 4024.874560025113
    vertex -4777.162247093818 127.04255447409932 4101.3782099435875
    vertex -4777.162172971715 127.0419966285068 4024.8745511320776
  endloop
endfacet
facet normal -0.5372996083447443 -0.8433914457954242 5.629226507314487e-06
  outer loop
    vertex -4777.162247093818 127.04255447409932 4101.3782099435875
    vertex -4775.57844017926 126.03304756541002 4024.874560025113
    vertex -4775.5785143013545 126.03360541093956 4101.378210126028
  endloop
endfacet
facet normal -0.6087614290073037 -0.7933533402753129 5.195123905354294e-06
  outer loop
    vertex -4774.088669673216 124.88990645027155 4024.874569805767
    vertex -4775.5785143013545 126.03360541093956 4101.378210126028
    vertex -4775.57844017926 126.03304756541002 4024.874560025113
  endloop
endfacet
facet normal -0.6087614290073037 -0.7933533402753129 5.195123905354294e-06
  outer loop
    vertex -4775.5785143013545 126.03360541093956 4101.378210126028
    vertex -4774.088669673216 124.88990645027155 4024.874569805767
    vertex -4774.088743795301 124.89046429572963 4101.378210297629
  endloop
endfacet
facet normal -0.6755902076142464 -0.7372773367963017 4.721483277263614e-06
  outer loop
    vertex -4772.70419950668 123.62127327722447 4024.8745803996003
    vertex -4774.088743795301 124.89046429572963 4101.378210297629
    vertex -4774.088669673216 124.88990645027155 4024.874569805767
  endloop
endfacet
facet normal -0.6755902076142464 -0.7372773367963017 4.721483277263614e-06
  outer loop
    vertex -4774.088743795301 124.89046429572963 4101.378210297629
    vertex -4772.70419950668 123.62127327722447 4024.8745803996003
    vertex -4772.704273628755 123.62183112260712 4101.378210457092
  endloop
endfacet
facet normal -0.7372773368084301 -0.6755902076043795 4.211909317826929e-06
  outer loop
    vertex -4771.435640455648 122.23736095603851 4101.3782106031995
    vertex -4772.70419950668 123.62127327722447 4024.8745803996003
    vertex -4771.4355663335855 122.23680311073782 4024.87459172599
  endloop
endfacet
facet normal -0.7372773368084301 -0.6755902076043795 4.211909317826929e-06
  outer loop
    vertex -4772.70419950668 123.62127327722447 4024.8745803996003
    vertex -4771.435640455648 122.23736095603851 4101.3782106031995
    vertex -4772.704273628755 123.62183112260712 4101.378210457092
  endloop
endfacet
facet normal -0.7933533402899642 -0.6087614289993128 3.670280179353973e-06
  outer loop
    vertex -4770.292499340454 120.74759044995946 4101.378210734841
    vertex -4771.4355663335855 122.23680311073782 4024.87459172599
    vertex -4770.292425218402 120.74703260474503 4024.8746036987327
  endloop
endfacet
facet normal -0.7933533402899642 -0.6087614289993128 3.670280179353973e-06
  outer loop
    vertex -4771.4355663335855 122.23680311073782 4024.87459172599
    vertex -4770.292499340454 120.74759044995946 4101.378210734841
    vertex -4771.435640455648 122.23736095603851 4101.3782106031995
  endloop
endfacet
facet normal -0.8433914458118392 -0.5372996083395196 3.100717984972367e-06
  outer loop
    vertex -4769.283550277304 119.16385765746723 4101.378210851014
    vertex -4770.292425218402 120.74703260474503 4024.8746036987327
    vertex -4769.283476155264 119.1632998123436 4024.87461622671
  endloop
endfacet
facet normal -0.8433914458118392 -0.5372996083395196 3.100717984972367e-06
  outer loop
    vertex -4770.292425218402 120.74703260474503 4024.8746036987327
    vertex -4769.283550277304 119.16385765746723 4101.378210851014
    vertex -4770.292499340454 120.74759044995946 4101.378210734841
  endloop
endfacet
facet normal -0.8870108331769547 -0.4617486132306592 2.5075574626214147e-06
  outer loop
    vertex -4768.416471977787 117.49821574139857 4101.378210950833
    vertex -4769.283476155264 119.1632998123436 4024.87461622671
    vertex -4768.41639785576 117.49765789636841 4024.874629214577
  endloop
endfacet
facet normal -0.8870108331769547 -0.4617486132306592 2.5075574626214147e-06
  outer loop
    vertex -4769.283476155264 119.1632998123436 4024.87461622671
    vertex -4768.416471977787 117.49821574139857 4101.378210950833
    vertex -4769.283550277304 119.16385765746723 4101.378210851014
  endloop
endfacet
facet normal -0.9238795325107046 -0.38268343236180163 1.8953129173921958e-06
  outer loop
    vertex -4767.697863431324 115.76334124247508 4101.378211033541
    vertex -4768.41639785576 117.49765789636841 4024.874629214577
    vertex -4767.697789309309 115.76278339754202 4024.874642563486
  endloop
endfacet
facet normal -0.9238795325107046 -0.38268343236180163 1.8953129173921958e-06
  outer loop
    vertex -4768.41639785576 117.49765789636841 4024.874629214577
    vertex -4767.697863431324 115.76334124247508 4101.378211033541
    vertex -4768.416471977787 117.49821574139857 4101.378210950833
  endloop
endfacet
facet normal -0.9537169507475514 -0.3007057995037396 1.268643895623164e-06
  outer loop
    vertex -4767.133193682856 113.97243760318088 4101.378211098506
    vertex -4767.697789309309 115.76278339754202 4024.874642563486
    vertex -4767.1331195608545 113.97187975834655 4024.8746561718453
  endloop
endfacet
facet normal -0.9537169507475514 -0.3007057995037396 1.268643895623164e-06
  outer loop
    vertex -4767.697789309309 115.76278339754202 4024.874642563486
    vertex -4767.133193682856 113.97243760318088 4101.378211098506
    vertex -4767.697863431324 115.76334124247508 4101.378211033541
  endloop
endfacet
facet normal -0.9762960071192927 -0.21643961394006947 6.323197171532587e-07
  outer loop
    vertex -4766.726760210127 112.13913468158799 4101.3782111452365
    vertex -4767.1331195608545 113.97187975834655 4024.8746561718453
    vertex -4766.726686088138 112.13857683685363 4024.8746699360863
  endloop
endfacet
facet normal -0.9762960071192927 -0.21643961394006947 6.323197171532587e-07
  outer loop
    vertex -4767.1331195608545 113.97187975834655 4024.8746561718453
    vertex -4766.726760210127 112.13913468158799 4101.3782111452365
    vertex -4767.133193682856 113.97243760318088 4101.378211098506
  endloop
endfacet
facet normal -0.991444861373295 -0.13052619222396752 -8.816792981575785e-09
  outer loop
    vertex -4766.481656217276 110.27738501990756 4101.378211173374
    vertex -4766.726686088138 112.13857683685363 4024.8746699360863
    vertex -4766.481582095302 110.27682717527374 4024.874683751457
  endloop
endfacet
facet normal -0.991444861373295 -0.13052619222396752 -8.816792981575785e-09
  outer loop
    vertex -4766.726686088138 112.13857683685363 4024.8746699360863
    vertex -4766.481656217276 110.27738501990756 4101.378211173374
    vertex -4766.726760210127 112.13913468158799 4101.3782111452365
  endloop
endfacet
facet normal -0.9990482215813813 -0.043619387371410225 -6.498861789307336e-07
  outer loop
    vertex -4766.399747093687 108.40135765722063 4101.378211182706
    vertex -4766.481582095302 110.27682717527374 4024.874683751457
    vertex -4766.399672971727 108.40079981268697 4024.8746975128115
  endloop
endfacet
facet normal -0.9990482215813813 -0.043619387371410225 -6.498861789307336e-07
  outer loop
    vertex -4766.481582095302 110.27682717527374 4024.874683751457
    vertex -4766.399747093687 108.40135765722063 4101.378211182706
    vertex -4766.481656217276 110.27738501990756 4101.378211173374
  endloop
endfacet
facet normal -0.9990482215813837 0.04361938735723508 -1.28600955625102e-06
  outer loop
    vertex -4766.48165621725 106.52533029453315 4101.378211173162
    vertex -4766.399672971727 108.40079981268697 4024.8746975128115
    vertex -4766.481582095302 106.5247724500991 4024.874711115419
  endloop
endfacet
facet normal -0.9990482215813837 0.04361938735723508 -1.28600955625102e-06
  outer loop
    vertex -4766.399672971727 108.40079981268697 4024.8746975128115
    vertex -4766.48165621725 106.52533029453315 4101.378211173162
    vertex -4766.399747093687 108.40135765722063 4101.378211182706
  endloop
endfacet
facet normal -0.9914448613733122 0.13052619220982656 -1.9123456406402987e-06
  outer loop
    vertex -4766.726760210074 104.663580632852 4101.378211144814
    vertex -4766.481582095302 106.5247724500991 4024.874711115419
    vertex -4766.726686088138 104.66302278851525 4024.8747244557558
  endloop
endfacet
facet normal -0.9914448613733122 0.13052619220982656 -1.9123456406402987e-06
  outer loop
    vertex -4766.481582095302 106.5247724500991 4024.874711115419
    vertex -4766.726760210074 104.663580632852 4101.378211144814
    vertex -4766.48165621725 106.52533029453315 4101.378211173162
  endloop
endfacet
facet normal -0.9762960071192939 0.2164396139262689 -2.524127601761865e-06
  outer loop
    vertex -4767.133193682776 102.83027771125677 4101.3782110978755
    vertex -4766.726686088138 104.66302278851525 4024.8747244557558
    vertex -4767.1331195608545 102.82971986701547 4024.874737432291
  endloop
endfacet
facet normal -0.9762960071192939 0.2164396139262689 -2.524127601761865e-06
  outer loop
    vertex -4766.726686088138 104.66302278851525 4024.8747244557558
    vertex -4767.133193682776 102.83027771125677 4101.3782110978755
    vertex -4766.726760210074 104.663580632852 4101.378211144814
  endloop
endfacet
facet normal -0.9537169507476019 0.30070579949010373 -3.116699423104154e-06
  outer loop
    vertex -4767.697863431219 101.03937407196184 4101.378211032706
    vertex -4767.1331195608545 102.82971986701547 4024.874737432291
    vertex -4767.697789309309 101.03881622781186 4024.874749946269
  endloop
endfacet
facet normal -0.9537169507476019 0.30070579949010373 -3.116699423104154e-06
  outer loop
    vertex -4767.1331195608545 102.82971986701547 4024.874737432291
    vertex -4767.697863431219 101.03937407196184 4101.378211032706
    vertex -4767.133193682776 102.83027771125677 4101.3782110978755
  endloop
endfacet
facet normal -0.9238795325107998 0.38268343234851787 -3.6855512880827558e-06
  outer loop
    vertex -4768.416471977658 99.30449957303601 4101.378210949803
    vertex -4767.697789309309 101.03881622781186 4024.874749946269
    vertex -4768.41639785576 99.30394172897394 4024.874761902449
  endloop
endfacet
facet normal -0.9238795325107998 0.38268343234851787 -3.6855512880827558e-06
  outer loop
    vertex -4767.697789309309 101.03881622781186 4024.874749946269
    vertex -4768.416471977658 99.30449957303601 4101.378210949803
    vertex -4767.697863431219 101.03937407196184 4101.378211032706
  endloop
endfacet
facet normal -0.8870108331770791 0.4617486132178871 -4.2263538843573e-06
  outer loop
    vertex -4769.283550277151 97.63885765696499 4101.378210849795
    vertex -4768.41639785576 99.30394172897394 4024.874761902449
    vertex -4769.283476155264 97.63829981298575 4024.874773209837
  endloop
endfacet
facet normal -0.8870108331770791 0.4617486132178871 -4.2263538843573e-06
  outer loop
    vertex -4768.41639785576 99.30394172897394 4024.874761902449
    vertex -4769.283550277151 97.63885765696499 4101.378210849795
    vertex -4768.416471977658 99.30449957303601 4101.378210949803
  endloop
endfacet
facet normal -0.8433914458118474 0.5372996083275899 -4.734991379964767e-06
  outer loop
    vertex -4770.29249934028 96.05512486446987 4101.378210733443
    vertex -4769.283476155264 97.63829981298575 4024.874773209837
    vertex -4770.292425218402 96.05456702056897 4024.8747837823785
  endloop
endfacet
facet normal -0.8433914458118474 0.5372996083275899 -4.734991379964767e-06
  outer loop
    vertex -4769.283476155264 97.63829981298575 4024.874773209837
    vertex -4770.29249934028 96.05512486446987 4101.378210733443
    vertex -4769.283550277151 97.63885765696499 4101.378210849795
  endloop
endfacet
facet normal -0.7933533402902767 0.6087614289876959 -5.207592726924726e-06
  outer loop
    vertex -4771.435640455454 94.56535435838721 4101.378210601633
    vertex -4770.292425218402 96.05456702056897 4024.8747837823785
    vertex -4771.4355663335855 94.56479651455831 4024.874793539609
  endloop
endfacet
facet normal -0.7933533402902767 0.6087614289876959 -5.207592726924726e-06
  outer loop
    vertex -4770.292425218402 96.05456702056897 4024.8747837823785
    vertex -4771.435640455454 94.56535435838721 4101.378210601633
    vertex -4770.29249934028 96.05512486446987 4101.378210733443
  endloop
endfacet
facet normal -0.7372773368092395 0.6755902075930789 -5.64056114779364e-06
  outer loop
    vertex -4772.704273628539 93.18088419181501 4101.3782104553675
    vertex -4771.4355663335855 94.56479651455831 4024.874793539609
    vertex -4772.704199506679 93.1803263480518 4024.8748024072693
  endloop
endfacet
facet normal -0.7372773368092395 0.6755902075930789 -5.64056114779364e-06
  outer loop
    vertex -4771.4355663335855 94.56479651455831 4024.874793539609
    vertex -4772.704273628539 93.18088419181501 4101.3782104553675
    vertex -4771.435640455454 94.56535435838721 4101.378210601633
  endloop
endfacet
facet normal -0.6755902076145427 0.7372773367864843 -6.030601496767202e-06
  outer loop
    vertex -4774.088669673215 91.91169317498361 4024.8748103178727
    vertex -4772.704273628539 93.18088419181501 4101.3782104553675
    vertex -4772.704199506679 93.1803263480518 4024.8748024072693
  endloop
endfacet
facet normal -0.6755902076145427 0.7372773367864843 -6.030601496767202e-06
  outer loop
    vertex -4772.704273628539 93.18088419181501 4101.3782104553675
    vertex -4774.088669673215 91.91169317498361 4024.8748103178727
    vertex -4774.088743795068 91.9122510186878 4101.378210295761
  endloop
endfacet
facet normal -0.6087614290078107 0.7933533402663222 -6.37474532230103e-06
  outer loop
    vertex -4775.57844017926 90.76855205982169 4024.8748172112128
    vertex -4774.088743795068 91.9122510186878 4101.378210295761
    vertex -4774.088669673215 91.91169317498361 4024.8748103178727
  endloop
endfacet
facet normal -0.6087614290078107 0.7933533402663222 -6.37474532230103e-06
  outer loop
    vertex -4774.088743795068 91.9122510186878 4101.378210295761
    vertex -4775.57844017926 90.76855205982169 4024.8748172112128
    vertex -4775.578514301106 90.7691099034739 4101.37821012403
  endloop
endfacet
facet normal -0.5372996083460084 0.8433914457870272 -6.6703734786233555e-06
  outer loop
    vertex -4777.162172971715 89.75960299669984 4024.8748230348306
    vertex -4775.578514301106 90.7691099034739 4101.37821012403
    vertex -4775.57844017926 90.76855205982169 4024.8748172112128
  endloop
endfacet
facet normal -0.5372996083460084 0.8433914457870272 -6.6703734786233555e-06
  outer loop
    vertex -4775.578514301106 90.7691099034739 4101.37821012403
    vertex -4777.162172971715 89.75960299669984 4024.8748230348306
    vertex -4777.162247093554 89.76016084030873 4101.3782099414775
  endloop
endfacet
facet normal -0.4617486132343994 0.887010833151596 -6.915236070860033e-06
  outer loop
    vertex -4778.827814887745 88.89252469720857 4024.8748277444015
    vertex -4777.162247093554 89.76016084030873 4101.3782099414775
    vertex -4777.162172971715 89.75960299669984 4024.8748230348306
  endloop
endfacet
facet normal -0.4617486132343994 0.887010833151596 -6.915236070860033e-06
  outer loop
    vertex -4777.162247093554 89.76016084030873 4101.3782099414775
    vertex -4778.827814887745 88.89252469720857 4024.8748277444015
    vertex -4778.82788900958 88.89308254078155 4101.378209749496
  endloop
endfacet
facet normal -0.38268343413021744 0.9238795317528076 -7.107516447597391e-06
  outer loop
    vertex -4780.5626893866265 88.17391615076389 4024.875841145458
    vertex -4778.82788900958 88.89308254078155 4101.378209749496
    vertex -4778.827814887745 88.89252469720857 4024.8748277444015
  endloop
endfacet
facet normal -0.38268343413021744 0.9238795317528076 -7.107516447597391e-06
  outer loop
    vertex -4778.82788900958 88.89308254078155 4101.378209749496
    vertex -4780.5626893866265 88.17391615076389 4024.875841145458
    vertex -4780.562763508457 88.17447399430962 4101.3782095495435
  endloop
endfacet
facet normal -0.30070579950397314 0.9537169507207974 -7.2457065214043974e-06
  outer loop
    vertex -4782.353593025879 87.6092464023112 4024.875843528161
    vertex -4780.562763508457 88.17447399430962 4101.3782095495435
    vertex -4780.5626893866265 88.17391615076389 4024.875841145458
  endloop
endfacet
facet normal -0.30070579950397314 0.9537169507207974 -7.2457065214043974e-06
  outer loop
    vertex -4780.562763508457 88.17447399430962 4101.3782095495435
    vertex -4782.353593025879 87.6092464023112 4024.875843528161
    vertex -4782.353667147706 87.60980424583815 4101.378209343145
  endloop
endfacet
facet normal -0.21643961393807806 0.9762960070924319 -7.328705481704426e-06
  outer loop
    vertex -4784.186895947428 87.2028129295937 4024.87584471575
    vertex -4782.353667147706 87.60980424583815 4101.378209343145
    vertex -4782.353593025879 87.6092464023112 4024.875843528161
  endloop
endfacet
facet normal -0.21643961393807806 0.9762960070924319 -7.328705481704426e-06
  outer loop
    vertex -4782.353667147706 87.60980424583815 4101.378209343145
    vertex -4784.186895947428 87.2028129295937 4024.87584471575
    vertex -4784.186970069253 87.20337077311056 4101.378209131867
  endloop
endfacet
facet normal -0.28905592089672194 0.9573122137222692 -7.260635264043855e-06
  outer loop
    vertex -4784.99871973089 86.95826678026559 4101.378209038316
    vertex -4784.186895947428 87.2028129295937 4024.87584471575
    vertex -4784.998645609064 86.9577089367491 4024.875844699186
  endloop
endfacet
facet normal -0.28905592089672194 0.9573122137222692 -7.260635264043855e-06
  outer loop
    vertex -4784.186895947428 87.2028129295937 4024.87584471575
    vertex -4784.99871973089 86.95826678026559 4101.378209038316
    vertex -4784.186970069253 87.20337077311056 4101.378209131867
  endloop
endfacet
facet normal -0.027982325281274322 0.9996084180409486 -7.316102981733432e-06
  outer loop
    vertex -4787.924747093532 86.87635765668445 4101.3782087011405
    vertex -4784.998645609064 86.9577089367491 4024.875844699186
    vertex -4787.924672971704 86.875799813162 4024.8758434785977
  endloop
endfacet
facet normal -0.027982325281274322 0.9996084180409486 -7.316102981733432e-06
  outer loop
    vertex -4784.998645609064 86.9577089367491 4024.875844699186
    vertex -4787.924747093532 86.87635765668445 4101.3782087011405
    vertex -4784.99871973089 86.95826678026559 4101.378209038316
  endloop
endfacet
facet normal 0.0436193873642754 0.9990482215556512 -7.242644445544198e-06
  outer loop
    vertex -4789.8007744561755 86.95826678025837 4101.378208484969
    vertex -4787.924672971704 86.875799813162 4024.8758434785977
    vertex -4789.8007003343455 86.9577089367195 4024.8758410632727
  endloop
endfacet
facet normal 0.0436193873642754 0.9990482215556512 -7.242644445544198e-06
  outer loop
    vertex -4787.924672971704 86.875799813162 4024.8758434785977
    vertex -4789.8007744561755 86.95826678025837 4101.378208484969
    vertex -4787.924747093532 86.87635765668445 4101.3782087011405
  endloop
endfacet
facet normal 0.13052619221921527 0.9914448613484766 -7.102999400933201e-06
  outer loop
    vertex -4791.6625241178135 87.20337077309901 4101.378208270451
    vertex -4789.8007003343455 86.9577089367195 4024.8758410632727
    vertex -4791.662449995981 87.20281292953523 4024.875837471593
  endloop
endfacet
facet normal 0.13052619221921527 0.9914448613484766 -7.102999400933201e-06
  outer loop
    vertex -4789.8007003343455 86.9577089367195 4024.8758410632727
    vertex -4791.6625241178135 87.20337077309901 4101.378208270451
    vertex -4789.8007744561755 86.95826678025837 4101.378208484969
  endloop
endfacet
facet normal 0.8870108331771069 0.4617486132303663 -2.5075905732599298e-06
  outer loop
    vertex -4807.432948087648 99.30394172867001 4024.875733934991
    vertex -4806.565943910063 97.63885765690634 4101.378206553705
    vertex -4806.5658697881445 97.63829981269483 4024.875746922857
  endloop
endfacet
facet normal 0.8870108331771069 0.4617486132303663 -2.5075905732599298e-06
  outer loop
    vertex -4806.565943910063 97.63885765690634 4101.378206553705
    vertex -4807.432948087648 99.30394172867001 4024.875733934991
    vertex -4807.433022209579 99.304499572975 4101.378206453886
  endloop
endfacet
facet normal 0.9537169507474789 0.3007057995039695 -1.268660632354863e-06
  outer loop
    vertex -4808.716226382554 102.82971986669098 4024.875706977721
    vertex -4808.151630756043 101.03937407189777 4101.378206371178
    vertex -4808.1515566340995 101.03881622749586 4024.8757205860798
  endloop
endfacet
facet normal 0.9537169507474789 0.3007057995039695 -1.268660632354863e-06
  outer loop
    vertex -4808.151630756043 101.03937407189777 4101.378206371178
    vertex -4808.716226382554 102.82971986669098 4024.875706977721
    vertex -4808.716300504512 102.83027771119161 4101.378206306213
  endloop
endfacet
facet normal 0.9238795325105159 0.38268343236225705 -1.8953379384291919e-06
  outer loop
    vertex -4808.1515566340995 101.03881622749586 4024.8757205860798
    vertex -4807.433022209579 99.304499572975 4101.378206453886
    vertex -4807.432948087648 99.30394172867001 4024.875733934991
  endloop
endfacet
facet normal 0.9238795325105159 0.38268343236225705 -1.8953379384291919e-06
  outer loop
    vertex -4807.433022209579 99.304499572975 4101.378206453886
    vertex -4808.1515566340995 101.03881622749586 4024.8757205860798
    vertex -4808.151630756043 101.03937407189777 4101.378206371178
  endloop
endfacet
facet normal 0.2164396139365402 0.9762960070958312 -6.9092962375370975e-06
  outer loop
    vertex -4793.495827039368 87.60980424582065 4101.378208059221
    vertex -4791.662449995981 87.20281292953523 4024.875837471593
    vertex -4793.49575291753 87.6092464022242 4024.875832730894
  endloop
endfacet
facet normal 0.2164396139365402 0.9762960070958312 -6.9092962375370975e-06
  outer loop
    vertex -4791.662449995981 87.20281292953523 4024.875837471593
    vertex -4793.495827039368 87.60980424582065 4101.378208059221
    vertex -4791.6625241178135 87.20337077309901 4101.378208270451
  endloop
endfacet
facet normal 0.7933533402901549 0.6087614289990638 -3.670328622520831e-06
  outer loop
    vertex -4805.5569207250055 96.05456702029375 4024.8757594508343
    vertex -4804.4138537317185 94.56535435833506 4101.37820680152
    vertex -4804.413779609823 94.5647965143006 4024.8757714235758
  endloop
endfacet
facet normal 0.7933533402901549 0.6087614289990638 -3.670328622520831e-06
  outer loop
    vertex -4804.4138537317185 94.56535435833506 4101.37820680152
    vertex -4805.5569207250055 96.05456702029375 4024.8757594508343
    vertex -4805.556994846913 96.05512486441484 4101.37820666988
  endloop
endfacet
facet normal 0.8433914458116827 0.5372996083397649 -3.1007589235944018e-06
  outer loop
    vertex -4806.5658697881445 97.63829981269483 4024.875746922857
    vertex -4805.556994846913 96.05512486441484 4101.37820666988
    vertex -4805.5569207250055 96.05456702029375 4024.8757594508343
  endloop
endfacet
facet normal 0.8433914458116827 0.5372996083397649 -3.1007589235944018e-06
  outer loop
    vertex -4805.556994846913 96.05512486441484 4101.37820666988
    vertex -4806.5658697881445 97.63829981269483 4024.875746922857
    vertex -4806.565943910063 97.63885765690634 4101.378206553705
  endloop
endfacet
facet normal 0.3007057995025838 0.9537169507254846 -6.6630091565266116e-06
  outer loop
    vertex -4795.286730678626 88.17447399428652 4101.378207852886
    vertex -4793.49575291753 87.6092464022242 4024.875832730894
    vertex -4795.286656556783 88.17391615064874 4024.875826877255
  endloop
endfacet
facet normal 0.3007057995025838 0.9537169507254846 -6.6630091565266116e-06
  outer loop
    vertex -4793.49575291753 87.6092464022242 4024.875832730894
    vertex -4795.286730678626 88.17447399428652 4101.378207852886
    vertex -4793.495827039368 87.60980424582065 4101.378208059221
  endloop
endfacet
facet normal 0.3826834323637349 0.9238795324899155 -6.366012557144455e-06
  outer loop
    vertex -4797.021605177513 88.89308254075377 4101.378207653014
    vertex -4795.286656556783 88.17391615064874 4024.875826877255
    vertex -4797.021531055663 88.89252469706672 4024.8758199552267
  endloop
endfacet
facet normal 0.3826834323637349 0.9238795324899155 -6.366012557144455e-06
  outer loop
    vertex -4795.286656556783 88.17391615064874 4024.875826877255
    vertex -4797.021605177513 88.89308254075377 4101.378207653014
    vertex -4795.286730678626 88.17447399428652 4101.378207852886
  endloop
endfacet
facet normal 0.9762960071193153 0.21643961393996786 -6.323280638279248e-07
  outer loop
    vertex -4809.12265985527 104.6630227881846 4024.8756932134793
    vertex -4808.716300504512 102.83027771119161 4101.378206306213
    vertex -4808.716226382554 102.82971986669098 4024.875706977721
  endloop
endfacet
facet normal 0.9762960071193153 0.21643961393996786 -6.323280638279248e-07
  outer loop
    vertex -4808.716300504512 102.83027771119161 4101.378206306213
    vertex -4809.12265985527 104.6630227881846 4024.8756932134793
    vertex -4809.12273397724 104.66358063278541 4101.378206259483
  endloop
endfacet
facet normal 0.9990482215813588 -0.04361938735780955 1.286026540274559e-06
  outer loop
    vertex -4809.367763848107 110.2768271749393 4024.8756520341467
    vertex -4809.449747093679 108.40135765715277 4101.378206222011
    vertex -4809.449672971683 108.40079981235128 4024.8756656367545
  endloop
endfacet
facet normal 0.9990482215813588 -0.04361938735780955 1.286026540274559e-06
  outer loop
    vertex -4809.449747093679 108.40135765715277 4101.378206222011
    vertex -4809.367763848107 110.2768271749393 4024.8756520341467
    vertex -4809.367837970117 110.27738501984024 4101.378206231556
  endloop
endfacet
facet normal 0.537299608345414 0.8433914457949973 -5.62930080590608e-06
  outer loop
    vertex -4800.270979886012 90.769109903436 4101.378207278693
    vertex -4798.687172971692 89.75960299653163 4024.875812017488
    vertex -4800.270905764147 90.76855205962895 4024.8758031244524
  endloop
endfacet
facet normal 0.537299608345414 0.8433914457949973 -5.62930080590608e-06
  outer loop
    vertex -4798.687172971692 89.75960299653163 4024.875812017488
    vertex -4800.270979886012 90.769109903436 4101.378207278693
    vertex -4798.68724709355 89.76016084027444 4101.378207461132
  endloop
endfacet
facet normal 0.46174861323331023 0.8870108331586868 -6.020566753212839e-06
  outer loop
    vertex -4798.68724709355 89.76016084027444 4101.378207461132
    vertex -4797.021531055663 88.89252469706672 4024.8758199552267
    vertex -4798.687172971692 89.75960299653163 4024.875812017488
  endloop
endfacet
facet normal 0.46174861323331023 0.8870108331586868 -6.020566753212839e-06
  outer loop
    vertex -4797.021531055663 88.89252469706672 4024.8758199552267
    vertex -4798.68724709355 89.76016084027444 4101.378207461132
    vertex -4797.021605177513 88.89308254075377 4101.378207653014
  endloop
endfacet
facet normal 0.9990482215813559 0.04361938737198896 6.498947633580962e-07
  outer loop
    vertex -4809.449672971683 108.40079981235128 4024.8756656367545
    vertex -4809.3678379700905 106.52533029446602 4101.378206231345
    vertex -4809.367763848107 106.52477244976468 4024.87567939811
  endloop
endfacet
facet normal 0.9990482215813559 0.04361938737198896 6.498947633580962e-07
  outer loop
    vertex -4809.3678379700905 106.52533029446602 4101.378206231345
    vertex -4809.449672971683 108.40079981235128 4024.8756656367545
    vertex -4809.449747093679 108.40135765715277 4101.378206222011
  endloop
endfacet
facet normal 0.991444861373321 0.13052619222376918 8.816896147793452e-09
  outer loop
    vertex -4809.367763848107 106.52477244976468 4024.87567939811
    vertex -4809.12273397724 104.66358063278541 4101.378206259483
    vertex -4809.12265985527 104.6630227881846 4024.8756932134793
  endloop
endfacet
facet normal 0.991444861373321 0.13052619222376918 8.816896147793452e-09
  outer loop
    vertex -4809.12273397724 104.66358063278541 4101.378206259483
    vertex -4809.367763848107 106.52477244976468 4024.87567939811
    vertex -4809.3678379700905 106.52533029446602 4101.378206231345
  endloop
endfacet
facet normal 0.7372773368087003 0.6755902076040843 -4.211964910251948e-06
  outer loop
    vertex -4804.413779609823 94.5647965143006 4024.8757714235758
    vertex -4803.145220558614 93.18088419176755 4101.378206947627
    vertex -4803.145146436729 93.18032634781447 4024.8757827499653
  endloop
endfacet
facet normal 0.7372773368087003 0.6755902076040843 -4.211964910251948e-06
  outer loop
    vertex -4803.145220558614 93.18088419176755 4101.378206947627
    vertex -4804.413779609823 94.5647965143006 4024.8757714235758
    vertex -4804.4138537317185 94.56535435833506 4101.37820680152
  endloop
endfacet
facet normal 0.6087614290068435 0.7933533402756654 -5.195192484653237e-06
  outer loop
    vertex -4801.760750392067 91.91225101864485 4101.378207107089
    vertex -4800.270905764147 90.76855205962895 4024.8758031244524
    vertex -4801.760676270193 91.91169317476741 4024.8757933437987
  endloop
endfacet
facet normal 0.6087614290068435 0.7933533402756654 -5.195192484653237e-06
  outer loop
    vertex -4800.270905764147 90.76855205962895 4024.8758031244524
    vertex -4801.760750392067 91.91225101864485 4101.378207107089
    vertex -4800.270979886012 90.769109903436 4101.378207278693
  endloop
endfacet
facet normal 0.6755902076139025 0.7372773367966162 -4.721545604326985e-06
  outer loop
    vertex -4803.145220558614 93.18088419176755 4101.378206947627
    vertex -4801.760676270193 91.91169317476741 4024.8757933437987
    vertex -4803.145146436729 93.18032634781447 4024.8757827499653
  endloop
endfacet
facet normal 0.6755902076139025 0.7372773367966162 -4.721545604326985e-06
  outer loop
    vertex -4801.760676270193 91.91169317476741 4024.8757933437987
    vertex -4803.145220558614 93.18088419176755 4101.378206947627
    vertex -4801.760750392067 91.91225101864485 4101.378207107089
  endloop
endfacet
facet normal 0.7372773368090748 -0.6755902075932579 5.640635597903545e-06
  outer loop
    vertex -4803.145146436729 123.62127327698661 4024.8755607422977
    vertex -4804.413853731914 122.23736095598636 4101.378206803086
    vertex -4804.413779609823 122.23680311048082 4024.875569609959
  endloop
endfacet
facet normal 0.7372773368090748 -0.6755902075932579 5.640635597903545e-06
  outer loop
    vertex -4804.413853731914 122.23736095598636 4101.378206803086
    vertex -4803.145146436729 123.62127327698661 4024.8755607422977
    vertex -4803.145220558828 123.62183112255802 4101.378206949351
  endloop
endfacet
facet normal 0.3007057995040064 -0.953716950720787 7.245706523537741e-06
  outer loop
    vertex -4793.495827039662 129.1929110685356 4101.378208061574
    vertex -4795.286656556783 128.62768347427524 4024.8755318454823
    vertex -4793.49575291753 129.19235322272777 4024.8755294627813
  endloop
endfacet
facet normal 0.3007057995040064 -0.953716950720787 7.245706523537741e-06
  outer loop
    vertex -4795.286656556783 128.62768347427524 4024.8755318454823
    vertex -4793.495827039662 129.1929110685356 4101.378208061574
    vertex -4795.28673067891 128.62824132006395 4101.378207855176
  endloop
endfacet
facet normal 0.5372996083458309 -0.8433914457871395 6.670461529518099e-06
  outer loop
    vertex -4798.687247093813 127.04255447406503 4101.378207463242
    vertex -4800.270905764148 126.03304756521763 4024.8755459383533
    vertex -4798.687172971692 127.04199662833949 4024.8755401147373
  endloop
endfacet
facet normal 0.5372996083458309 -0.8433914457871395 6.670461529518099e-06
  outer loop
    vertex -4800.270905764148 126.03304756521763 4024.8755459383533
    vertex -4798.687247093813 127.04255447406503 4101.378207463242
    vertex -4800.270979886263 126.03360541089877 4101.378207280688
  endloop
endfacet
facet normal 0.6755902076148341 -0.7372773367862165 6.030681094392947e-06
  outer loop
    vertex -4801.760750392301 124.89046429568596 4101.378207108955
    vertex -4803.145146436729 123.62127327698661 4024.8755607422977
    vertex -4801.760676270193 124.88990645005552 4024.875552831694
  endloop
endfacet
facet normal 0.6755902076148341 -0.7372773367862165 6.030681094392947e-06
  outer loop
    vertex -4803.145146436729 123.62127327698661 4024.8755607422977
    vertex -4801.760750392301 124.89046429568596 4101.378207108955
    vertex -4803.145220558828 123.62183112255802 4101.378206949351
  endloop
endfacet
facet normal 0.6087614290077674 -0.7933533402663548 6.374829466441268e-06
  outer loop
    vertex -4800.270979886263 126.03360541089877 4101.378207280688
    vertex -4801.760676270193 124.88990645005552 4024.875552831694
    vertex -4800.270905764148 126.03304756521763 4024.8755459383533
  endloop
endfacet
facet normal 0.6087614290077674 -0.7933533402663548 6.374829466441268e-06
  outer loop
    vertex -4801.760676270193 124.88990645005552 4024.875552831694
    vertex -4800.270979886263 126.03360541089877 4101.378207280688
    vertex -4801.760750392301 124.89046429568596 4101.378207108955
  endloop
endfacet
facet normal 0.13052619222044157 -0.9914448613464708 7.355928567739076e-06
  outer loop
    vertex -4789.8007003343455 129.84389068828986 4024.8755282917537
    vertex -4791.662524118114 129.5993445412632 4101.378208272852
    vertex -4791.662449995981 129.59878669544563 4024.875528275192
  endloop
endfacet
facet normal 0.13052619222044157 -0.9914448613464708 7.355928567739076e-06
  outer loop
    vertex -4791.662524118114 129.5993445412632 4101.378208272852
    vertex -4789.8007003343455 129.84389068828986 4024.8755282917537
    vertex -4789.800774456478 129.84444853410926 4101.378208487397
  endloop
endfacet
facet normal 0.21643961393806552 -0.9762960070924347 7.3287054837685e-06
  outer loop
    vertex -4791.662524118114 129.5993445412632 4101.378208272852
    vertex -4793.49575291753 129.19235322272777 4024.8755294627813
    vertex -4791.662449995981 129.59878669544563 4024.875528275192
  endloop
endfacet
facet normal 0.21643961393806552 -0.9762960070924347 7.3287054837685e-06
  outer loop
    vertex -4793.49575291753 129.19235322272777 4024.8755294627813
    vertex -4791.662524118114 129.5993445412632 4101.378208272852
    vertex -4793.495827039662 129.1929110685356 4101.378208061574
  endloop
endfacet
facet normal 0.887010833177397 -0.4617486132172756 4.2264096751233334e-06
  outer loop
    vertex -4806.5658697881445 119.16329981205249 4024.8755899397293
    vertex -4807.433022209707 117.49821574133613 4101.378206454916
    vertex -4807.432948087648 117.49765789606359 4024.8756012471167
  endloop
endfacet
facet normal 0.887010833177397 -0.4617486132172756 4.2264096751233334e-06
  outer loop
    vertex -4807.433022209707 117.49821574133613 4101.378206454916
    vertex -4806.5658697881445 119.16329981205249 4024.8755899397293
    vertex -4806.5659439102155 119.16385765740804 4101.378206554925
  endloop
endfacet
facet normal 0.46174861323419747 -0.8870108331517005 6.9153273519328555e-06
  outer loop
    vertex -4797.021605177788 127.9096327735913 4101.378207655224
    vertex -4798.687172971692 127.04199662833949 4024.8755401147373
    vertex -4797.021531055663 127.90907492782985 4024.8755354051655
  endloop
endfacet
facet normal 0.46174861323419747 -0.8870108331517005 6.9153273519328555e-06
  outer loop
    vertex -4798.687172971692 127.04199662833949 4024.8755401147373
    vertex -4797.021605177788 127.9096327735913 4101.378207655224
    vertex -4798.687247093813 127.04255447406503 4101.378207463242
  endloop
endfacet
facet normal 0.38268343236496094 -0.9238795324840003 7.107563358654608e-06
  outer loop
    vertex -4795.28673067891 128.62824132006395 4101.378207855176
    vertex -4797.021531055663 127.90907492782985 4024.8755354051655
    vertex -4795.286656556783 128.62768347427524 4024.8755318454823
  endloop
endfacet
facet normal 0.38268343236496094 -0.9238795324840003 7.107563358654608e-06
  outer loop
    vertex -4797.021531055663 127.90907492782985 4024.8755354051655
    vertex -4795.28673067891 128.62824132006395 4101.378207855176
    vertex -4797.021605177788 127.9096327735913 4101.378207655224
  endloop
endfacet
facet normal 0.9537169507474312 -0.30070579949064447 3.1167405677999308e-06
  outer loop
    vertex -4808.1515566341 115.76278339722654 4024.875613203297
    vertex -4808.716300504591 113.97243760311518 4101.378206306844
    vertex -4808.716226382556 113.97187975802204 4024.8756257172745
  endloop
endfacet
facet normal 0.9537169507474312 -0.30070579949064447 3.1167405677999308e-06
  outer loop
    vertex -4808.716300504591 113.97243760311518 4101.378206306844
    vertex -4808.1515566341 115.76278339722654 4024.875613203297
    vertex -4808.151630756148 115.76334124241137 4101.378206372011
  endloop
endfacet
facet normal 0.9238795325104541 -0.3826834323493523 3.685599940713509e-06
  outer loop
    vertex -4807.432948087648 117.49765789606359 4024.8756012471167
    vertex -4808.151630756148 115.76334124241137 4101.378206372011
    vertex -4808.1515566341 115.76278339722654 4024.875613203297
  endloop
endfacet
facet normal 0.9238795325104541 -0.3826834323493523 3.685599940713509e-06
  outer loop
    vertex -4808.151630756148 115.76334124241137 4101.378206372011
    vertex -4807.432948087648 117.49765789606359 4024.8756012471167
    vertex -4807.433022209707 117.49821574133613 4101.378206454916
  endloop
endfacet
facet normal 0.7933533402904228 -0.6087614289875048 5.207661467245763e-06
  outer loop
    vertex -4804.413779609823 122.23680311048082 4024.875569609959
    vertex -4805.5569948470875 120.74759044990351 4101.3782066712765
    vertex -4805.5569207250055 120.74703260446981 4024.8755793671876
  endloop
endfacet
facet normal 0.7933533402904228 -0.6087614289875048 5.207661467245763e-06
  outer loop
    vertex -4805.5569948470875 120.74759044990351 4101.3782066712765
    vertex -4804.413779609823 122.23680311048082 4024.875569609959
    vertex -4804.413853731914 122.23736095598636 4101.378206803086
  endloop
endfacet
facet normal 0.8433914458119166 -0.5372996083274807 4.735053882937779e-06
  outer loop
    vertex -4805.5569207250055 120.74703260446981 4024.8755793671876
    vertex -4806.5659439102155 119.16385765740804 4101.378206554925
    vertex -4806.5658697881445 119.16329981205249 4024.8755899397293
  endloop
endfacet
facet normal 0.8433914458119166 -0.5372996083274807 4.735053882937779e-06
  outer loop
    vertex -4806.5659439102155 119.16385765740804 4101.378206554925
    vertex -4805.5569207250055 120.74703260446981 4024.8755793671876
    vertex -4805.5569948470875 120.74759044990351 4101.3782066712765
  endloop
endfacet
facet normal 0.9762960071194869 -0.21643961392539843 2.5241609141696342e-06
  outer loop
    vertex -4808.716226382556 113.97187975802204 4024.8756257172745
    vertex -4809.122733977293 112.13913468152084 4101.378206259907
    vertex -4809.12265985527 112.13857683652245 4024.875638693812
  endloop
endfacet
facet normal 0.9762960071194869 -0.21643961392539843 2.5241609141696342e-06
  outer loop
    vertex -4809.122733977293 112.13913468152084 4101.378206259907
    vertex -4808.716226382556 113.97187975802204 4024.8756257172745
    vertex -4808.716300504591 113.97243760311518 4101.378206306844
  endloop
endfacet
facet normal 0.9914448613733061 -0.1305261922098732 1.912370876405434e-06
  outer loop
    vertex -4809.12265985527 112.13857683652245 4024.875638693812
    vertex -4809.367837970117 110.27738501984024 4101.378206231556
    vertex -4809.367763848107 110.2768271749393 4024.8756520341467
  endloop
endfacet
facet normal 0.9914448613733061 -0.1305261922098732 1.912370876405434e-06
  outer loop
    vertex -4809.367837970117 110.27738501984024 4101.378206231556
    vertex -4809.12265985527 112.13857683652245 4024.875638693812
    vertex -4809.122733977293 112.13913468152084 4101.378206259907
  endloop
endfacet
facet normal 1.5479127965377185e-05 4.3510086735127853e-07 -0.9999999998801037
  outer loop
    vertex -4718.424824605279 145.31779030460234 4126.694209857033
    vertex -4808.083566712428 144.31779030451557 4126.6941997533495
    vertex -4808.083566712429 145.3177903045157 4126.6941997533495
  endloop
endfacet
facet normal 1.5479127965377185e-05 4.3510086735127853e-07 -0.9999999998801037
  outer loop
    vertex -4808.083566712428 144.31779030451557 4126.6941997533495
    vertex -4718.424824605279 145.31779030460234 4126.694209857033
    vertex -4790.342781244191 129.60034215151725 4126.6932000156585
  endloop
endfacet
facet normal 1.5479127965377185e-05 4.3510086735127853e-07 -0.9999999998801037
  outer loop
    vertex -4808.083566712428 144.31779030451557 4126.6941997533495
    vertex -4790.342781244191 129.60034215151725 4126.6932000156585
    vertex -4792.176084165755 129.19390867879724 4126.6932000156585
  endloop
endfacet
facet normal 1.5479127965377185e-05 4.3510086735127853e-07 -0.9999999998801037
  outer loop
    vertex -4808.083566712428 144.31779030451557 4126.6941997533495
    vertex -4792.176084165755 129.19390867879724 4126.6932000156585
    vertex -4793.966987805027 128.62923893033553 4126.693200015656
  endloop
endfacet
facet normal 1.5479127965377185e-05 4.3510086735127853e-07 -0.9999999998801037
  outer loop
    vertex -4808.083566712428 144.31779030451557 4126.6941997533495
    vertex -4793.966987805027 128.62923893033553 4126.693200015656
    vertex -4795.701862303933 127.91063038387604 4126.6932000156585
  endloop
endfacet
facet normal 1.5479127965377185e-05 4.3510086735127853e-07 -0.9999999998801037
  outer loop
    vertex -4808.083566712428 144.31779030451557 4126.6941997533495
    vertex -4795.701862303933 127.91063038387604 4126.6932000156585
    vertex -4797.367504219993 127.0435520843633 4126.6932000156585
  endloop
endfacet
facet normal 1.5479127965377185e-05 4.3510086735127853e-07 -0.9999999998801037
  outer loop
    vertex -4808.083566712428 144.31779030451557 4126.6941997533495
    vertex -4797.367504219993 127.0435520843633 4126.6932000156585
    vertex -4798.951237012481 126.03460302121275 4126.6932000156585
  endloop
endfacet
facet normal 1.5479127965377185e-05 4.3510086735127853e-07 -0.9999999998801037
  outer loop
    vertex -4808.083566712428 144.31779030451557 4126.6941997533495
    vertex -4798.951237012481 126.03460302121275 4126.6932000156585
    vertex -4800.441007518564 124.89146190601653 4126.6932000156585
  endloop
endfacet
facet normal 1.5479127965377185e-05 4.3510086735127853e-07 -0.9999999998801037
  outer loop
    vertex -4808.083566712428 144.31779030451557 4126.6941997533495
    vertex -4800.441007518564 124.89146190601653 4126.6932000156585
    vertex -4801.825477685144 123.62282873290665 4126.6932000156585
  endloop
endfacet
facet normal 1.5479127965377185e-05 4.3510086735127853e-07 -0.9999999998801037
  outer loop
    vertex -4808.083566712428 144.31779030451557 4126.6941997533495
    vertex -4801.825477685144 123.62282873290665 4126.6932000156585
    vertex -4803.094110858282 122.23835856635466 4126.6932000156585
  endloop
endfacet
facet normal 1.5479127965377185e-05 4.3510086735127853e-07 -0.9999999998801037
  outer loop
    vertex -4808.083566712428 144.31779030451557 4126.6941997533495
    vertex -4803.094110858282 122.23835856635466 4126.6932000156585
    vertex -4804.237251973514 120.74858806029293 4126.6932000156585
  endloop
endfacet
facet normal 1.5479127965377185e-05 4.3510086735127853e-07 -0.9999999998801037
  outer loop
    vertex -4808.083566712428 144.31779030451557 4126.6941997533495
    vertex -4804.237251973514 120.74858806029293 4126.6932000156585
    vertex -4805.246201036703 119.16485526782093 4126.6932000156585
  endloop
endfacet
facet normal 1.5479127965377185e-05 4.3510086735127853e-07 -0.9999999998801037
  outer loop
    vertex -4808.083566712428 144.31779030451557 4126.6941997533495
    vertex -4805.246201036703 119.16485526782093 4126.6932000156585
    vertex -4806.11327933626 117.49921335177156 4126.6932000156585
  endloop
endfacet
facet normal 1.5479127965377185e-05 4.3510086735127853e-07 -0.9999999998801037
  outer loop
    vertex -4808.083566712428 144.31779030451557 4126.6941997533495
    vertex -4806.11327933626 117.49921335177156 4126.6932000156585
    vertex -4806.831887882769 115.7643388528701 4126.6932000156585
  endloop
endfacet
facet normal 1.5479127965377185e-05 4.3510086735127853e-07 -0.9999999998801037
  outer loop
    vertex -4808.083566712428 144.31779030451557 4126.6941997533495
    vertex -4806.831887882769 115.7643388528701 4126.6932000156585
    vertex -4807.39655763128 113.9734352135981 4126.6932000156585
  endloop
endfacet
facet normal 1.5479127965377185e-05 4.3510086735127853e-07 -0.9999999998801037
  outer loop
    vertex -4808.083566712428 144.31779030451557 4126.6941997533495
    vertex -4807.39655763128 113.9734352135981 4126.6932000156585
    vertex -4807.802991104054 112.14013229202794 4126.6932000156585
  endloop
endfacet
facet normal 1.5479127965377185e-05 4.3510086735127853e-07 -0.9999999998801037
  outer loop
    vertex -4808.083566712428 144.31779030451557 4126.6941997533495
    vertex -4807.802991104054 112.14013229202794 4126.6932000156585
    vertex -4808.04809509695 110.27838263037115 4126.6932000156585
  endloop
endfacet
facet normal 1.5479127965377185e-05 4.3510086735127853e-07 -0.9999999998801037
  outer loop
    vertex -4790.342781244191 129.60034215151725 4126.6932000156585
    vertex -4718.424824605279 145.31779030460234 4126.694209857033
    vertex -4788.481031582545 129.84544614435555 4126.6932000156585
  endloop
endfacet
facet normal 1.5479127965377185e-05 4.3510086735127853e-07 -0.9999999998801037
  outer loop
    vertex -4788.481031582545 129.84544614435555 4126.6932000156585
    vertex -4718.424824605279 145.31779030460234 4126.694209857033
    vertex -4786.6050042199 129.92735526793254 4126.6932000156585
  endloop
endfacet
facet normal 1.5479127965377185e-05 4.3510086735127853e-07 -0.9999999998801037
  outer loop
    vertex -4786.6050042199 129.92735526793254 4126.6932000156585
    vertex -4718.424824605279 145.31779030460234 4126.694209857033
    vertex -4784.72897685726 129.84544614435626 4126.6932000156585
  endloop
endfacet
facet normal 1.5479127965377185e-05 4.3510086735127853e-07 -0.9999999998801037
  outer loop
    vertex -4784.72897685726 129.84544614435626 4126.6932000156585
    vertex -4718.424824605279 145.31779030460234 4126.694209857033
    vertex -4782.867227195631 129.60034215151654 4126.6932000156585
  endloop
endfacet
facet normal 1.5479127965377185e-05 4.3510086735127853e-07 -0.9999999998801037
  outer loop
    vertex -4782.867227195631 129.60034215151654 4126.6932000156585
    vertex -4718.424824605279 145.31779030460234 4126.694209857033
    vertex -4781.033924274092 129.19390867879724 4126.6932000156585
  endloop
endfacet
facet normal 1.5479127965377185e-05 4.3510086735127853e-07 -0.9999999998801037
  outer loop
    vertex -4781.033924274092 129.19390867879724 4126.6932000156585
    vertex -4718.424824605279 145.31779030460234 4126.694209857033
    vertex -4779.243020634857 128.62923893033553 4126.6932000156585
  endloop
endfacet
facet normal 1.5479127965377185e-05 4.3510086735127853e-07 -0.9999999998801037
  outer loop
    vertex -4779.243020634857 128.62923893033553 4126.6932000156585
    vertex -4718.424824605279 145.31779030460234 4126.694209857033
    vertex -4777.508146135996 127.91063038387496 4126.694209857033
  endloop
endfacet
facet normal 1.5479127965377185e-05 4.3510086735127853e-07 -0.9999999998801037
  outer loop
    vertex -4777.508146135996 127.91063038387496 4126.694209857033
    vertex -4718.424824605279 145.31779030460234 4126.694209857033
    vertex -4775.842504219992 127.0435520843624 4126.694209857032
  endloop
endfacet
facet normal 1.5479127965377185e-05 4.3510086735127853e-07 -0.9999999998801037
  outer loop
    vertex -4775.842504219992 127.0435520843624 4126.694209857032
    vertex -4718.424824605279 145.31779030460234 4126.694209857033
    vertex -4774.258771427569 126.03460302121275 4126.694209857033
  endloop
endfacet
facet normal 1.5479127965377185e-05 4.3510086735127853e-07 -0.9999999998801037
  outer loop
    vertex -4774.258771427569 126.03460302121275 4126.694209857033
    vertex -4718.424824605279 145.31779030460234 4126.694209857033
    vertex -4772.769000921559 124.8914619060158 4126.694209857033
  endloop
endfacet
facet normal 1.5479127965377185e-05 4.3510086735127853e-07 -0.9999999998801037
  outer loop
    vertex -4772.769000921559 124.8914619060158 4126.694209857033
    vertex -4718.424824605279 145.31779030460234 4126.694209857033
    vertex -4771.384530755061 123.62282873290665 4126.694209857033
  endloop
endfacet
facet normal 1.5479127965377185e-05 4.3510086735127853e-07 -0.9999999998801037
  outer loop
    vertex -4771.384530755061 123.62282873290665 4126.694209857033
    vertex -4718.424824605279 145.31779030460234 4126.694209857033
    vertex -4770.115897582009 122.23835856635466 4126.694209857033
  endloop
endfacet
facet normal 1.5479127965377185e-05 4.3510086735127853e-07 -0.9999999998801037
  outer loop
    vertex -4770.115897582009 122.23835856635466 4126.694209857033
    vertex -4718.424824605279 145.31779030460234 4126.694209857033
    vertex -4768.972756466872 120.74858806029293 4126.694209857033
  endloop
endfacet
facet normal 1.5479127965377185e-05 4.3510086735127853e-07 -0.9999999998801037
  outer loop
    vertex -4768.972756466872 120.74858806029293 4126.694209857033
    vertex -4718.424824605279 145.31779030460234 4126.694209857033
    vertex -4767.963807403784 119.1648552678202 4126.694209857033
  endloop
endfacet
facet normal 1.5479127965377185e-05 4.3510086735127853e-07 -0.9999999998801037
  outer loop
    vertex -4767.963807403784 119.1648552678202 4126.694209857033
    vertex -4718.424824605279 145.31779030460234 4126.694209857033
    vertex -4767.0967291043335 117.49921335177156 4126.694209857033
  endloop
endfacet
facet normal 1.5479127965377185e-05 4.3510086735127853e-07 -0.9999999998801037
  outer loop
    vertex -4767.0967291043335 117.49921335177156 4126.694209857033
    vertex -4718.424824605279 145.31779030460234 4126.694209857033
    vertex -4766.378120557935 115.76433885287082 4126.694209857033
  endloop
endfacet
facet normal 1.5479127965377185e-05 4.3510086735127853e-07 -0.9999999998801037
  outer loop
    vertex -4766.378120557935 115.76433885287082 4126.694209857033
    vertex -4718.424824605279 145.31779030460234 4126.694209857033
    vertex -4765.813450809536 113.97343521359882 4126.694209857033
  endloop
endfacet
facet normal 1.5479127965377185e-05 4.3510086735127853e-07 -0.9999999998801037
  outer loop
    vertex -4765.813450809536 113.97343521359882 4126.694209857033
    vertex -4718.424824605279 145.31779030460234 4126.694209857033
    vertex -4765.407017336879 112.14013229202865 4126.694209857033
  endloop
endfacet
facet normal 1.5479127965377185e-05 4.3510086735127853e-07 -0.9999999998801037
  outer loop
    vertex -4765.407017336879 112.14013229202865 4126.694209857033
    vertex -4718.424824605279 145.31779030460234 4126.694209857033
    vertex -4765.161913344101 110.27838263037115 4126.694209857033
  endloop
endfacet
facet normal 1.5479127965377185e-05 4.3510086735127853e-07 -0.9999999998801037
  outer loop
    vertex -4765.161913344101 110.27838263037115 4126.694209857033
    vertex -4718.424824605279 145.31779030460234 4126.694209857033
    vertex -4765.0800042205865 108.40235526770967 4126.694209857033
  endloop
endfacet
facet normal 1.5479127965377185e-05 4.3510086735127853e-07 -0.9999999998801037
  outer loop
    vertex -4808.130004220585 108.40235526770967 4126.6932000156585
    vertex -4808.083566428152 72.9845073067588 4126.694214218333
    vertex -4828.242328427207 108.90050730675644 4126.6941997533495
  endloop
endfacet
facet normal 1.5479127965377185e-05 4.3510086735127853e-07 -0.9999999998801037
  outer loop
    vertex -4808.083566428152 72.9845073067588 4126.694214218333
    vertex -4808.130004220585 108.40235526770967 4126.6932000156585
    vertex -4808.04809509707 106.52632790504656 4126.6932000156585
  endloop
endfacet
facet normal 1.5479127965377185e-05 4.3510086735127853e-07 -0.9999999998801037
  outer loop
    vertex -4808.083566428152 72.9845073067588 4126.694214218333
    vertex -4808.04809509707 106.52632790504656 4126.6932000156585
    vertex -4808.08356642815 71.98450730675866 4126.694214218333
  endloop
endfacet
facet normal 1.5479127965377185e-05 4.3510086735127853e-07 -0.9999999998801037
  outer loop
    vertex -4808.08356642815 71.98450730675866 4126.694214218333
    vertex -4808.04809509707 106.52632790504656 4126.6932000156585
    vertex -4807.802991104292 104.66457824338995 4126.6932000156585
  endloop
endfacet
facet normal 1.5479127965377185e-05 4.3510086735127853e-07 -0.9999999998801037
  outer loop
    vertex -4808.08356642815 71.98450730675866 4126.694214218333
    vertex -4807.802991104292 104.66457824338995 4126.6932000156585
    vertex -4807.396557631635 102.83127532182053 4126.6932000156585
  endloop
endfacet
facet normal 1.5479127965377185e-05 4.3510086735127853e-07 -0.9999999998801037
  outer loop
    vertex -4808.08356642815 71.98450730675866 4126.694214218333
    vertex -4807.396557631635 102.83127532182053 4126.6932000156585
    vertex -4806.831887883235 101.0403716825487 4126.6932000156585
  endloop
endfacet
facet normal 1.5479127965377185e-05 4.3510086735127853e-07 -0.9999999998801037
  outer loop
    vertex -4808.08356642815 71.98450730675866 4126.694214218333
    vertex -4806.831887883235 101.0403716825487 4126.6932000156585
    vertex -4806.113279336839 99.30549718364777 4126.6932000156585
  endloop
endfacet
facet normal 1.5479127965377185e-05 4.3510086735127853e-07 -0.9999999998801037
  outer loop
    vertex -4808.08356642815 71.98450730675866 4126.694214218333
    vertex -4806.113279336839 99.30549718364777 4126.6932000156585
    vertex -4805.246201037387 97.6398552675977 4126.6932000156585
  endloop
endfacet
facet normal 1.5479127965377185e-05 4.3510086735127853e-07 -0.9999999998801037
  outer loop
    vertex -4808.08356642815 71.98450730675866 4126.694214218333
    vertex -4805.246201037387 97.6398552675977 4126.6932000156585
    vertex -4804.237251974298 96.05612247512532 4126.6932000156585
  endloop
endfacet
facet normal 1.5479127965377185e-05 4.3510086735127853e-07 -0.9999999998801037
  outer loop
    vertex -4808.08356642815 71.98450730675866 4126.694214218333
    vertex -4804.237251974298 96.05612247512532 4126.6932000156585
    vertex -4803.0941108591605 94.56635196906394 4126.6932000156585
  endloop
endfacet
facet normal 1.5479127965377185e-05 4.3510086735127853e-07 -0.9999999998801037
  outer loop
    vertex -4808.08356642815 71.98450730675866 4126.694214218333
    vertex -4803.0941108591605 94.56635196906394 4126.6932000156585
    vertex -4801.8254776861095 93.18188180251197 4126.6932000156585
  endloop
endfacet
facet normal 1.5479127965377185e-05 4.3510086735127853e-07 -0.9999999998801037
  outer loop
    vertex -4808.08356642815 71.98450730675866 4126.694214218333
    vertex -4801.8254776861095 93.18188180251197 4126.6932000156585
    vertex -4800.441007519613 91.91324862940425 4126.6932000156585
  endloop
endfacet
facet normal 1.5479127965377185e-05 4.3510086735127853e-07 -0.9999999998801037
  outer loop
    vertex -4808.08356642815 71.98450730675866 4126.694214218333
    vertex -4800.441007519613 91.91324862940425 4126.6932000156585
    vertex -4798.9512370136035 90.77010751420748 4126.6932000156585
  endloop
endfacet
facet normal 1.5479127965377185e-05 4.3510086735127853e-07 -0.9999999998801037
  outer loop
    vertex -4808.08356642815 71.98450730675866 4126.694214218333
    vertex -4798.9512370136035 90.77010751420748 4126.6932000156585
    vertex -4797.367504221178 89.76115845105765 4126.693200015656
  endloop
endfacet
facet normal 1.5479127965377185e-05 4.3510086735127853e-07 -0.9999999998801037
  outer loop
    vertex -4808.08356642815 71.98450730675866 4126.694214218333
    vertex -4797.367504221178 89.76115845105765 4126.693200015656
    vertex -4795.701862305173 88.8940801515451 4126.6932000156585
  endloop
endfacet
facet normal 1.5479127965377185e-05 4.3510086735127853e-07 -0.9999999998801037
  outer loop
    vertex -4808.08356642815 71.98450730675866 4126.694214218333
    vertex -4795.701862305173 88.8940801515451 4126.6932000156585
    vertex -4793.966987806314 88.17547160508454 4126.6932000156585
  endloop
endfacet
facet normal 1.5479127965377185e-05 4.3510086735127853e-07 -0.9999999998801037
  outer loop
    vertex -4808.08356642815 71.98450730675866 4126.694214218333
    vertex -4793.966987806314 88.17547160508454 4126.6932000156585
    vertex -4792.1760841670775 87.61080185662354 4126.6932000156585
  endloop
endfacet
facet normal 1.5479127965377185e-05 4.3510086735127853e-07 -0.9999999998801037
  outer loop
    vertex -4808.08356642815 71.98450730675866 4126.694214218333
    vertex -4792.1760841670775 87.61080185662354 4126.6932000156585
    vertex -4790.342781245539 87.2043683839037 4126.6932000156585
  endloop
endfacet
facet normal 1.5479127965377185e-05 4.3510086735127853e-07 -0.9999999998801037
  outer loop
    vertex -4808.08356642815 71.98450730675866 4126.694214218333
    vertex -4790.342781245539 87.2043683839037 4126.6932000156585
    vertex -4718.424824605272 71.98450732289014 4126.694209857033
  endloop
endfacet
facet normal 1.5479127965377185e-05 4.3510086735127853e-07 -0.9999999998801037
  outer loop
    vertex -4718.424824605272 71.98450732289014 4126.694209857033
    vertex -4790.342781245539 87.2043683839037 4126.6932000156585
    vertex -4788.48103158391 86.95926439106378 4126.6932000156585
  endloop
endfacet
facet normal 1.5479127965377185e-05 4.3510086735127853e-07 -0.9999999998801037
  outer loop
    vertex -4718.424824605272 71.98450732289014 4126.694209857033
    vertex -4788.48103158391 86.95926439106378 4126.6932000156585
    vertex -4786.605004221271 86.87735526748861 4126.6932000156585
  endloop
endfacet
facet normal 1.5479127965377185e-05 4.3510086735127853e-07 -0.9999999998801037
  outer loop
    vertex -4718.424824605272 71.98450732289014 4126.694209857033
    vertex -4786.605004221271 86.87735526748861 4126.6932000156585
    vertex -4784.728976858622 86.95926439106469 4126.6932000156585
  endloop
endfacet
facet normal 1.5479127965377185e-05 4.3510086735127853e-07 -0.9999999998801037
  outer loop
    vertex -4718.424824605272 71.98450732289014 4126.694209857033
    vertex -4784.728976858622 86.95926439106469 4126.6932000156585
    vertex -4782.867227196978 87.2043683839037 4126.6932000156585
  endloop
endfacet
facet normal 1.5479127965377185e-05 4.3510086735127853e-07 -0.9999999998801037
  outer loop
    vertex -4718.424824605272 71.98450732289014 4126.694209857033
    vertex -4782.867227196978 87.2043683839037 4126.6932000156585
    vertex -4781.033924275414 87.61080185662281 4126.693200015656
  endloop
endfacet
facet normal 1.5479127965377185e-05 4.3510086735127853e-07 -0.9999999998801037
  outer loop
    vertex -4718.424824605272 71.98450732289014 4126.694209857033
    vertex -4781.033924275414 87.61080185662281 4126.693200015656
    vertex -4779.243020636144 88.17547160508454 4126.694209857033
  endloop
endfacet
facet normal 1.5479127965377185e-05 4.3510086735127853e-07 -0.9999999998801037
  outer loop
    vertex -4718.424824605272 71.98450732289014 4126.694209857033
    vertex -4779.243020636144 88.17547160508454 4126.694209857033
    vertex -4777.5081461372365 88.8940801515451 4126.694209857033
  endloop
endfacet
facet normal 1.5479127965377185e-05 4.3510086735127853e-07 -0.9999999998801037
  outer loop
    vertex -4718.424824605272 71.98450732289014 4126.694209857033
    vertex -4777.5081461372365 88.8940801515451 4126.694209857033
    vertex -4775.842504221178 89.76115845105838 4126.694209857033
  endloop
endfacet
facet normal 1.5479127965377185e-05 4.3510086735127853e-07 -0.9999999998801037
  outer loop
    vertex -4718.424824605272 71.98450732289014 4126.694209857033
    vertex -4775.842504221178 89.76115845105838 4126.694209857033
    vertex -4774.25877142869 90.77010751420748 4126.694209857033
  endloop
endfacet
facet normal 1.5479127965377185e-05 4.3510086735127853e-07 -0.9999999998801037
  outer loop
    vertex -4718.424824605272 71.98450732289014 4126.694209857033
    vertex -4774.25877142869 90.77010751420748 4126.694209857033
    vertex -4772.769000922608 91.91324862940353 4126.694209857033
  endloop
endfacet
facet normal 1.5479127965377185e-05 4.3510086735127853e-07 -0.9999999998801037
  outer loop
    vertex -4718.424824605272 71.98450732289014 4126.694209857033
    vertex -4772.769000922608 91.91324862940353 4126.694209857033
    vertex -4771.38453075603 93.18188180251197 4126.694209857033
  endloop
endfacet
facet normal 1.5479127965377185e-05 4.3510086735127853e-07 -0.9999999998801037
  outer loop
    vertex -4718.424824605272 71.98450732289014 4126.694209857033
    vertex -4771.38453075603 93.18188180251197 4126.694209857033
    vertex -4770.11589758289 94.56635196906467 4126.694209857033
  endloop
endfacet
facet normal 1.5479127965377185e-05 4.3510086735127853e-07 -0.9999999998801037
  outer loop
    vertex -4718.424824605272 71.98450732289014 4126.694209857033
    vertex -4770.11589758289 94.56635196906467 4126.694209857033
    vertex -4768.972756467659 96.05612247512532 4126.694209857033
  endloop
endfacet
facet normal 1.5479127965377185e-05 4.3510086735127853e-07 -0.9999999998801037
  outer loop
    vertex -4718.424824605272 71.98450732289014 4126.694209857033
    vertex -4768.972756467659 96.05612247512532 4126.694209857033
    vertex -4767.963807404468 97.63985526759842 4126.694209857033
  endloop
endfacet
facet normal 1.5479127965377185e-05 4.3510086735127853e-07 -0.9999999998801037
  outer loop
    vertex -4718.424824605272 71.98450732289014 4126.694209857033
    vertex -4767.963807404468 97.63985526759842 4126.694209857033
    vertex -4767.096729104911 99.30549718364723 4126.694209857033
  endloop
endfacet
facet normal 1.5479127965377185e-05 4.3510086735127853e-07 -0.9999999998801037
  outer loop
    vertex -4718.424824605272 71.98450732289014 4126.694209857033
    vertex -4767.096729104911 99.30549718364723 4126.694209857033
    vertex -4766.378120558404 101.0403716825478 4126.694209857033
  endloop
endfacet
facet normal 1.5479127965377185e-05 4.3510086735127853e-07 -0.9999999998801037
  outer loop
    vertex -4718.424824605272 71.98450732289014 4126.694209857033
    vertex -4766.378120558404 101.0403716825478 4126.694209857033
    vertex -4765.813450809891 102.83127532181908 4126.694209857033
  endloop
endfacet
facet normal 1.5479127965377185e-05 4.3510086735127853e-07 -0.9999999998801037
  outer loop
    vertex -4718.424824605272 71.98450732289014 4126.694209857033
    vertex -4765.813450809891 102.83127532181908 4126.694209857033
    vertex -4765.407017337117 104.66457824338995 4126.694209857033
  endloop
endfacet
facet normal 1.5479127965377185e-05 4.3510086735127853e-07 -0.9999999998801037
  outer loop
    vertex -4718.424824605272 71.98450732289014 4126.694209857033
    vertex -4765.407017337117 104.66457824338995 4126.694209857033
    vertex -4765.161913344221 106.52632790504656 4126.694209857033
  endloop
endfacet
facet normal 1.5479127965377185e-05 4.3510086735127853e-07 -0.9999999998801037
  outer loop
    vertex -4718.424824605272 71.98450732289014 4126.694209857033
    vertex -4765.161913344221 106.52632790504656 4126.694209857033
    vertex -4765.0800042205865 108.40235526770967 4126.694209857033
  endloop
endfacet
facet normal 1.5479127965377185e-05 4.3510086735127853e-07 -0.9999999998801037
  outer loop
    vertex -4718.424824605272 71.98450732289014 4126.694209857033
    vertex -4765.0800042205865 108.40235526770967 4126.694209857033
    vertex -4718.424824605279 145.31779030460234 4126.694209857033
  endloop
endfacet
facet normal 1.5479127965377185e-05 4.3510086735127853e-07 -0.9999999998801037
  outer loop
    vertex -4808.083566712428 144.31779030451557 4126.6941997533495
    vertex -4808.130004220585 108.40235526770967 4126.6932000156585
    vertex -4828.242328427207 108.90050730675644 4126.6941997533495
  endloop
endfacet
facet normal 1.5479127965377185e-05 4.3510086735127853e-07 -0.9999999998801037
  outer loop
    vertex -4808.130004220585 108.40235526770967 4126.6932000156585
    vertex -4808.083566712428 144.31779030451557 4126.6941997533495
    vertex -4808.04809509695 110.27838263037115 4126.6932000156585
  endloop
endfacet
facet normal -0.002060741540926161 2.545845395779628e-06 0.9999978766666558
  outer loop
    vertex -4718.424824487703 -61.60098642389224 4161.709167444498
    vertex -4718.5388621027305 282.36842455691044 4161.708056630694
    vertex -4718.5388621027305 -65.56761479083336 4161.708932441949
  endloop
endfacet
facet normal -0.002060741540926161 2.545845395779628e-06 0.9999978766666558
  outer loop
    vertex -4718.5388621027305 282.36842455691044 4161.708056630694
    vertex -4718.424824487703 -61.60098642389224 4161.709167444498
    vertex -4718.424824487703 278.40179618996933 4161.708291633244
  endloop
endfacet
facet normal -1.696263986910369e-05 2.7025644640517e-06 0.9999999998524824
  outer loop
    vertex -4853.610386747248 -91.59683428268977 4161.707087224218
    vertex -4808.048095070458 106.52632790464897 4161.70671292935
    vertex -4808.130004193973 108.40235526731189 4161.706706637425
  endloop
endfacet
facet normal -1.696263986910369e-05 2.7025644640517e-06 0.9999999998524824
  outer loop
    vertex -4808.048095070458 106.52632790464897 4161.70671292935
    vertex -4853.610386747248 -91.59683428268977 4161.707087224218
    vertex -4807.80299107768 104.66457824299236 4161.706722123018
  endloop
endfacet
facet normal -1.696263986910369e-05 2.7025644640517e-06 0.9999999998524824
  outer loop
    vertex -4807.80299107768 104.66457824299236 4161.706722123018
    vertex -4853.610386747248 -91.59683428268977 4161.707087224218
    vertex -4807.396557605023 102.83127532142275 4161.706734148456
  endloop
endfacet
facet normal -1.696263986910369e-05 2.7025644640517e-06 0.9999999998524824
  outer loop
    vertex -4807.396557605023 102.83127532142275 4161.706734148456
    vertex -4853.610386747248 -91.59683428268977 4161.707087224218
    vertex -4748.322594576013 -91.5978403591499 4161.708471940167
  endloop
endfacet
facet normal -1.696263986910369e-05 2.7025644640517e-06 0.9999999998524824
  outer loop
    vertex -4807.396557605023 102.83127532142275 4161.706734148456
    vertex -4748.322594576013 -91.5978403591499 4161.708471940167
    vertex -4806.831887856623 101.04037168215075 4161.7067489141455
  endloop
endfacet
facet normal -1.696263986910369e-05 2.7025644640517e-06 0.9999999998524824
  outer loop
    vertex -4806.831887856623 101.04037168215075 4161.7067489141455
    vertex -4748.322594576013 -91.5978403591499 4161.708471940167
    vertex -4806.113279310227 99.30549718324983 4161.7067663077105
  endloop
endfacet
facet normal -1.696263986910369e-05 2.7025644640517e-06 0.9999999998524824
  outer loop
    vertex -4806.113279310227 99.30549718324983 4161.7067663077105
    vertex -4748.322594576013 -91.5978403591499 4161.708471940167
    vertex -4805.246201010776 97.63985526719956 4161.706786196775
  endloop
endfacet
facet normal -1.696263986910369e-05 2.7025644640517e-06 0.9999999998524824
  outer loop
    vertex -4805.246201010776 97.63985526719956 4161.706786196775
    vertex -4748.322594576013 -91.5978403591499 4161.708471940167
    vertex -4804.237251947686 96.05612247472719 4161.70680842997
  endloop
endfacet
facet normal -1.696263986910369e-05 2.7025644640517e-06 0.9999999998524824
  outer loop
    vertex -4804.237251947686 96.05612247472719 4161.70680842997
    vertex -4748.322594576013 -91.5978403591499 4161.708471940167
    vertex -4803.094110832549 94.56635196866581 4161.706832838087
  endloop
endfacet
facet normal -1.696263986910369e-05 2.7025644640517e-06 0.9999999998524824
  outer loop
    vertex -4803.094110832549 94.56635196866581 4161.706832838087
    vertex -4748.322594576013 -91.5978403591499 4161.708471940167
    vertex -4801.825477659498 93.18188180211419 4161.70685923537
  endloop
endfacet
facet normal -1.696263986910369e-05 2.7025644640517e-06 0.9999999998524824
  outer loop
    vertex -4801.825477659498 93.18188180211419 4161.70685923537
    vertex -4748.322594576013 -91.5978403591499 4161.708471940167
    vertex -4800.441007493 91.9132486290061 4161.706887420916
  endloop
endfacet
facet normal -1.696263986910369e-05 2.7025644640517e-06 0.9999999998524824
  outer loop
    vertex -4800.441007493 91.9132486290061 4161.706887420916
    vertex -4748.322594576013 -91.5978403591499 4161.708471940167
    vertex -4798.951236986992 90.77010751380989 4161.706917180217
  endloop
endfacet
facet normal -1.696263986910369e-05 2.7025644640517e-06 0.9999999998524824
  outer loop
    vertex -4798.951236986992 90.77010751380989 4161.706917180217
    vertex -4748.322594576013 -91.5978403591499 4161.708471940167
    vertex -4797.367504194569 89.76115845066097 4161.7069482867855
  endloop
endfacet
facet normal -1.696263986910369e-05 2.7025644640517e-06 0.9999999998524824
  outer loop
    vertex -4797.367504194569 89.76115845066097 4161.7069482867855
    vertex -4748.322594576013 -91.5978403591499 4161.708471940167
    vertex -4795.701862278564 88.89408015114805 4161.706980503884
  endloop
endfacet
facet normal -1.696263986910369e-05 2.7025644640517e-06 0.9999999998524824
  outer loop
    vertex -4795.701862278564 88.89408015114805 4161.706980503884
    vertex -4748.322594576013 -91.5978403591499 4161.708471940167
    vertex -4793.966987779701 88.17547160468676 4161.70701358632
  endloop
endfacet
facet normal -1.696263986910369e-05 2.7025644640517e-06 0.9999999998524824
  outer loop
    vertex -4793.966987779701 88.17547160468676 4161.70701358632
    vertex -4748.322594576013 -91.5978403591499 4161.708471940167
    vertex -4792.176084140467 87.61080185622576 4161.707047282314
  endloop
endfacet
facet normal -1.696263986910369e-05 2.7025644640517e-06 0.9999999998524824
  outer loop
    vertex -4792.176084140467 87.61080185622576 4161.707047282314
    vertex -4748.322594576013 -91.5978403591499 4161.708471940167
    vertex -4790.3427812189275 87.20436838350594 4161.707081335422
  endloop
endfacet
facet normal -1.696263986910369e-05 2.7025644640517e-06 0.9999999998524824
  outer loop
    vertex -4790.3427812189275 87.20436838350594 4161.707081335422
    vertex -4748.322594576013 -91.5978403591499 4161.708471940167
    vertex -4788.481031557297 86.95926439066619 4161.707115486479
  endloop
endfacet
facet normal -1.696263986910369e-05 2.7025644640517e-06 0.9999999998524824
  outer loop
    vertex -4788.481031557297 86.95926439066619 4161.707115486479
    vertex -4748.322594576013 -91.5978403591499 4161.708471940167
    vertex -4786.605004194659 86.87735526709119 4161.707149475574
  endloop
endfacet
facet normal -1.696263986910369e-05 2.7025644640517e-06 0.9999999998524824
  outer loop
    vertex -4786.605004194659 86.87735526709119 4161.707149475574
    vertex -4748.322594576013 -91.5978403591499 4161.708471940167
    vertex -4784.728976832011 86.9592643906671 4161.707183044029
  endloop
endfacet
facet normal -1.696263986910369e-05 2.7025644640517e-06 0.9999999998524824
  outer loop
    vertex -4784.728976832011 86.9592643906671 4161.707183044029
    vertex -4748.322594576013 -91.5978403591499 4161.708471940167
    vertex -4782.867227170366 87.20436838350611 4161.707215936369
  endloop
endfacet
facet normal -1.696263986910369e-05 2.7025644640517e-06 0.9999999998524824
  outer loop
    vertex -4782.867227170366 87.20436838350611 4161.707215936369
    vertex -4748.322594576013 -91.5978403591499 4161.708471940167
    vertex -4781.033924248803 87.61080185622522 4161.707247902264
  endloop
endfacet
facet normal -1.696263986910369e-05 2.7025644640517e-06 0.9999999998524824
  outer loop
    vertex -4781.033924248803 87.61080185622522 4161.707247902264
    vertex -4748.322594576013 -91.5978403591499 4161.708471940167
    vertex -4779.243020609532 88.17547160468712 4161.707278698431
  endloop
endfacet
facet normal -1.696263986910369e-05 2.7025644640517e-06 0.9999999998524824
  outer loop
    vertex -4779.243020609532 88.17547160468712 4161.707278698431
    vertex -4748.322594576013 -91.5978403591499 4161.708471940167
    vertex -4777.508146110626 88.89408015114732 4161.707308090495
  endloop
endfacet
facet normal -1.696263986910369e-05 2.7025644640517e-06 0.9999999998524824
  outer loop
    vertex -4777.508146110626 88.89408015114732 4161.707308090495
    vertex -4748.322594576013 -91.5978403591499 4161.708471940167
    vertex -4775.842504194567 89.7611584506606 4161.707335854764
  endloop
endfacet
facet normal -1.696263986910369e-05 2.7025644640517e-06 0.9999999998524824
  outer loop
    vertex -4775.842504194567 89.7611584506606 4161.707335854764
    vertex -4748.322594576013 -91.5978403591499 4161.708471940167
    vertex -4774.25877140208 90.77010751380918 4161.707361779937
  endloop
endfacet
facet normal -1.696263986910369e-05 2.7025644640517e-06 0.9999999998524824
  outer loop
    vertex -4774.25877140208 90.77010751380918 4161.707361779937
    vertex -4748.322594576013 -91.5978403591499 4161.708471940167
    vertex -4772.769000895996 91.9132486290054 4161.707385668704
  endloop
endfacet
facet normal -1.696263986910369e-05 2.7025644640517e-06 0.9999999998524824
  outer loop
    vertex -4772.769000895996 91.9132486290054 4161.707385668704
    vertex -4748.322594576013 -91.5978403591499 4161.708471940167
    vertex -4771.384530729419 93.18188180211347 4161.707407339261
  endloop
endfacet
facet normal -1.696263986910369e-05 2.7025644640517e-06 0.9999999998524824
  outer loop
    vertex -4771.384530729419 93.18188180211347 4161.707407339261
    vertex -4748.322594576013 -91.5978403591499 4161.708471940167
    vertex -4770.115897556277 94.56635196866654 4161.707426626681
  endloop
endfacet
facet normal -1.696263986910369e-05 2.7025644640517e-06 0.9999999998524824
  outer loop
    vertex -4770.115897556277 94.56635196866654 4161.707426626681
    vertex -4748.322594576013 -91.5978403591499 4161.708471940167
    vertex -4768.972756441048 96.05612247472827 4161.707443384173
  endloop
endfacet
facet normal -1.696263986910369e-05 2.7025644640517e-06 0.9999999998524824
  outer loop
    vertex -4768.972756441048 96.05612247472827 4161.707443384173
    vertex -4748.322594576013 -91.5978403591499 4161.708471940167
    vertex -4767.963807377858 97.63985526720137 4161.7074574842045
  endloop
endfacet
facet normal -1.696263986910369e-05 2.7025644640517e-06 0.9999999998524824
  outer loop
    vertex -4767.963807377858 97.63985526720137 4161.7074574842045
    vertex -4748.322594576013 -91.5978403591499 4161.708471940167
    vertex -4767.096729078298 99.30549718324892 4161.707468819464
  endloop
endfacet
facet normal -1.696263986910369e-05 2.7025644640517e-06 0.9999999998524824
  outer loop
    vertex -4767.096729078298 99.30549718324892 4161.707468819464
    vertex -4748.322594576013 -91.5978403591499 4161.708471940167
    vertex -4766.378120531791 101.04037168215021 4161.707477303686
  endloop
endfacet
facet normal -1.696263986910369e-05 2.7025644640517e-06 0.9999999998524824
  outer loop
    vertex -4766.378120531791 101.04037168215021 4161.707477303686
    vertex -4748.322594576013 -91.5978403591499 4161.708471940167
    vertex -4765.813450783279 102.8312753214213 4161.707482872296
  endloop
endfacet
facet normal -1.696263986910369e-05 2.7025644640517e-06 0.9999999998524824
  outer loop
    vertex -4765.813450783279 102.8312753214213 4161.707482872296
    vertex -4748.322594576013 -91.5978403591499 4161.708471940167
    vertex -4765.407017310506 104.66457824299236 4161.707485482919
  endloop
endfacet
facet normal -1.696263986910369e-05 2.7025644640517e-06 0.9999999998524824
  outer loop
    vertex -4765.407017310506 104.66457824299236 4161.707485482919
    vertex -4748.322594576013 -91.5978403591499 4161.708471940167
    vertex -4765.161913317608 106.52632790464897 4161.707485115682
  endloop
endfacet
facet normal -1.696263986910369e-05 2.7025644640517e-06 0.9999999998524824
  outer loop
    vertex -4765.161913317608 106.52632790464897 4161.707485115682
    vertex -4748.322594576013 -91.5978403591499 4161.708471940167
    vertex -4765.080004193974 108.40235526731189 4161.707481773383
  endloop
endfacet
facet normal -1.696263986910369e-05 2.7025644640517e-06 0.9999999998524824
  outer loop
    vertex -4765.080004193974 108.40235526731189 4161.707481773383
    vertex -4748.322594576013 -91.5978403591499 4161.708471940167
    vertex -4748.424824485796 308.40158757380976 4161.708025339169
  endloop
endfacet
facet normal -1.696263986910369e-05 2.7025644640517e-06 0.9999999998524824
  outer loop
    vertex -4748.424824485796 308.40158757380976 4161.708025339169
    vertex -4748.322594576013 -91.5978403591499 4161.708471940167
    vertex -4744.458195324027 308.2875775401293 4161.707826558532
  endloop
endfacet
facet normal -1.696263986910369e-05 2.7025644640517e-06 0.9999999998524824
  outer loop
    vertex -4744.458195324027 308.2875775401293 4161.707826558532
    vertex -4748.322594576013 -91.5978403591499 4161.708471940167
    vertex -4744.458195324027 -91.48676777405218 4161.708702369788
  endloop
endfacet
facet normal -1.696263986910369e-05 2.7025644640517e-06 0.9999999998524824
  outer loop
    vertex -4744.458195324027 308.2875775401293 4161.707826558532
    vertex -4744.458195324027 -91.48676777405218 4161.708702369788
    vertex -4740.544680186711 -90.82984732399449 4161.708539317695
  endloop
endfacet
facet normal -1.696263986910369e-05 2.7025644640517e-06 0.9999999998524824
  outer loop
    vertex -4744.458195324027 308.2875775401293 4161.707826558532
    vertex -4740.544680186711 -90.82984732399449 4161.708539317695
    vertex -4740.544680186711 307.6306570900718 4161.7076635064395
  endloop
endfacet
facet normal -1.696263986910369e-05 2.7025644640517e-06 0.9999999998524824
  outer loop
    vertex -4740.544680186711 307.6306570900718 4161.7076635064395
    vertex -4740.544680186711 -90.82984732399449 4161.708539317695
    vertex -4736.758232525247 -89.64243024232188 4161.708415075332
  endloop
endfacet
facet normal -1.696263986910369e-05 2.7025644640517e-06 0.9999999998524824
  outer loop
    vertex -4740.544680186711 307.6306570900718 4161.7076635064395
    vertex -4736.758232525247 -89.64243024232188 4161.708415075332
    vertex -4736.758232525247 306.44324000839896 4161.707539264075
  endloop
endfacet
facet normal -1.696263986910369e-05 2.7025644640517e-06 0.9999999998524824
  outer loop
    vertex -4736.758232525247 306.44324000839896 4161.707539264075
    vertex -4736.758232525247 -89.64243024232188 4161.708415075332
    vertex -4733.17040460487 -87.94695507554718 4161.708331990499
  endloop
endfacet
facet normal -1.696263986910369e-05 2.7025644640517e-06 0.9999999998524824
  outer loop
    vertex -4736.758232525247 306.44324000839896 4161.707539264075
    vertex -4733.17040460487 -87.94695507554718 4161.708331990499
    vertex -4733.17040460487 304.7477648416243 4161.707456179242
  endloop
endfacet
facet normal -1.696263986910369e-05 2.7025644640517e-06 0.9999999998524824
  outer loop
    vertex -4733.17040460487 304.7477648416243 4161.707456179242
    vertex -4733.17040460487 -87.94695507554718 4161.708331990499
    vertex -4729.848995385959 -85.77546111212209 4161.708291633244
  endloop
endfacet
facet normal -1.696263986910369e-05 2.7025644640517e-06 0.9999999998524824
  outer loop
    vertex -4733.17040460487 304.7477648416243 4161.707456179242
    vertex -4729.848995385959 -85.77546111212209 4161.708291633244
    vertex -4729.848995385959 302.5762708781992 4161.707415821989
  endloop
endfacet
facet normal -1.696263986910369e-05 2.7025644640517e-06 0.9999999998524824
  outer loop
    vertex -4729.848995385959 302.5762708781992 4161.707415821989
    vertex -4729.848995385959 -85.77546111212209 4161.708291633244
    vertex -4726.856769331311 -83.16898293800136 4161.7082947661975
  endloop
endfacet
facet normal -1.696263986910369e-05 2.7025644640517e-06 0.9999999998524824
  outer loop
    vertex -4729.848995385959 302.5762708781992 4161.707415821989
    vertex -4726.856769331311 -83.16898293800136 4161.7082947661975
    vertex -4726.856769331311 299.9697927040785 4161.707418954942
  endloop
endfacet
facet normal -1.696263986910369e-05 2.7025644640517e-06 0.9999999998524824
  outer loop
    vertex -4726.856769331311 299.9697927040785 4161.707418954942
    vertex -4726.856769331311 -83.16898293800136 4161.7082947661975
    vertex -4724.250270350008 -80.17677500863147 4161.708341330154
  endloop
endfacet
facet normal -1.696263986910369e-05 2.7025644640517e-06 0.9999999998524824
  outer loop
    vertex -4726.856769331311 299.9697927040785 4161.707418954942
    vertex -4724.250270350008 -80.17677500863147 4161.708341330154
    vertex -4724.250270350008 296.97758477470876 4161.707465518899
  endloop
endfacet
facet normal -1.696263986910369e-05 2.7025644640517e-06 0.9999999998524824
  outer loop
    vertex -4724.250270350008 296.97758477470876 4161.707465518899
    vertex -4724.250270350008 -80.17677500863147 4161.708341330154
    vertex -4722.078753290685 -76.85538089058063 4161.708430445199
  endloop
endfacet
facet normal -1.696263986910369e-05 2.7025644640517e-06 0.9999999998524824
  outer loop
    vertex -4724.250270350008 296.97758477470876 4161.707465518899
    vertex -4722.078753290685 -76.85538089058063 4161.708430445199
    vertex -4722.078753290685 293.6561906566577 4161.707554633945
  endloop
endfacet
facet normal -1.696263986910369e-05 2.7025644640517e-06 0.9999999998524824
  outer loop
    vertex -4722.078753290685 293.6561906566577 4161.707554633945
    vertex -4722.078753290685 -76.85538089058063 4161.708430445199
    vertex -4720.3832531757425 -73.2675647612863 4161.70856042733
  endloop
endfacet
facet normal -1.696263986910369e-05 2.7025644640517e-06 0.9999999998524824
  outer loop
    vertex -4722.078753290685 293.6561906566577 4161.707554633945
    vertex -4720.3832531757425 -73.2675647612863 4161.70856042733
    vertex -4720.3832531757425 290.0683745273636 4161.707684616076
  endloop
endfacet
facet normal -1.696263986910369e-05 2.7025644640517e-06 0.9999999998524824
  outer loop
    vertex -4720.3832531757425 290.0683745273636 4161.707684616076
    vertex -4720.3832531757425 -73.2675647612863 4161.70856042733
    vertex -4719.195809765074 -69.48112535831238 4161.708728820285
  endloop
endfacet
facet normal -1.696263986910369e-05 2.7025644640517e-06 0.9999999998524824
  outer loop
    vertex -4720.3832531757425 290.0683745273636 4161.707684616076
    vertex -4719.195809765074 -69.48112535831238 4161.708728820285
    vertex -4719.195809765074 286.28193512438963 4161.707853009028
  endloop
endfacet
facet normal -1.696263986910369e-05 2.7025644640517e-06 0.9999999998524824
  outer loop
    vertex -4719.195809765074 286.28193512438963 4161.707853009028
    vertex -4719.195809765074 -69.48112535831238 4161.708728820285
    vertex -4718.5388621027305 -65.56761479083336 4161.708932441949
  endloop
endfacet
facet normal -1.696263986910369e-05 2.7025644640517e-06 0.9999999998524824
  outer loop
    vertex -4719.195809765074 286.28193512438963 4161.707853009028
    vertex -4718.5388621027305 -65.56761479083336 4161.708932441949
    vertex -4718.5388621027305 282.36842455691044 4161.708056630694
  endloop
endfacet
facet normal -1.696263986910369e-05 2.7025644640517e-06 0.9999999998524824
  outer loop
    vertex -4901.98518121738 -16.5968446064444 4161.7058283973565
    vertex -4892.985337072157 257.15117273921123 4161.704713184837
    vertex -4901.985233203644 233.4009396752151 4161.704697250615
  endloop
endfacet
facet normal -1.696263986910369e-05 2.7025644640517e-06 0.9999999998524824
  outer loop
    vertex -4892.985337072157 257.15117273921123 4161.704713184837
    vertex -4901.98518121738 -16.5968446064444 4161.7058283973565
    vertex -4892.985272067654 -40.3470776553511 4161.706127590323
  endloop
endfacet
facet normal -1.696263986910369e-05 2.7025644640517e-06 0.9999999998524824
  outer loop
    vertex -4892.985337072157 257.15117273921123 4161.704713184837
    vertex -4892.985272067654 -40.3470776553511 4161.706127590323
    vertex -4881.735403776246 279.49390336032127 4161.704684373109
  endloop
endfacet
facet normal -1.696263986910369e-05 2.7025644640517e-06 0.9999999998524824
  outer loop
    vertex -4881.735403776246 279.49390336032127 4161.704684373109
    vertex -4892.985272067654 -40.3470776553511 4161.706127590323
    vertex -4881.73532249883 -62.68980825759831 4161.70645285402
  endloop
endfacet
facet normal -1.696263986910369e-05 2.7025644640517e-06 0.9999999998524824
  outer loop
    vertex -4881.735403776246 279.49390336032127 4161.704684373109
    vertex -4881.73532249883 -62.68980825759831 4161.70645285402
    vertex -4853.610508743011 308.40165275505575 4161.704433557573
  endloop
endfacet
facet normal -1.696263986910369e-05 2.7025644640517e-06 0.9999999998524824
  outer loop
    vertex -4853.610508743011 308.40165275505575 4161.704433557573
    vertex -4881.73532249883 -62.68980825759831 4161.70645285402
    vertex -4853.610386747248 -91.59683428268977 4161.707087224218
  endloop
endfacet
facet normal -1.696263986910369e-05 2.7025644640517e-06 0.9999999998524824
  outer loop
    vertex -4853.610508743011 308.40165275505575 4161.704433557573
    vertex -4853.610386747248 -91.59683428268977 4161.707087224218
    vertex -4807.396557604669 113.97343521320067 4161.7067055385105
  endloop
endfacet
facet normal -1.696263986910369e-05 2.7025644640517e-06 0.9999999998524824
  outer loop
    vertex -4853.610508743011 308.40165275505575 4161.704433557573
    vertex -4807.396557604669 113.97343521320067 4161.7067055385105
    vertex -4748.424824485796 308.40158757380976 4161.708025339169
  endloop
endfacet
facet normal -1.696263986910369e-05 2.7025644640517e-06 0.9999999998524824
  outer loop
    vertex -4807.396557604669 113.97343521320067 4161.7067055385105
    vertex -4853.610386747248 -91.59683428268977 4161.707087224218
    vertex -4807.802991077442 112.14013229163017 4161.70670292789
  endloop
endfacet
facet normal -1.696263986910369e-05 2.7025644640517e-06 0.9999999998524824
  outer loop
    vertex -4807.802991077442 112.14013229163017 4161.70670292789
    vertex -4853.610386747248 -91.59683428268977 4161.707087224218
    vertex -4808.048095070339 110.27838262997356 4161.7067032951245
  endloop
endfacet
facet normal -1.696263986910369e-05 2.7025644640517e-06 0.9999999998524824
  outer loop
    vertex -4808.048095070339 110.27838262997356 4161.7067032951245
    vertex -4853.610386747248 -91.59683428268977 4161.707087224218
    vertex -4808.130004193973 108.40235526731189 4161.706706637425
  endloop
endfacet
facet normal -1.696263986910369e-05 2.7025644640517e-06 0.9999999998524824
  outer loop
    vertex -4748.424824485796 308.40158757380976 4161.708025339169
    vertex -4807.396557604669 113.97343521320067 4161.7067055385105
    vertex -4806.831887856157 115.76433885247232 4161.706711107123
  endloop
endfacet
facet normal -1.696263986910369e-05 2.7025644640517e-06 0.9999999998524824
  outer loop
    vertex -4748.424824485796 308.40158757380976 4161.708025339169
    vertex -4806.831887856157 115.76433885247232 4161.706711107123
    vertex -4806.113279309649 117.49921335137397 4161.706719591343
  endloop
endfacet
facet normal -1.696263986910369e-05 2.7025644640517e-06 0.9999999998524824
  outer loop
    vertex -4748.424824485796 308.40158757380976 4161.708025339169
    vertex -4806.113279309649 117.49921335137397 4161.706719591343
    vertex -4805.246201010092 119.16485526742369 4161.706730926603
  endloop
endfacet
facet normal -1.696263986910369e-05 2.7025644640517e-06 0.9999999998524824
  outer loop
    vertex -4748.424824485796 308.40158757380976 4161.708025339169
    vertex -4805.246201010092 119.16485526742369 4161.706730926603
    vertex -4804.237251946902 120.74858805989516 4161.706745026634
  endloop
endfacet
facet normal -1.696263986910369e-05 2.7025644640517e-06 0.9999999998524824
  outer loop
    vertex -4748.424824485796 308.40158757380976 4161.708025339169
    vertex -4804.237251946902 120.74858805989516 4161.706745026634
    vertex -4803.09411083167 122.23835856595726 4161.706761784128
  endloop
endfacet
facet normal -1.696263986910369e-05 2.7025644640517e-06 0.9999999998524824
  outer loop
    vertex -4748.424824485796 308.40158757380976 4161.708025339169
    vertex -4803.09411083167 122.23835856595726 4161.706761784128
    vertex -4801.825477658532 123.62282873250888 4161.706781071546
  endloop
endfacet
facet normal -1.696263986910369e-05 2.7025644640517e-06 0.9999999998524824
  outer loop
    vertex -4748.424824485796 308.40158757380976 4161.708025339169
    vertex -4801.825477658532 123.62282873250888 4161.706781071546
    vertex -4800.441007491952 124.89146190561912 4161.706802742103
  endloop
endfacet
facet normal -1.696263986910369e-05 2.7025644640517e-06 0.9999999998524824
  outer loop
    vertex -4748.424824485796 308.40158757380976 4161.708025339169
    vertex -4800.441007491952 124.89146190561912 4161.706802742103
    vertex -4798.951236985869 126.03460302081497 4161.706826630872
  endloop
endfacet
facet normal -1.696263986910369e-05 2.7025644640517e-06 0.9999999998524824
  outer loop
    vertex -4748.424824485796 308.40158757380976 4161.708025339169
    vertex -4798.951236985869 126.03460302081497 4161.706826630872
    vertex -4797.367504193381 127.04355208396571 4161.706852556043
  endloop
endfacet
facet normal -1.696263986910369e-05 2.7025644640517e-06 0.9999999998524824
  outer loop
    vertex -4748.424824485796 308.40158757380976 4161.708025339169
    vertex -4797.367504193381 127.04355208396571 4161.706852556043
    vertex -4795.701862277321 127.91063038347863 4161.706880320313
  endloop
endfacet
facet normal -1.696263986910369e-05 2.7025644640517e-06 0.9999999998524824
  outer loop
    vertex -4748.424824485796 308.40158757380976 4161.708025339169
    vertex -4795.701862277321 127.91063038347863 4161.706880320313
    vertex -4793.966987778416 128.6292389299381 4161.706909712378
  endloop
endfacet
facet normal -1.696263986910369e-05 2.7025644640517e-06 0.9999999998524824
  outer loop
    vertex -4748.424824485796 308.40158757380976 4161.708025339169
    vertex -4793.966987778416 128.6292389299381 4161.706909712378
    vertex -4792.176084139143 129.19390867839982 4161.706940508545
  endloop
endfacet
facet normal -1.696263986910369e-05 2.7025644640517e-06 0.9999999998524824
  outer loop
    vertex -4748.424824485796 308.40158757380976 4161.708025339169
    vertex -4792.176084139143 129.19390867839982 4161.706940508545
    vertex -4790.3427812175805 129.6003421511195 4161.706972474439
  endloop
endfacet
facet normal -1.696263986910369e-05 2.7025644640517e-06 0.9999999998524824
  outer loop
    vertex -4748.424824485796 308.40158757380976 4161.708025339169
    vertex -4790.3427812175805 129.6003421511195 4161.706972474439
    vertex -4788.481031555936 129.84544614395796 4161.707005366779
  endloop
endfacet
facet normal -1.696263986910369e-05 2.7025644640517e-06 0.9999999998524824
  outer loop
    vertex -4748.424824485796 308.40158757380976 4161.708025339169
    vertex -4788.481031555936 129.84544614395796 4161.707005366779
    vertex -4786.6050041932895 129.92735526753512 4161.707038935233
  endloop
endfacet
facet normal -1.696263986910369e-05 2.7025644640517e-06 0.9999999998524824
  outer loop
    vertex -4748.424824485796 308.40158757380976 4161.708025339169
    vertex -4786.6050041932895 129.92735526753512 4161.707038935233
    vertex -4784.728976830648 129.84544614395867 4161.707072924328
  endloop
endfacet
facet normal -1.696263986910369e-05 2.7025644640517e-06 0.9999999998524824
  outer loop
    vertex -4748.424824485796 308.40158757380976 4161.708025339169
    vertex -4784.728976830648 129.84544614395867 4161.707072924328
    vertex -4782.867227169019 129.60034215111875 4161.7071070753855
  endloop
endfacet
facet normal -1.696263986910369e-05 2.7025644640517e-06 0.9999999998524824
  outer loop
    vertex -4748.424824485796 308.40158757380976 4161.708025339169
    vertex -4782.867227169019 129.60034215111875 4161.7071070753855
    vertex -4781.033924247481 129.19390867840002 4161.707141128494
  endloop
endfacet
facet normal -1.696263986910369e-05 2.7025644640517e-06 0.9999999998524824
  outer loop
    vertex -4748.424824485796 308.40158757380976 4161.708025339169
    vertex -4781.033924247481 129.19390867840002 4161.707141128494
    vertex -4779.2430206082445 128.62923892993774 4161.707174824489
  endloop
endfacet
facet normal -1.696263986910369e-05 2.7025644640517e-06 0.9999999998524824
  outer loop
    vertex -4748.424824485796 308.40158757380976 4161.708025339169
    vertex -4779.2430206082445 128.62923892993774 4161.707174824489
    vertex -4777.508146109386 127.91063038347791 4161.707207906923
  endloop
endfacet
facet normal -1.696263986910369e-05 2.7025644640517e-06 0.9999999998524824
  outer loop
    vertex -4748.424824485796 308.40158757380976 4161.708025339169
    vertex -4777.508146109386 127.91063038347791 4161.707207906923
    vertex -4775.842504193382 127.04355208396606 4161.707240124023
  endloop
endfacet
facet normal -1.696263986910369e-05 2.7025644640517e-06 0.9999999998524824
  outer loop
    vertex -4748.424824485796 308.40158757380976 4161.708025339169
    vertex -4775.842504193382 127.04355208396606 4161.707240124023
    vertex -4774.258771400961 126.0346030208175 4161.707271230591
  endloop
endfacet
facet normal -1.696263986910369e-05 2.7025644640517e-06 0.9999999998524824
  outer loop
    vertex -4748.424824485796 308.40158757380976 4161.708025339169
    vertex -4774.258771400961 126.0346030208175 4161.707271230591
    vertex -4772.769000894948 124.89146190561985 4161.707300989892
  endloop
endfacet
facet normal -1.696263986910369e-05 2.7025644640517e-06 0.9999999998524824
  outer loop
    vertex -4748.424824485796 308.40158757380976 4161.708025339169
    vertex -4772.769000894948 124.89146190561985 4161.707300989892
    vertex -4771.384530728448 123.6228287325087 4161.707329175437
  endloop
endfacet
facet normal -1.696263986910369e-05 2.7025644640517e-06 0.9999999998524824
  outer loop
    vertex -4748.424824485796 308.40158757380976 4161.708025339169
    vertex -4771.384530728448 123.6228287325087 4161.707329175437
    vertex -4770.115897555397 122.23835856595689 4161.70735557272
  endloop
endfacet
facet normal -1.696263986910369e-05 2.7025644640517e-06 0.9999999998524824
  outer loop
    vertex -4748.424824485796 308.40158757380976 4161.708025339169
    vertex -4770.115897555397 122.23835856595689 4161.70735557272
    vertex -4768.97275644026 120.74858805989552 4161.7073799808395
  endloop
endfacet
facet normal -1.696263986910369e-05 2.7025644640517e-06 0.9999999998524824
  outer loop
    vertex -4748.424824485796 308.40158757380976 4161.708025339169
    vertex -4768.97275644026 120.74858805989552 4161.7073799808395
    vertex -4767.963807377172 119.16485526742261 4161.707402214035
  endloop
endfacet
facet normal -1.696263986910369e-05 2.7025644640517e-06 0.9999999998524824
  outer loop
    vertex -4748.424824485796 308.40158757380976 4161.708025339169
    vertex -4767.963807377172 119.16485526742261 4161.707402214035
    vertex -4767.096729077722 117.49921335137361 4161.707422103099
  endloop
endfacet
facet normal -1.696263986910369e-05 2.7025644640517e-06 0.9999999998524824
  outer loop
    vertex -4748.424824485796 308.40158757380976 4161.708025339169
    vertex -4767.096729077722 117.49921335137361 4161.707422103099
    vertex -4766.378120531321 115.7643388524734 4161.707439496662
  endloop
endfacet
facet normal -1.696263986910369e-05 2.7025644640517e-06 0.9999999998524824
  outer loop
    vertex -4748.424824485796 308.40158757380976 4161.708025339169
    vertex -4766.378120531321 115.7643388524734 4161.707439496662
    vertex -4765.813450782922 113.9734352132014 4161.707454262351
  endloop
endfacet
facet normal -1.696263986910369e-05 2.7025644640517e-06 0.9999999998524824
  outer loop
    vertex -4748.424824485796 308.40158757380976 4161.708025339169
    vertex -4765.813450782922 113.9734352132014 4161.707454262351
    vertex -4765.407017310267 112.14013229163089 4161.707466287789
  endloop
endfacet
facet normal -1.696263986910369e-05 2.7025644640517e-06 0.9999999998524824
  outer loop
    vertex -4748.424824485796 308.40158757380976 4161.708025339169
    vertex -4765.407017310267 112.14013229163089 4161.707466287789
    vertex -4765.161913317489 110.27838262997356 4161.707475481457
  endloop
endfacet
facet normal -1.696263986910369e-05 2.7025644640517e-06 0.9999999998524824
  outer loop
    vertex -4748.424824485796 308.40158757380976 4161.708025339169
    vertex -4765.161913317489 110.27838262997356 4161.707475481457
    vertex -4765.080004193974 108.40235526731189 4161.707481773383
  endloop
endfacet
facet normal -0.02536882797955483 -0.9996781594928158 7.891801129611943e-20
  outer loop
    vertex -5131.891413865768 -91.48676777405218 4161.708702369788
    vertex -5131.891413865768 -91.48676777405218 3929.5379669061863
    vertex -5127.902976669285 -91.5879823261399 3929.53816568754
  endloop
endfacet
facet normal -0.028730429177786915 -0.9995871943456317 -5.7788307022619625e-05
  outer loop
    vertex -5127.924784703999 -91.60077780773268 4161.708901150425
    vertex -5131.891413865768 -91.48676777405218 4161.708702369788
    vertex -5127.902976669285 -91.5879823261399 3929.53816568754
  endloop
endfacet
facet normal 0.002060741540926161 2.5458453957796285e-06 0.9999978766666558
  outer loop
    vertex -5157.810747087065 -65.56761479083336 4161.708932441949
    vertex -5157.924784702092 278.40179618996933 4161.708291633244
    vertex -5157.924784702092 -61.60098642389224 4161.709167444498
  endloop
endfacet
facet normal 0.002060741540926161 2.5458453957796285e-06 0.9999978766666558
  outer loop
    vertex -5157.924784702092 278.40179618996933 4161.708291633244
    vertex -5157.810747087065 -65.56761479083336 4161.708932441949
    vertex -5157.810747087065 282.36842455691044 4161.708056630694
  endloop
endfacet
facet normal 1.6465511953630604e-05 5.550635938025643e-07 0.9999999998642894
  outer loop
    vertex -5157.153799424721 -69.48112535831238 4161.708728820285
    vertex -5157.810747087065 282.36842455691044 4161.708056630694
    vertex -5157.810747087065 -65.56761479083336 4161.708932441949
  endloop
endfacet
facet normal 1.6465511953630604e-05 5.550635938025643e-07 0.9999999998642894
  outer loop
    vertex -5157.810747087065 282.36842455691044 4161.708056630694
    vertex -5157.153799424721 -69.48112535831238 4161.708728820285
    vertex -5157.153799424721 286.28193512438963 4161.707853009028
  endloop
endfacet
facet normal 1.6465511953630604e-05 5.550635938025643e-07 0.9999999998642894
  outer loop
    vertex -5157.153799424721 286.28193512438963 4161.707853009028
    vertex -5157.153799424721 -69.48112535831238 4161.708728820285
    vertex -5155.9663560140525 -73.2675647612863 4161.70856042733
  endloop
endfacet
facet normal 1.6465511953630604e-05 5.550635938025643e-07 0.9999999998642894
  outer loop
    vertex -5157.153799424721 286.28193512438963 4161.707853009028
    vertex -5155.9663560140525 -73.2675647612863 4161.70856042733
    vertex -5155.9663560140525 290.0683745273636 4161.707684616076
  endloop
endfacet
facet normal 1.6465511953630604e-05 5.550635938025643e-07 0.9999999998642894
  outer loop
    vertex -5155.9663560140525 290.0683745273636 4161.707684616076
    vertex -5155.9663560140525 -73.2675647612863 4161.70856042733
    vertex -5154.27085589911 -76.85538089058063 4161.708430445199
  endloop
endfacet
facet normal 1.6465511953630604e-05 5.550635938025643e-07 0.9999999998642894
  outer loop
    vertex -5155.9663560140525 290.0683745273636 4161.707684616076
    vertex -5154.27085589911 -76.85538089058063 4161.708430445199
    vertex -5154.27085589911 293.6561906566577 4161.707554633945
  endloop
endfacet
facet normal 1.6465511953630604e-05 5.550635938025643e-07 0.9999999998642894
  outer loop
    vertex -5154.27085589911 293.6561906566577 4161.707554633945
    vertex -5154.27085589911 -76.85538089058063 4161.708430445199
    vertex -5152.099338839788 -80.17677500863147 4161.708341330154
  endloop
endfacet
facet normal 1.6465511953630604e-05 5.550635938025643e-07 0.9999999998642894
  outer loop
    vertex -5154.27085589911 293.6561906566577 4161.707554633945
    vertex -5152.099338839788 -80.17677500863147 4161.708341330154
    vertex -5152.099338839788 296.97758477470876 4161.707465518899
  endloop
endfacet
facet normal 1.6465511953630604e-05 5.550635938025643e-07 0.9999999998642894
  outer loop
    vertex -5152.099338839788 296.97758477470876 4161.707465518899
    vertex -5152.099338839788 -80.17677500863147 4161.708341330154
    vertex -5149.492839858484 -83.16898293800136 4161.7082947661975
  endloop
endfacet
facet normal 1.6465511953630604e-05 5.550635938025643e-07 0.9999999998642894
  outer loop
    vertex -5152.099338839788 296.97758477470876 4161.707465518899
    vertex -5149.492839858484 -83.16898293800136 4161.7082947661975
    vertex -5149.492839858484 299.9697927040785 4161.707418954942
  endloop
endfacet
facet normal 1.6465511953630604e-05 5.550635938025643e-07 0.9999999998642894
  outer loop
    vertex -5149.492839858484 299.9697927040785 4161.707418954942
    vertex -5149.492839858484 -83.16898293800136 4161.7082947661975
    vertex -5146.500613803837 -85.77546111212209 4161.708291633244
  endloop
endfacet
facet normal 1.6465511953630604e-05 5.550635938025643e-07 0.9999999998642894
  outer loop
    vertex -5149.492839858484 299.9697927040785 4161.707418954942
    vertex -5146.500613803837 -85.77546111212209 4161.708291633244
    vertex -5146.500613803837 302.5762708781992 4161.707415821989
  endloop
endfacet
facet normal 1.6465511953630604e-05 5.550635938025643e-07 0.9999999998642894
  outer loop
    vertex -5146.500613803837 302.5762708781992 4161.707415821989
    vertex -5146.500613803837 -85.77546111212209 4161.708291633244
    vertex -5143.179204584925 -87.94695507554718 4161.708331990499
  endloop
endfacet
facet normal 1.6465511953630604e-05 5.550635938025643e-07 0.9999999998642894
  outer loop
    vertex -5146.500613803837 302.5762708781992 4161.707415821989
    vertex -5143.179204584925 -87.94695507554718 4161.708331990499
    vertex -5143.179204584925 304.7477648416243 4161.707456179242
  endloop
endfacet
facet normal 1.6465511953630604e-05 5.550635938025643e-07 0.9999999998642894
  outer loop
    vertex -5143.179204584925 304.7477648416243 4161.707456179242
    vertex -5143.179204584925 -87.94695507554718 4161.708331990499
    vertex -5139.591376664548 -89.64243024232188 4161.708415075332
  endloop
endfacet
facet normal 1.6465511953630604e-05 5.550635938025643e-07 0.9999999998642894
  outer loop
    vertex -5143.179204584925 304.7477648416243 4161.707456179242
    vertex -5139.591376664548 -89.64243024232188 4161.708415075332
    vertex -5139.591376664548 306.44324000839896 4161.707539264075
  endloop
endfacet
facet normal 1.6465511953630604e-05 5.550635938025643e-07 0.9999999998642894
  outer loop
    vertex -5139.591376664548 306.44324000839896 4161.707539264075
    vertex -5139.591376664548 -89.64243024232188 4161.708415075332
    vertex -5135.804929003084 -90.82984732399449 4161.708539317695
  endloop
endfacet
facet normal 1.6465511953630604e-05 5.550635938025643e-07 0.9999999998642894
  outer loop
    vertex -5139.591376664548 306.44324000839896 4161.707539264075
    vertex -5135.804929003084 -90.82984732399449 4161.708539317695
    vertex -5135.804929003084 307.6306570900718 4161.7076635064395
  endloop
endfacet
facet normal 1.6465511953630604e-05 5.550635938025643e-07 0.9999999998642894
  outer loop
    vertex -5135.804929003084 307.6306570900718 4161.7076635064395
    vertex -5135.804929003084 -90.82984732399449 4161.708539317695
    vertex -5131.891413865768 -91.48676777405218 4161.708702369788
  endloop
endfacet
facet normal 1.6465511953630604e-05 5.550635938025643e-07 0.9999999998642894
  outer loop
    vertex -5135.804929003084 307.6306570900718 4161.7076635064395
    vertex -5131.891413865768 -91.48676777405218 4161.708702369788
    vertex -5131.891413865768 308.2875775401293 4161.707826558532
  endloop
endfacet
facet normal 1.6465511953630604e-05 5.550635938025643e-07 0.9999999998642894
  outer loop
    vertex -5131.891413865768 308.2875775401293 4161.707826558532
    vertex -5131.891413865768 -91.48676777405218 4161.708702369788
    vertex -5127.924784703999 -91.60077780773268 4161.708901150425
  endloop
endfacet
facet normal 1.6465511953630604e-05 5.550635938025643e-07 0.9999999998642894
  outer loop
    vertex -5131.891413865768 308.2875775401293 4161.707826558532
    vertex -5127.924784703999 -91.60077780773268 4161.708901150425
    vertex -5127.924784703999 308.40158757380976 4161.708025339169
  endloop
endfacet
facet normal 1.6465511953630604e-05 5.550635938025643e-07 0.9999999998642894
  outer loop
    vertex -5127.924784703999 308.40158757380976 4161.708025339169
    vertex -5127.924784703999 -91.60077780773268 4161.708901150425
    vertex -5083.713016339025 104.66457825520945 4161.70705213906
  endloop
endfacet
facet normal 1.6465511953630604e-05 5.550635938025643e-07 0.9999999998642894
  outer loop
    vertex -5083.713016339025 104.66457825520945 4161.70705213906
    vertex -5127.924784703999 -91.60077780773268 4161.708901150425
    vertex -5083.3065828663675 102.83127533363965 4161.707048137849
  endloop
endfacet
facet normal 1.6465511953630604e-05 5.550635938025643e-07 0.9999999998642894
  outer loop
    vertex -5083.3065828663675 102.83127533363965 4161.707048137849
    vertex -5127.924784703999 -91.60077780773268 4161.708901150425
    vertex -5022.239100447921 -91.59763438785664 4161.7044335574665
  endloop
endfacet
facet normal 1.6465511953630604e-05 5.550635938025643e-07 0.9999999998642894
  outer loop
    vertex -5127.924784703999 308.40158757380976 4161.708025339169
    vertex -5083.713016339025 104.66457825520945 4161.70705213906
    vertex -5083.958120330002 106.52632791214096 4161.707053265484
  endloop
endfacet
facet normal 1.6465511953630604e-05 5.550635938025643e-07 0.9999999998642894
  outer loop
    vertex -5127.924784703999 308.40158757380976 4161.708025339169
    vertex -5083.958120330002 106.52632791214096 4161.707053265484
    vertex -5084.040029452564 108.40235526983841 4161.7070515085525
  endloop
endfacet
facet normal 1.6465511953630604e-05 5.550635938025643e-07 0.9999999998642894
  outer loop
    vertex -5083.3065828663675 102.83127533363965 4161.707048137849
    vertex -5022.239100447921 -91.59763438785664 4161.7044335574665
    vertex -5082.7419131238685 101.04037170253355 4161.707041292304
  endloop
endfacet
facet normal 1.6465511953630604e-05 5.550635938025643e-07 0.9999999998642894
  outer loop
    vertex -5082.7419131238685 101.04037170253355 4161.707041292304
    vertex -5022.239100447921 -91.59763438785664 4161.7044335574665
    vertex -5082.023304577472 99.305497203633 4161.707031654523
  endloop
endfacet
facet normal 1.6465511953630604e-05 5.550635938025643e-07 0.9999999998642894
  outer loop
    vertex -5082.023304577472 99.305497203633 4161.707031654523
    vertex -5022.239100447921 -91.59763438785664 4161.7044335574665
    vertex -5081.156226286357 97.63985529323746 4161.707019297856
  endloop
endfacet
facet normal 1.6465511953630604e-05 5.550635938025643e-07 0.9999999998642894
  outer loop
    vertex -5081.156226286357 97.63985529323746 4161.707019297856
    vertex -5022.239100447921 -91.59763438785664 4161.7044335574665
    vertex -5080.147277228046 96.05612250242295 4161.707004316345
  endloop
endfacet
facet normal 1.6465511953630604e-05 5.550635938025643e-07 0.9999999998642894
  outer loop
    vertex -5080.147277228046 96.05612250242295 4161.707004316345
    vertex -5022.239100447921 -91.59763438785664 4161.7044335574665
    vertex -5079.004136112909 94.56635199636159 4161.70698682401
  endloop
endfacet
facet normal 1.6465511953630604e-05 5.550635938025643e-07 0.9999999998642894
  outer loop
    vertex -5079.004136112909 94.56635199636159 4161.70698682401
    vertex -5022.239100447921 -91.59763438785664 4161.7044335574665
    vertex -5077.735502949907 93.181881830538 4161.706966953975
  endloop
endfacet
facet normal 1.6465511953630604e-05 5.550635938025643e-07 0.9999999998642894
  outer loop
    vertex -5077.735502949907 93.181881830538 4161.706966953975
    vertex -5022.239100447921 -91.59763438785664 4161.7044335574665
    vertex -5076.351032783407 91.91324865742993 4161.706944857463
  endloop
endfacet
facet normal 1.6465511953630604e-05 5.550635938025643e-07 0.9999999998642894
  outer loop
    vertex -5076.351032783407 91.91324865742993 4161.706944857463
    vertex -5022.239100447921 -91.59763438785664 4161.7044335574665
    vertex -5074.86126228709 90.77010753948035 4161.706920702646
  endloop
endfacet
facet normal 1.6465511953630604e-05 5.550635938025643e-07 0.9999999998642894
  outer loop
    vertex -5074.86126228709 90.77010753948035 4161.706920702646
    vertex -5022.239100447921 -91.59763438785664 4161.7044335574665
    vertex -5073.27752949901 89.7611584737383 4161.706894673352
  endloop
endfacet
facet normal 1.6465511953630604e-05 5.550635938025643e-07 0.9999999998642894
  outer loop
    vertex -5073.27752949901 89.7611584737383 4161.706894673352
    vertex -5022.239100447921 -91.59763438785664 4161.7044335574665
    vertex -5071.611887586827 88.89408017091759 4161.706866967683
  endloop
endfacet
facet normal 1.6465511953630604e-05 5.550635938025643e-07 0.9999999998642894
  outer loop
    vertex -5071.611887586827 88.89408017091759 4161.706866967683
    vertex -5022.239100447921 -91.59763438785664 4161.7044335574665
    vertex -5069.8770130879675 88.17547162445739 4161.706837796494
  endloop
endfacet
facet normal 1.6465511953630604e-05 5.550635938025643e-07 0.9999999998642894
  outer loop
    vertex -5069.8770130879675 88.17547162445739 4161.706837796494
    vertex -5022.239100447921 -91.59763438785664 4161.7044335574665
    vertex -5068.086109451921 87.61080187207389 4161.706807381794
  endloop
endfacet
facet normal 1.6465511953630604e-05 5.550635938025643e-07 0.9999999998642894
  outer loop
    vertex -5068.086109451921 87.61080187207389 4161.706807381794
    vertex -5022.239100447921 -91.59763438785664 4161.7044335574665
    vertex -5066.252806534506 87.2043683901614 4161.706775955062
  endloop
endfacet
facet normal 1.6465511953630604e-05 5.550635938025643e-07 0.9999999998642894
  outer loop
    vertex -5066.252806534506 87.2043683901614 4161.706775955062
    vertex -5022.239100447921 -91.59763438785664 4161.7044335574665
    vertex -5064.391056872877 86.95926439732149 4161.70674375547
  endloop
endfacet
facet normal 1.6465511953630604e-05 5.550635938025643e-07 0.9999999998642894
  outer loop
    vertex -5064.391056872877 86.95926439732149 4161.70674375547
    vertex -5022.239100447921 -91.59763438785664 4161.7044335574665
    vertex -5062.515029510963 86.8773552636982 4161.706711028075
  endloop
endfacet
facet normal 1.6465511953630604e-05 5.550635938025643e-07 0.9999999998642894
  outer loop
    vertex -5062.515029510963 86.8773552636982 4161.706711028075
    vertex -5022.239100447921 -91.59763438785664 4161.7044335574665
    vertex -5060.639002148316 86.95926438727393 4161.706678021958
  endloop
endfacet
facet normal 1.6465511953630604e-05 5.550635938025643e-07 0.9999999998642894
  outer loop
    vertex -5060.639002148316 86.95926438727393 4161.706678021958
    vertex -5022.239100447921 -91.59763438785664 4161.7044335574665
    vertex -5058.777252483921 87.20436837042183 4161.706644988311
  endloop
endfacet
facet normal 1.6465511953630604e-05 5.550635938025643e-07 0.9999999998642894
  outer loop
    vertex -5058.777252483921 87.20436837042183 4161.706644988311
    vertex -5022.239100447921 -91.59763438785664 4161.7044335574665
    vertex -5056.943949559763 87.61080183880027 4161.706612178544
  endloop
endfacet
facet normal 1.6465511953630604e-05 5.550635938025643e-07 0.9999999998642894
  outer loop
    vertex -5056.943949559763 87.61080183880027 4161.706612178544
    vertex -5022.239100447921 -91.59763438785664 4161.7044335574665
    vertex -5055.1530459204905 88.1754715872627 4161.706579842355
  endloop
endfacet
facet normal 1.6465511953630604e-05 5.550635938025643e-07 0.9999999998642894
  outer loop
    vertex -5055.1530459204905 88.1754715872627 4161.706579842355
    vertex -5022.239100447921 -91.59763438785664 4161.7044335574665
    vertex -5053.418171418278 88.89408012989895 4161.706548225842
  endloop
endfacet
facet normal 1.6465511953630604e-05 5.550635938025643e-07 0.9999999998642894
  outer loop
    vertex -5053.418171418278 88.89408012989895 4161.706548225842
    vertex -5022.239100447921 -91.59763438785664 4161.7044335574665
    vertex -5051.752529493883 89.76115842375569 4161.70651756963
  endloop
endfacet
facet normal 1.6465511953630604e-05 5.550635938025643e-07 0.9999999998642894
  outer loop
    vertex -5051.752529493883 89.76115842375569 4161.70651756963
    vertex -5022.239100447921 -91.59763438785664 4161.7044335574665
    vertex -5050.168796701395 90.7701074869057 4161.706488107026
  endloop
endfacet
facet normal 1.6465511953630604e-05 5.550635938025643e-07 0.9999999998642894
  outer loop
    vertex -5050.168796701395 90.7701074869057 4161.706488107026
    vertex -5022.239100447921 -91.59763438785664 4161.7044335574665
    vertex -5048.679026190534 91.91324860044224 4161.706460062263
  endloop
endfacet
facet normal 1.6465511953630604e-05 5.550635938025643e-07 0.9999999998642894
  outer loop
    vertex -5048.679026190534 91.91324860044224 4161.706460062263
    vertex -5022.239100447921 -91.59763438785664 4161.7044335574665
    vertex -5047.294556018965 93.18188177274756 4161.706433648775
  endloop
endfacet
facet normal 1.6465511953630604e-05 5.550635938025643e-07 0.9999999998642894
  outer loop
    vertex -5047.294556018965 93.18188177274756 4161.706433648775
    vertex -5022.239100447921 -91.59763438785664 4161.7044335574665
    vertex -5046.025922835803 94.56635194032917 4161.706409067586
  endloop
endfacet
facet normal 1.6465511953630604e-05 5.550635938025643e-07 0.9999999998642894
  outer loop
    vertex -5046.025922835803 94.56635194032917 4161.706409067586
    vertex -5022.239100447921 -91.59763438785664 4161.7044335574665
    vertex -5044.882781720571 96.05612244638982 4161.7063865057735
  endloop
endfacet
facet normal 1.6465511953630604e-05 5.550635938025643e-07 0.9999999998642894
  outer loop
    vertex -5044.882781720571 96.05612244638982 4161.7063865057735
    vertex -5022.239100447921 -91.59763438785664 4161.7044335574665
    vertex -5043.873832648314 97.639855243257 4161.706366135047
  endloop
endfacet
facet normal 1.6465511953630604e-05 5.550635938025643e-07 0.9999999998642894
  outer loop
    vertex -5043.873832648314 97.639855243257 4161.706366135047
    vertex -5022.239100447921 -91.59763438785664 4161.7044335574665
    vertex -5043.006754348758 99.30549715930546 4161.70634811044
  endloop
endfacet
facet normal 1.6465511953630604e-05 5.550635938025643e-07 0.9999999998642894
  outer loop
    vertex -5043.006754348758 99.30549715930546 4161.70634811044
    vertex -5022.239100447921 -91.59763438785664 4161.7044335574665
    vertex -5042.2881457952335 101.04037166543525 4161.706332569131
  endloop
endfacet
facet normal 1.6465511953630604e-05 5.550635938025643e-07 0.9999999998642894
  outer loop
    vertex -5042.2881457952335 101.04037166543525 4161.706332569131
    vertex -5022.239100447921 -91.59763438785664 4161.7044335574665
    vertex -5041.723476046721 102.83127530470654 4161.7063196293975
  endloop
endfacet
facet normal 1.6465511953630604e-05 5.550635938025643e-07 0.9999999998642894
  outer loop
    vertex -5041.723476046721 102.83127530470654 4161.7063196293975
    vertex -5022.239100447921 -91.59763438785664 4161.7044335574665
    vertex -5041.317042571485 104.66457823069406 4161.706309389719
  endloop
endfacet
facet normal 1.6465511953630604e-05 5.550635938025643e-07 0.9999999998642894
  outer loop
    vertex -5041.317042571485 104.66457823069406 4161.706309389719
    vertex -5022.239100447921 -91.59763438785664 4161.7044335574665
    vertex -5041.071938576128 106.52632790211939 4161.706301928025
  endloop
endfacet
facet normal 1.6465511953630604e-05 5.550635938025643e-07 0.9999999998642894
  outer loop
    vertex -5041.071938576128 106.52632790211939 4161.706301928025
    vertex -5022.239100447921 -91.59763438785664 4161.7044335574665
    vertex -5040.990029452493 108.4023552647825 4161.706297301106
  endloop
endfacet
facet normal 1.6465511953630604e-05 5.550635938025643e-07 0.9999999998642894
  outer loop
    vertex -5040.990029452493 108.4023552647825 4161.706297301106
    vertex -5022.239100447921 -91.59763438785664 4161.7044335574665
    vertex -5022.2392224437035 308.40085264993945 4161.70708722453
  endloop
endfacet
facet normal 1.6465511953630604e-05 5.550635938025643e-07 0.9999999998642894
  outer loop
    vertex -5022.2392224437035 308.40085264993945 4161.70708722453
    vertex -5022.239100447921 -91.59763438785664 4161.7044335574665
    vertex -4994.114286692117 279.4938266246516 4161.706452854266
  endloop
endfacet
facet normal 1.6465511953630604e-05 5.550635938025643e-07 0.9999999998642894
  outer loop
    vertex -4994.114286692117 279.4938266246516 4161.706452854266
    vertex -5022.239100447921 -91.59763438785664 4161.7044335574665
    vertex -4994.114205414688 -62.68988499326939 4161.704684372999
  endloop
endfacet
facet normal 1.6465511953630604e-05 5.550635938025643e-07 0.9999999998642894
  outer loop
    vertex -4994.114286692117 279.4938266246516 4161.706452854266
    vertex -4994.114205414688 -62.68988499326939 4161.704684372999
    vertex -4982.864337123295 257.1510960224037 4161.706127590533
  endloop
endfacet
facet normal 1.6465511953630604e-05 5.550635938025643e-07 0.9999999998642894
  outer loop
    vertex -4982.864337123295 257.1510960224037 4161.706127590533
    vertex -4994.114205414688 -62.68988499326939 4161.704684372999
    vertex -4982.864272118778 -40.34715437215881 4161.704713184736
  endloop
endfacet
facet normal 1.6465511953630604e-05 5.550635938025643e-07 0.9999999998642894
  outer loop
    vertex -4982.864337123295 257.1510960224037 4161.706127590533
    vertex -4982.864272118778 -40.34715437215881 4161.704713184736
    vertex -4973.86442797354 233.400862973497 4161.705828397531
  endloop
endfacet
facet normal 1.6465511953630604e-05 5.550635938025643e-07 0.9999999998642894
  outer loop
    vertex -4973.86442797354 233.400862973497 4161.705828397531
    vertex -4982.864272118778 -40.34715437215881 4161.704713184736
    vertex -4973.8643759873 -16.59692130816254 4161.704697250527
  endloop
endfacet
facet normal 1.6465511953630604e-05 5.550635938025643e-07 0.9999999998642894
  outer loop
    vertex -5127.924784703999 308.40158757380976 4161.708025339169
    vertex -5083.30658286811 113.97343519648626 4161.707029180261
    vertex -5022.2392224437035 308.40085264993945 4161.70708722453
  endloop
endfacet
facet normal 1.6465511953630604e-05 5.550635938025643e-07 0.9999999998642894
  outer loop
    vertex -5083.30658286811 113.97343519648626 4161.707029180261
    vertex -5127.924784703999 308.40158757380976 4161.708025339169
    vertex -5083.71301633842 112.14013227933204 4161.707039419939
  endloop
endfacet
facet normal 1.6465511953630604e-05 5.550635938025643e-07 0.9999999998642894
  outer loop
    vertex -5083.71301633842 112.14013227933204 4161.707039419939
    vertex -5127.924784703999 308.40158757380976 4161.708025339169
    vertex -5083.958120328855 110.2783826274438 4161.707046881632
  endloop
endfacet
facet normal 1.6465511953630604e-05 5.550635938025643e-07 0.9999999998642894
  outer loop
    vertex -5083.958120328855 110.2783826274438 4161.707046881632
    vertex -5127.924784703999 308.40158757380976 4161.708025339169
    vertex -5084.040029452564 108.40235526983841 4161.7070515085525
  endloop
endfacet
facet normal 1.6465511953630604e-05 5.550635938025643e-07 0.9999999998642894
  outer loop
    vertex -5022.2392224437035 308.40085264993945 4161.70708722453
    vertex -5083.30658286811 113.97343519648626 4161.707029180261
    vertex -5082.741913122788 115.76433883183522 4161.707016240526
  endloop
endfacet
facet normal 1.6465511953630604e-05 5.550635938025643e-07 0.9999999998642894
  outer loop
    vertex -5022.2392224437035 308.40085264993945 4161.70708722453
    vertex -5082.741913122788 115.76433883183522 4161.707016240526
    vertex -5082.02330457628 117.49921333073668 4161.707000699217
  endloop
endfacet
facet normal 1.6465511953630604e-05 5.550635938025643e-07 0.9999999998642894
  outer loop
    vertex -5022.2392224437035 308.40085264993945 4161.70708722453
    vertex -5082.02330457628 117.49921333073668 4161.707000699217
    vertex -5081.15622628489 119.16485524088658 4161.706982674611
  endloop
endfacet
facet normal 1.6465511953630604e-05 5.550635938025643e-07 0.9999999998642894
  outer loop
    vertex -5022.2392224437035 308.40085264993945 4161.70708722453
    vertex -5081.15622628489 119.16485524088658 4161.706982674611
    vertex -5080.1472772217 120.74858803335842 4161.706962303884
  endloop
endfacet
facet normal 1.6465511953630604e-05 5.550635938025643e-07 0.9999999998642894
  outer loop
    vertex -5022.2392224437035 308.40085264993945 4161.70708722453
    vertex -5080.1472772217 120.74858803335842 4161.706962303884
    vertex -5079.0041361111935 122.2383585376197 4161.706939742073
  endloop
endfacet
facet normal 1.6465511953630604e-05 5.550635938025643e-07 0.9999999998642894
  outer loop
    vertex -5022.2392224437035 308.40085264993945 4161.70708722453
    vertex -5079.0041361111935 122.2383585376197 4161.706939742073
    vertex -5077.735502948077 123.62282870314152 4161.706915160883
  endloop
endfacet
facet normal 1.6465511953630604e-05 5.550635938025643e-07 0.9999999998642894
  outer loop
    vertex -5022.2392224437035 308.40085264993945 4161.70708722453
    vertex -5077.735502948077 123.62282870314152 4161.706915160883
    vertex -5076.351032781498 124.89146187625177 4161.706888747395
  endloop
endfacet
facet normal 1.6465511953630604e-05 5.550635938025643e-07 0.9999999998642894
  outer loop
    vertex -5022.2392224437035 308.40085264993945 4161.70708722453
    vertex -5076.351032781498 124.89146187625177 4161.706888747395
    vertex -5074.861262285186 126.0346029939097 4161.706860702633
  endloop
endfacet
facet normal 1.6465511953630604e-05 5.550635938025643e-07 0.9999999998642894
  outer loop
    vertex -5022.2392224437035 308.40085264993945 4161.70708722453
    vertex -5074.861262285186 126.0346029939097 4161.706860702633
    vertex -5073.277529492698 127.04355205706042 4161.70683124003
  endloop
endfacet
facet normal 1.6465511953630604e-05 5.550635938025643e-07 0.9999999998642894
  outer loop
    vertex -5022.2392224437035 308.40085264993945 4161.70708722453
    vertex -5073.277529492698 127.04355205706042 4161.70683124003
    vertex -5071.611887584974 127.9106303622288 4161.706800583817
  endloop
endfacet
facet normal 1.6465511953630604e-05 5.550635938025643e-07 0.9999999998642894
  outer loop
    vertex -5022.2392224437035 308.40085264993945 4161.70708722453
    vertex -5071.611887584974 127.9106303622288 4161.706800583817
    vertex -5069.8770130860685 128.62923890868865 4161.706768967306
  endloop
endfacet
facet normal 1.6465511953630604e-05 5.550635938025643e-07 0.9999999998642894
  outer loop
    vertex -5022.2392224437035 308.40085264993945 4161.70708722453
    vertex -5069.8770130860685 128.62923890868865 4161.706768967306
    vertex -5068.086109452697 129.19390866531484 4161.706736631116
  endloop
endfacet
facet normal 1.6465511953630604e-05 5.550635938025643e-07 0.9999999998642894
  outer loop
    vertex -5022.2392224437035 308.40085264993945 4161.70708722453
    vertex -5068.086109452697 129.19390866531484 4161.706736631116
    vertex -5066.252806532934 129.60034214276047 4161.706703821348
  endloop
endfacet
facet normal 1.6465511953630604e-05 5.550635938025643e-07 0.9999999998642894
  outer loop
    vertex -5022.2392224437035 308.40085264993945 4161.70708722453
    vertex -5066.252806532934 129.60034214276047 4161.706703821348
    vertex -5064.391056871288 129.84544613559893 4161.706670787702
  endloop
endfacet
facet normal 1.6465511953630604e-05 5.550635938025643e-07 0.9999999998642894
  outer loop
    vertex -5022.2392224437035 308.40085264993945 4161.70708722453
    vertex -5064.391056871288 129.84544613559893 4161.706670787702
    vertex -5062.51502950967 129.92735526919805 4161.7066377815845
  endloop
endfacet
facet normal 1.6465511953630604e-05 5.550635938025643e-07 0.9999999998642894
  outer loop
    vertex -5022.2392224437035 308.40085264993945 4161.70708722453
    vertex -5062.51502950967 129.92735526919805 4161.7066377815845
    vertex -5060.639002147031 129.8454461456218 4161.706605054192
  endloop
endfacet
facet normal 1.6465511953630604e-05 5.550635938025643e-07 0.9999999998642894
  outer loop
    vertex -5022.2392224437035 308.40085264993945 4161.70708722453
    vertex -5060.639002147031 129.8454461456218 4161.706605054192
    vertex -5058.777252482939 129.60034216255042 4161.706572854599
  endloop
endfacet
facet normal 1.6465511953630604e-05 5.550635938025643e-07 0.9999999998642894
  outer loop
    vertex -5022.2392224437035 308.40085264993945 4161.70708722453
    vertex -5058.777252482939 129.60034216255042 4161.706572854599
    vertex -5056.943949561401 129.1939086898313 4161.706541427865
  endloop
endfacet
facet normal 1.6465511953630604e-05 5.550635938025643e-07 0.9999999998642894
  outer loop
    vertex -5022.2392224437035 308.40085264993945 4161.70708722453
    vertex -5056.943949561401 129.1939086898313 4161.706541427865
    vertex -5055.1530459197 128.6292389457859 4161.706511013165
  endloop
endfacet
facet normal 1.6465511953630604e-05 5.550635938025643e-07 0.9999999998642894
  outer loop
    vertex -5022.2392224437035 308.40085264993945 4161.70708722453
    vertex -5055.1530459197 128.6292389457859 4161.706511013165
    vertex -5053.418171413826 127.91063040655669 4161.706481841977
  endloop
endfacet
facet normal 1.6465511953630604e-05 5.550635938025643e-07 0.9999999998642894
  outer loop
    vertex -5022.2392224437035 308.40085264993945 4161.70708722453
    vertex -5053.418171413826 127.91063040655669 4161.706481841977
    vertex -5051.752529497821 127.04355210704414 4161.706454136308
  endloop
endfacet
facet normal 1.6465511953630604e-05 5.550635938025643e-07 0.9999999998642894
  outer loop
    vertex -5022.2392224437035 308.40085264993945 4161.70708722453
    vertex -5051.752529497821 127.04355210704414 4161.706454136308
    vertex -5050.1687966963345 126.03460304828911 4161.706428107013
  endloop
endfacet
facet normal 1.6465511953630604e-05 5.550635938025643e-07 0.9999999998642894
  outer loop
    vertex -5022.2392224437035 308.40085264993945 4161.70708722453
    vertex -5050.1687966963345 126.03460304828911 4161.706428107013
    vertex -5048.6790261853575 124.89146193404366 4161.706403952194
  endloop
endfacet
facet normal 1.6465511953630604e-05 5.550635938025643e-07 0.9999999998642894
  outer loop
    vertex -5022.2392224437035 308.40085264993945 4161.70708722453
    vertex -5048.6790261853575 124.89146193404366 4161.706403952194
    vertex -5047.294556018858 123.62282876093342 4161.7063818556835
  endloop
endfacet
facet normal 1.6465511953630604e-05 5.550635938025643e-07 0.9999999998642894
  outer loop
    vertex -5022.2392224437035 308.40085264993945 4161.70708722453
    vertex -5047.294556018858 123.62282876093342 4161.7063818556835
    vertex -5046.025922835759 122.23835859365194 4161.706361985649
  endloop
endfacet
facet normal 1.6465511953630604e-05 5.550635938025643e-07 0.9999999998642894
  outer loop
    vertex -5022.2392224437035 308.40085264993945 4161.70708722453
    vertex -5046.025922835759 122.23835859365194 4161.706361985649
    vertex -5044.882781715845 120.74858808593216 4161.706344493311
  endloop
endfacet
facet normal 1.6465511953630604e-05 5.550635938025643e-07 0.9999999998642894
  outer loop
    vertex -5022.2392224437035 308.40085264993945 4161.70708722453
    vertex -5044.882781715845 120.74858808593216 4161.706344493311
    vertex -5043.8738326527555 119.16485529345924 4161.706329511801
  endloop
endfacet
facet normal 1.6465511953630604e-05 5.550635938025643e-07 0.9999999998642894
  outer loop
    vertex -5022.2392224437035 308.40085264993945 4161.70708722453
    vertex -5043.8738326527555 119.16485529345924 4161.706329511801
    vertex -5043.0067543488885 117.49921337494834 4161.706317155135
  endloop
endfacet
facet normal 1.6465511953630604e-05 5.550635938025643e-07 0.9999999998642894
  outer loop
    vertex -5022.2392224437035 308.40085264993945 4161.70708722453
    vertex -5043.0067543488885 117.49921337494834 4161.706317155135
    vertex -5042.2881457985695 115.76433887285549 4161.706307517355
  endloop
endfacet
facet normal 1.6465511953630604e-05 5.550635938025643e-07 0.9999999998642894
  outer loop
    vertex -5022.2392224437035 308.40085264993945 4161.70708722453
    vertex -5042.2881457985695 115.76433887285549 4161.706307517355
    vertex -5041.72347604427 113.97343522541867 4161.70630067181
  endloop
endfacet
facet normal 1.6465511953630604e-05 5.550635938025643e-07 0.9999999998642894
  outer loop
    vertex -5022.2392224437035 308.40085264993945 4161.70708722453
    vertex -5041.72347604427 113.97343522541867 4161.70630067181
    vertex -5041.317042571613 112.14013230384815 4161.706296670598
  endloop
endfacet
facet normal 1.6465511953630604e-05 5.550635938025643e-07 0.9999999998642894
  outer loop
    vertex -5022.2392224437035 308.40085264993945 4161.70708722453
    vertex -5041.317042571613 112.14013230384815 4161.706296670598
    vertex -5041.071938576082 110.27838263249988 4161.706295544172
  endloop
endfacet
facet normal 1.6465511953630604e-05 5.550635938025643e-07 0.9999999998642894
  outer loop
    vertex -5022.2392224437035 308.40085264993945 4161.70708722453
    vertex -5041.071938576082 110.27838263249988 4161.706295544172
    vertex -5040.990029452493 108.4023552647825 4161.706297301106
  endloop
endfacet
facet normal -0.000409393348031568 0.9999980953336927 -0.00190833070346524
  outer loop
    vertex -4959.762661498035 308.40191218109226 4080.59984192967
    vertex -4952.576369567362 308.4019659343249 4079.0863374946584
    vertex -4748.443104779979 308.38209244483613 4024.879667673606
  endloop
endfacet
facet normal 4.4697637458248014e-05 0.9999999989501138 1.0094235598936348e-05
  outer loop
    vertex -5127.924784703999 308.40158757380976 4161.708025339169
    vertex -5112.9248045948725 308.4017904204629 3981.3484774723847
    vertex -5127.922933847084 308.40333034823556 3929.538746620797
  endloop
endfacet
facet normal 4.4697637458248014e-05 0.9999999989501138 1.0094235598936348e-05
  outer loop
    vertex -5112.9248045948725 308.4017904204629 3981.3484774723847
    vertex -5127.924784703999 308.40158757380976 4161.708025339169
    vertex -5112.9248045948725 308.40179042064915 4024.8762023829486
  endloop
endfacet
facet normal 4.4697637458248014e-05 0.9999999989501138 1.0094235598936348e-05
  outer loop
    vertex -5112.9248045948725 308.40179042064915 4024.8762023829486
    vertex -5127.924784703999 308.40158757380976 4161.708025339169
    vertex -4962.924804594873 308.4017904204629 4024.8762137987055
  endloop
endfacet
facet normal 4.4697637458248014e-05 0.9999999989501138 1.0094235598936348e-05
  outer loop
    vertex -4962.924804594873 308.4017904204629 4024.8762137987055
    vertex -5127.924784703999 308.40158757380976 4161.708025339169
    vertex -4930.9248045042295 308.4017904204629 4024.8762158058894
  endloop
endfacet
facet normal 4.4697637458248014e-05 0.9999999989501138 1.0094235598936348e-05
  outer loop
    vertex -4930.9248045042295 308.4017904204629 4024.8762158058894
    vertex -5127.924784703999 308.40158757380976 4161.708025339169
    vertex -4980.112304541435 308.40162778371166 4088.607485150546
  endloop
endfacet
facet normal 4.4697637458248014e-05 0.9999999989501138 1.0094235598936348e-05
  outer loop
    vertex -4930.9248045042295 308.4017904204629 4024.8762158058894
    vertex -4980.112304541435 308.40162778371166 4088.607485150546
    vertex -4973.58322038418 308.40174245994564 4085.3786003762593
  endloop
endfacet
facet normal 4.4697637458248014e-05 0.9999999989501138 1.0094235598936348e-05
  outer loop
    vertex -4930.9248045042295 308.4017904204629 4024.8762158058894
    vertex -4973.58322038418 308.40174245994564 4085.3786003762593
    vertex -4966.782754151617 308.4018375001774 4082.7025973028863
  endloop
endfacet
facet normal 4.4697637458248014e-05 0.9999999989501138 1.0094235598936348e-05
  outer loop
    vertex -4930.9248045042295 308.4017904204629 4024.8762158058894
    vertex -4966.782754151617 308.4018375001774 4082.7025973028863
    vertex -4959.762661498035 308.40191218109226 4080.59984192967
  endloop
endfacet
facet normal 4.4697637458248014e-05 0.9999999989501138 1.0094235598936348e-05
  outer loop
    vertex -4930.9248045042295 308.4017904204629 4024.8762158058894
    vertex -4959.762661498035 308.40191218109226 4080.59984192967
    vertex -4748.443104779979 308.38209244483613 4024.879667673606
  endloop
endfacet
facet normal 4.4697637458248014e-05 0.9999999989501138 1.0094235598936348e-05
  outer loop
    vertex -4980.112304541435 308.40162778371166 4088.607485150546
    vertex -5127.924784703999 308.40158757380976 4161.708025339169
    vertex -4986.320316350613 308.4014943442289 4092.3646778629777
  endloop
endfacet
facet normal 4.4697637458248014e-05 0.9999999989501138 1.0094235598936348e-05
  outer loop
    vertex -4986.320316350613 308.4014943442289 4092.3646778629777
    vertex -5127.924784703999 308.40158757380976 4161.708025339169
    vertex -4992.160009093315 308.4013431570535 4096.621584008367
  endloop
endfacet
facet normal 4.4697637458248014e-05 0.9999999989501138 1.0094235598936348e-05
  outer loop
    vertex -4992.160009093315 308.4013431570535 4096.621584008367
    vertex -5127.924784703999 308.40158757380976 4161.708025339169
    vertex -4997.586939181678 308.4011753728111 4101.345805960529
  endloop
endfacet
facet normal 4.4697637458248014e-05 0.9999999989501138 1.0094235598936348e-05
  outer loop
    vertex -4997.586939181678 308.4011753728111 4101.345805960529
    vertex -5127.924784703999 308.40158757380976 4161.708025339169
    vertex -5002.559804400856 308.40099226844035 4106.501389537875
  endloop
endfacet
facet normal 4.4697637458248014e-05 0.9999999989501138 1.0094235598936348e-05
  outer loop
    vertex -5002.559804400856 308.40099226844035 4106.501389537875
    vertex -5127.924784703999 308.40158757380976 4161.708025339169
    vertex -5007.0407582438365 308.40079523747715 4112.049097636329
  endloop
endfacet
facet normal 4.4697637458248014e-05 0.9999999989501138 1.0094235598936348e-05
  outer loop
    vertex -5007.0407582438365 308.40079523747715 4112.049097636329
    vertex -5127.924784703999 308.40158757380976 4161.708025339169
    vertex -5010.995697946201 308.4005857794456 4117.946708847491
  endloop
endfacet
facet normal 4.4697637458248014e-05 0.9999999989501138 1.0094235598936348e-05
  outer loop
    vertex -5010.995697946201 308.4005857794456 4117.946708847491
    vertex -5127.924784703999 308.40158757380976 4161.708025339169
    vertex -5014.394524028762 308.40036548844733 4124.149338788957
  endloop
endfacet
facet normal 4.4697637458248014e-05 0.9999999989501138 1.0094235598936348e-05
  outer loop
    vertex -5014.394524028762 308.40036548844733 4124.149338788957
    vertex -5127.924784703999 308.40158757380976 4161.708025339169
    vertex -5017.211369372751 308.4001360410322 4130.609781701621
  endloop
endfacet
facet normal 4.4697637458248014e-05 0.9999999989501138 1.0094235598936348e-05
  outer loop
    vertex -5017.211369372751 308.4001360410322 4130.609781701621
    vertex -5127.924784703999 308.40158757380976 4161.708025339169
    vertex -5019.424796084242 308.39989918343025 4137.278869713984
  endloop
endfacet
facet normal 4.4697637458248014e-05 0.9999999989501138 1.0094235598936348e-05
  outer loop
    vertex -5019.424796084242 308.39989918343025 4137.278869713984
    vertex -5127.924784703999 308.40158757380976 4161.708025339169
    vertex -5021.017958649465 308.39965671827304 4144.10584703939
  endloop
endfacet
facet normal 4.4697637458248014e-05 0.9999999989501138 1.0094235598936348e-05
  outer loop
    vertex -5021.017958649465 308.39965671827304 4144.10584703939
    vertex -5127.924784703999 308.40158757380976 4161.708025339169
    vertex -5021.9787321393205 308.39941049086434 4151.03875625811
  endloop
endfacet
facet normal 4.4697637458248014e-05 0.9999999989501138 1.0094235598936348e-05
  outer loop
    vertex -5021.9787321393205 308.39941049086434 4151.03875625811
    vertex -5127.924784703999 308.40158757380976 4161.708025339169
    vertex -5022.239242335541 308.4008909706703 4156.707087224718
  endloop
endfacet
facet normal 4.4697637458248014e-05 0.9999999989501138 1.0094235598936348e-05
  outer loop
    vertex -5022.239242335541 308.4008909706703 4156.707087224718
    vertex -5127.924784703999 308.40158757380976 4161.708025339169
    vertex -5022.2392224437035 308.40085264993945 4161.70708722453
  endloop
endfacet
facet normal 4.4697637458248014e-05 0.9999999989501138 1.0094235598936348e-05
  outer loop
    vertex -4930.924804595149 308.4017904204629 3929.5381791977948
    vertex -4962.924804594873 308.4017904204629 3981.3484774723847
    vertex -4930.9248045042295 308.4017904204629 4024.8762158058894
  endloop
endfacet
facet normal 4.4697637458248014e-05 0.9999999989501138 1.0094235598936348e-05
  outer loop
    vertex -4962.924804594873 308.4017904204629 3981.3484774723847
    vertex -4930.924804595149 308.4017904204629 3929.5381791977948
    vertex -5127.922933847084 308.40333034823556 3929.538746620797
  endloop
endfacet
facet normal 4.4697637458248014e-05 0.9999999989501138 1.0094235598936348e-05
  outer loop
    vertex -4962.924804594873 308.4017904204629 3981.3484774723847
    vertex -5127.922933847084 308.40333034823556 3929.538746620797
    vertex -5112.9248045948725 308.4017904204629 3981.3484774723847
  endloop
endfacet
facet normal 4.4697637458248014e-05 0.9999999989501138 1.0094235598936348e-05
  outer loop
    vertex -4930.9248045042295 308.4017904204629 4024.8762158058894
    vertex -4962.924804594873 308.4017904204629 3981.3484774723847
    vertex -4962.924804594873 308.4017904204629 4024.8762137987055
  endloop
endfacet
facet normal 6.699984785107534e-05 0.999999994550747 -8.005951958309577e-05
  outer loop
    vertex -4748.443104779979 308.38209244483613 4024.879667673606
    vertex -4945.278570380405 308.4019983507783 4078.173602680452
    vertex -4937.924804595477 308.4020091837435 4077.868583950159
  endloop
endfacet
facet normal 6.699984785107534e-05 0.999999994550747 -8.005951958309577e-05
  outer loop
    vertex -4945.278570380405 308.4019983507783 4078.173602680452
    vertex -4748.443104779979 308.38209244483613 4024.879667673606
    vertex -4952.576369567362 308.4019659343249 4079.0863374946584
  endloop
endfacet
facet normal 6.699984785107534e-05 0.999999994550747 -8.005951958309577e-05
  outer loop
    vertex -4748.443104779979 308.38209244483613 4024.879667673606
    vertex -4895.737304649498 308.40162778371166 4088.607485150546
    vertex -4748.424824485796 308.40158757380976 4161.708025339169
  endloop
endfacet
facet normal 6.699984785107534e-05 0.999999994550747 -8.005951958309577e-05
  outer loop
    vertex -4895.737304649498 308.40162778371166 4088.607485150546
    vertex -4748.443104779979 308.38209244483613 4024.879667673606
    vertex -4902.266388806766 308.40174245994564 4085.3786003762593
  endloop
endfacet
facet normal 6.699984785107534e-05 0.999999994550747 -8.005951958309577e-05
  outer loop
    vertex -4902.266388806766 308.40174245994564 4085.3786003762593
    vertex -4748.443104779979 308.38209244483613 4024.879667673606
    vertex -4909.066855039336 308.4018375001774 4082.7025973028863
  endloop
endfacet
facet normal 6.699984785107534e-05 0.999999994550747 -8.005951958309577e-05
  outer loop
    vertex -4909.066855039336 308.4018375001774 4082.7025973028863
    vertex -4748.443104779979 308.38209244483613 4024.879667673606
    vertex -4916.086947692914 308.40191218109226 4080.59984192967
  endloop
endfacet
facet normal 6.699984785107534e-05 0.999999994550747 -8.005951958309577e-05
  outer loop
    vertex -4916.086947692914 308.40191218109226 4080.59984192967
    vertex -4748.443104779979 308.38209244483613 4024.879667673606
    vertex -4923.273239623586 308.4019659343249 4079.0863374946584
  endloop
endfacet
facet normal 6.699984785107534e-05 0.999999994550747 -8.005951958309577e-05
  outer loop
    vertex -4923.273239623586 308.4019659343249 4079.0863374946584
    vertex -4748.443104779979 308.38209244483613 4024.879667673606
    vertex -4930.571038810554 308.4019983507783 4078.173602680452
  endloop
endfacet
facet normal 6.699984785107534e-05 0.999999994550747 -8.005951958309577e-05
  outer loop
    vertex -4930.571038810554 308.4019983507783 4078.173602680452
    vertex -4748.443104779979 308.38209244483613 4024.879667673606
    vertex -4937.924804595477 308.4020091837435 4077.868583950159
  endloop
endfacet
facet normal 6.699984785107534e-05 0.999999994550747 -8.005951958309577e-05
  outer loop
    vertex -4748.424824485796 308.40158757380976 4161.708025339169
    vertex -4895.737304649498 308.40162778371166 4088.607485150546
    vertex -4889.529292840348 308.4014943442289 4092.3646778629777
  endloop
endfacet
facet normal 6.699984785107534e-05 0.999999994550747 -8.005951958309577e-05
  outer loop
    vertex -4748.424824485796 308.40158757380976 4161.708025339169
    vertex -4889.529292840348 308.4014943442289 4092.3646778629777
    vertex -4883.689600097633 308.4013431570535 4096.621584008367
  endloop
endfacet
facet normal 6.699984785107534e-05 0.999999994550747 -8.005951958309577e-05
  outer loop
    vertex -4748.424824485796 308.40158757380976 4161.708025339169
    vertex -4883.689600097633 308.4013431570535 4096.621584008367
    vertex -4878.262670009273 308.4011753728111 4101.345805960529
  endloop
endfacet
facet normal 6.699984785107534e-05 0.999999994550747 -8.005951958309577e-05
  outer loop
    vertex -4748.424824485796 308.40158757380976 4161.708025339169
    vertex -4878.262670009273 308.4011753728111 4101.345805960529
    vertex -4873.289804790078 308.40099226844035 4106.501389537875
  endloop
endfacet
facet normal 6.699984785107534e-05 0.999999994550747 -8.005951958309577e-05
  outer loop
    vertex -4748.424824485796 308.40158757380976 4161.708025339169
    vertex -4873.289804790078 308.40099226844035 4106.501389537875
    vertex -4868.8088509471145 308.40079523747715 4112.049097636329
  endloop
endfacet
facet normal 6.699984785107534e-05 0.999999994550747 -8.005951958309577e-05
  outer loop
    vertex -4748.424824485796 308.40158757380976 4161.708025339169
    vertex -4868.8088509471145 308.40079523747715 4112.049097636329
    vertex -4864.85391124474 308.4005857794456 4117.946708847491
  endloop
endfacet
facet normal 6.699984785107534e-05 0.999999994550747 -8.005951958309577e-05
  outer loop
    vertex -4748.424824485796 308.40158757380976 4161.708025339169
    vertex -4864.85391124474 308.4005857794456 4117.946708847491
    vertex -4861.4550851621925 308.40036548844733 4124.149338788957
  endloop
endfacet
facet normal 6.699984785107534e-05 0.999999994550747 -8.005951958309577e-05
  outer loop
    vertex -4748.424824485796 308.40158757380976 4161.708025339169
    vertex -4861.4550851621925 308.40036548844733 4124.149338788957
    vertex -4858.6382398182095 308.4001360410322 4130.609781701621
  endloop
endfacet
facet normal 6.699984785107534e-05 0.999999994550747 -8.005951958309577e-05
  outer loop
    vertex -4748.424824485796 308.40158757380976 4161.708025339169
    vertex -4858.6382398182095 308.4001360410322 4130.609781701621
    vertex -4856.4248131067125 308.39989918343025 4137.278869713984
  endloop
endfacet
facet normal 6.699984785107534e-05 0.999999994550747 -8.005951958309577e-05
  outer loop
    vertex -4748.424824485796 308.40158757380976 4161.708025339169
    vertex -4856.4248131067125 308.39989918343025 4137.278869713984
    vertex -4854.831650541496 308.39965671827304 4144.10584703939
  endloop
endfacet
facet normal 6.699984785107534e-05 0.999999994550747 -8.005951958309577e-05
  outer loop
    vertex -4748.424824485796 308.40158757380976 4161.708025339169
    vertex -4854.831650541496 308.39965671827304 4144.10584703939
    vertex -4853.870877051624 308.39941049086434 4151.03875625811
  endloop
endfacet
facet normal 6.699984785107534e-05 0.999999994550747 -8.005951958309577e-05
  outer loop
    vertex -4748.424824485796 308.40158757380976 4161.708025339169
    vertex -4853.870877051624 308.39941049086434 4151.03875625811
    vertex -4853.61048885118 308.4016144343293 4156.70443355776
  endloop
endfacet
facet normal 6.699984785107534e-05 0.999999994550747 -8.005951958309577e-05
  outer loop
    vertex -4748.424824485796 308.40158757380976 4161.708025339169
    vertex -4853.61048885118 308.4016144343293 4156.70443355776
    vertex -4853.610508743011 308.40165275505575 4161.704433557573
  endloop
endfacet
facet normal 9.288082555710753e-07 -0.9999999999286235 -1.1911777309494792e-05
  outer loop
    vertex -4930.941157594174 -91.59820957963801 3929.538172162963
    vertex -4962.9248045948725 -91.59820957963801 3981.3484791441783
    vertex -5112.924804594872 -91.59820957963801 3981.348479144178
  endloop
endfacet
facet normal 9.288082555710753e-07 -0.9999999999286235 -1.1911777309494792e-05
  outer loop
    vertex -4962.9248045948725 -91.59820957963801 3981.3484791441783
    vertex -4930.941157594174 -91.59820957963801 3929.538172162963
    vertex -4930.9248044132955 -91.59820957963801 4024.876216260807
  endloop
endfacet
facet normal 9.288082555710753e-07 -0.9999999999286235 -1.1911777309494792e-05
  outer loop
    vertex -4962.9248045948725 -91.59820957963801 3981.3484791441783
    vertex -4930.9248044132955 -91.59820957963801 4024.876216260807
    vertex -4962.924804594873 -91.59820957965822 4024.8762023830827
  endloop
endfacet
facet normal 9.288082555710753e-07 -0.9999999999286235 -1.1911777309494792e-05
  outer loop
    vertex -4962.924804594873 -91.59820957965822 4024.8762023830827
    vertex -4930.9248044132955 -91.59820957963801 4024.876216260807
    vertex -5112.9248045948725 -91.59820957965822 4024.8762023830827
  endloop
endfacet
facet normal 9.288082555710753e-07 -0.9999999999286235 -1.1911777309494792e-05
  outer loop
    vertex -4748.324759000097 -91.59374514789747 4024.8766297934135
    vertex -4930.571038810554 -91.59797998371991 4078.173602680452
    vertex -4937.924804595477 -91.59799081668513 4077.868583950159
  endloop
endfacet
facet normal 9.288082555710753e-07 -0.9999999999286235 -1.1911777309494792e-05
  outer loop
    vertex -4930.571038810554 -91.59797998371991 4078.173602680452
    vertex -4748.324759000097 -91.59374514789747 4024.8766297934135
    vertex -4923.273239623586 -91.59794756726653 4079.0863374946584
  endloop
endfacet
facet normal 9.288082555710753e-07 -0.9999999999286235 -1.1911777309494792e-05
  outer loop
    vertex -4923.273239623586 -91.59794756726653 4079.0863374946584
    vertex -4748.324759000097 -91.59374514789747 4024.8766297934135
    vertex -4916.086947692914 -91.59789381403388 4080.59984192967
  endloop
endfacet
facet normal 9.288082555710753e-07 -0.9999999999286235 -1.1911777309494792e-05
  outer loop
    vertex -4916.086947692914 -91.59789381403388 4080.59984192967
    vertex -4748.324759000097 -91.59374514789747 4024.8766297934135
    vertex -4909.066855039336 -91.59781913311906 4082.7025973028863
  endloop
endfacet
facet normal 9.288082555710753e-07 -0.9999999999286235 -1.1911777309494792e-05
  outer loop
    vertex -4909.066855039336 -91.59781913311906 4082.7025973028863
    vertex -4748.324759000097 -91.59374514789747 4024.8766297934135
    vertex -4902.266388806766 -91.59772409288728 4085.3786003762593
  endloop
endfacet
facet normal 9.288082555710753e-07 -0.9999999999286235 -1.1911777309494792e-05
  outer loop
    vertex -4902.266388806766 -91.59772409288728 4085.3786003762593
    vertex -4748.324759000097 -91.59374514789747 4024.8766297934135
    vertex -4895.737304649498 -91.59760941665331 4088.607485150546
  endloop
endfacet
facet normal 9.288082555710753e-07 -0.9999999999286235 -1.1911777309494792e-05
  outer loop
    vertex -4895.737304649498 -91.59760941665331 4088.607485150546
    vertex -4748.324759000097 -91.59374514789747 4024.8766297934135
    vertex -4748.322594576013 -91.5978403591499 4161.708471940167
  endloop
endfacet
facet normal 9.288082555710753e-07 -0.9999999999286235 -1.1911777309494792e-05
  outer loop
    vertex -4895.737304649498 -91.59760941665331 4088.607485150546
    vertex -4748.322594576013 -91.5978403591499 4161.708471940167
    vertex -4889.529292840348 -91.59747597717056 4092.3646778629777
  endloop
endfacet
facet normal 9.288082555710753e-07 -0.9999999999286235 -1.1911777309494792e-05
  outer loop
    vertex -4889.529292840348 -91.59747597717056 4092.3646778629777
    vertex -4748.322594576013 -91.5978403591499 4161.708471940167
    vertex -4883.689600097633 -91.59732478999513 4096.621584008367
  endloop
endfacet
facet normal 9.288082555710753e-07 -0.9999999999286235 -1.1911777309494792e-05
  outer loop
    vertex -4883.689600097633 -91.59732478999513 4096.621584008367
    vertex -4748.322594576013 -91.5978403591499 4161.708471940167
    vertex -4878.262670009273 -91.59715700575275 4101.345805960529
  endloop
endfacet
facet normal 9.288082555710753e-07 -0.9999999999286235 -1.1911777309494792e-05
  outer loop
    vertex -4878.262670009273 -91.59715700575275 4101.345805960529
    vertex -4748.322594576013 -91.5978403591499 4161.708471940167
    vertex -4873.289804790078 -91.59697390138199 4106.501389537875
  endloop
endfacet
facet normal 9.288082555710753e-07 -0.9999999999286235 -1.1911777309494792e-05
  outer loop
    vertex -4873.289804790078 -91.59697390138199 4106.501389537875
    vertex -4748.322594576013 -91.5978403591499 4161.708471940167
    vertex -4868.8088509471145 -91.59677687041878 4112.049097636329
  endloop
endfacet
facet normal 9.288082555710753e-07 -0.9999999999286235 -1.1911777309494792e-05
  outer loop
    vertex -4868.8088509471145 -91.59677687041878 4112.049097636329
    vertex -4748.322594576013 -91.5978403591499 4161.708471940167
    vertex -4864.85391124474 -91.59656741238722 4117.946708847491
  endloop
endfacet
facet normal 9.288082555710753e-07 -0.9999999999286235 -1.1911777309494792e-05
  outer loop
    vertex -4864.85391124474 -91.59656741238722 4117.946708847491
    vertex -4748.322594576013 -91.5978403591499 4161.708471940167
    vertex -4861.4550851621925 -91.59634712138897 4124.149338788957
  endloop
endfacet
facet normal 9.288082555710753e-07 -0.9999999999286235 -1.1911777309494792e-05
  outer loop
    vertex -4861.4550851621925 -91.59634712138897 4124.149338788957
    vertex -4748.322594576013 -91.5978403591499 4161.708471940167
    vertex -4858.6382398182095 -91.59611767397384 4130.609781701621
  endloop
endfacet
facet normal 9.288082555710753e-07 -0.9999999999286235 -1.1911777309494792e-05
  outer loop
    vertex -4858.6382398182095 -91.59611767397384 4130.609781701621
    vertex -4748.322594576013 -91.5978403591499 4161.708471940167
    vertex -4856.4248131067125 -91.59588081637187 4137.278869713984
  endloop
endfacet
facet normal 9.288082555710753e-07 -0.9999999999286235 -1.1911777309494792e-05
  outer loop
    vertex -4856.4248131067125 -91.59588081637187 4137.278869713984
    vertex -4748.322594576013 -91.5978403591499 4161.708471940167
    vertex -4854.831650541496 -91.59563835121467 4144.10584703939
  endloop
endfacet
facet normal 9.288082555710753e-07 -0.9999999999286235 -1.1911777309494792e-05
  outer loop
    vertex -4854.831650541496 -91.59563835121467 4144.10584703939
    vertex -4748.322594576013 -91.5978403591499 4161.708471940167
    vertex -4853.870877051624 -91.595392123806 4151.03875625811
  endloop
endfacet
facet normal 9.288082555710753e-07 -0.9999999999286235 -1.1911777309494792e-05
  outer loop
    vertex -4853.870877051624 -91.595392123806 4151.03875625811
    vertex -4748.322594576013 -91.5978403591499 4161.708471940167
    vertex -4853.610366855417 -91.59687260341553 4156.707087224405
  endloop
endfacet
facet normal 9.288082555710753e-07 -0.9999999999286235 -1.1911777309494792e-05
  outer loop
    vertex -4853.610366855417 -91.59687260341553 4156.707087224405
    vertex -4748.322594576013 -91.5978403591499 4161.708471940167
    vertex -4853.610386747248 -91.59683428268977 4161.707087224218
  endloop
endfacet
facet normal 9.288082555710753e-07 -0.9999999999286235 -1.1911777309494792e-05
  outer loop
    vertex -5127.902976669285 -91.5879823261399 3929.53816568754
    vertex -5112.924804594872 -91.59820957963801 3981.348479144178
    vertex -5127.924784703999 -91.60077780773268 4161.708901150425
  endloop
endfacet
facet normal 9.288082555710753e-07 -0.9999999999286235 -1.1911777309494792e-05
  outer loop
    vertex -5112.924804594872 -91.59820957963801 3981.348479144178
    vertex -5127.902976669285 -91.5879823261399 3929.53816568754
    vertex -4930.941157594174 -91.59820957963801 3929.538172162963
  endloop
endfacet
facet normal 9.288082555710753e-07 -0.9999999999286235 -1.1911777309494792e-05
  outer loop
    vertex -5127.924784703999 -91.60077780773268 4161.708901150425
    vertex -5112.924804594872 -91.59820957963801 3981.348479144178
    vertex -5112.9248045948725 -91.59820957965822 4024.8762023830827
  endloop
endfacet
facet normal 9.288082555710753e-07 -0.9999999999286235 -1.1911777309494792e-05
  outer loop
    vertex -5127.924784703999 -91.60077780773268 4161.708901150425
    vertex -5112.9248045948725 -91.59820957965822 4024.8762023830827
    vertex -4930.9248044132955 -91.59820957963801 4024.876216260807
  endloop
endfacet
facet normal 9.288082555710753e-07 -0.9999999999286235 -1.1911777309494792e-05
  outer loop
    vertex -5127.924784703999 -91.60077780773268 4161.708901150425
    vertex -4930.9248044132955 -91.59820957963801 4024.876216260807
    vertex -4980.112304541435 -91.59760941665331 4088.607485150546
  endloop
endfacet
facet normal 9.288082555710753e-07 -0.9999999999286235 -1.1911777309494792e-05
  outer loop
    vertex -4980.112304541435 -91.59760941665331 4088.607485150546
    vertex -4930.9248044132955 -91.59820957963801 4024.876216260807
    vertex -4973.58322038418 -91.59772409288728 4085.3786003762593
  endloop
endfacet
facet normal 9.288082555710753e-07 -0.9999999999286235 -1.1911777309494792e-05
  outer loop
    vertex -4973.58322038418 -91.59772409288728 4085.3786003762593
    vertex -4930.9248044132955 -91.59820957963801 4024.876216260807
    vertex -4966.782754151617 -91.59781913311906 4082.7025973028863
  endloop
endfacet
facet normal 9.288082555710753e-07 -0.9999999999286235 -1.1911777309494792e-05
  outer loop
    vertex -4966.782754151617 -91.59781913311906 4082.7025973028863
    vertex -4930.9248044132955 -91.59820957963801 4024.876216260807
    vertex -4959.762661498035 -91.59789381403388 4080.59984192967
  endloop
endfacet
facet normal 9.288082555710753e-07 -0.9999999999286235 -1.1911777309494792e-05
  outer loop
    vertex -4959.762661498035 -91.59789381403388 4080.59984192967
    vertex -4930.9248044132955 -91.59820957963801 4024.876216260807
    vertex -4748.324759000097 -91.59374514789747 4024.8766297934135
  endloop
endfacet
facet normal 9.288082555710753e-07 -0.9999999999286235 -1.1911777309494792e-05
  outer loop
    vertex -4959.762661498035 -91.59789381403388 4080.59984192967
    vertex -4748.324759000097 -91.59374514789747 4024.8766297934135
    vertex -4952.576369567362 -91.59794756726653 4079.0863374946584
  endloop
endfacet
facet normal 9.288082555710753e-07 -0.9999999999286235 -1.1911777309494792e-05
  outer loop
    vertex -4952.576369567362 -91.59794756726653 4079.0863374946584
    vertex -4748.324759000097 -91.59374514789747 4024.8766297934135
    vertex -4945.278570380405 -91.59797998371991 4078.173602680452
  endloop
endfacet
facet normal 9.288082555710753e-07 -0.9999999999286235 -1.1911777309494792e-05
  outer loop
    vertex -4945.278570380405 -91.59797998371991 4078.173602680452
    vertex -4748.324759000097 -91.59374514789747 4024.8766297934135
    vertex -4937.924804595477 -91.59799081668513 4077.868583950159
  endloop
endfacet
facet normal 9.288082555710753e-07 -0.9999999999286235 -1.1911777309494792e-05
  outer loop
    vertex -5127.924784703999 -91.60077780773268 4161.708901150425
    vertex -4980.112304541435 -91.59760941665331 4088.607485150546
    vertex -4986.320316350613 -91.59747597717056 4092.3646778629777
  endloop
endfacet
facet normal 9.288082555710753e-07 -0.9999999999286235 -1.1911777309494792e-05
  outer loop
    vertex -5127.924784703999 -91.60077780773268 4161.708901150425
    vertex -4986.320316350613 -91.59747597717056 4092.3646778629777
    vertex -4992.160009093315 -91.59732478999513 4096.621584008367
  endloop
endfacet
facet normal 9.288082555710753e-07 -0.9999999999286235 -1.1911777309494792e-05
  outer loop
    vertex -5127.924784703999 -91.60077780773268 4161.708901150425
    vertex -4992.160009093315 -91.59732478999513 4096.621584008367
    vertex -4997.586939181678 -91.59715700575275 4101.345805960529
  endloop
endfacet
facet normal 9.288082555710753e-07 -0.9999999999286235 -1.1911777309494792e-05
  outer loop
    vertex -5127.924784703999 -91.60077780773268 4161.708901150425
    vertex -4997.586939181678 -91.59715700575275 4101.345805960529
    vertex -5002.559804400856 -91.59697390138199 4106.501389537875
  endloop
endfacet
facet normal 9.288082555710753e-07 -0.9999999999286235 -1.1911777309494792e-05
  outer loop
    vertex -5127.924784703999 -91.60077780773268 4161.708901150425
    vertex -5002.559804400856 -91.59697390138199 4106.501389537875
    vertex -5007.0407582438365 -91.59677687041878 4112.049097636329
  endloop
endfacet
facet normal 9.288082555710753e-07 -0.9999999999286235 -1.1911777309494792e-05
  outer loop
    vertex -5127.924784703999 -91.60077780773268 4161.708901150425
    vertex -5007.0407582438365 -91.59677687041878 4112.049097636329
    vertex -5010.995697946201 -91.59656741238722 4117.946708847491
  endloop
endfacet
facet normal 9.288082555710753e-07 -0.9999999999286235 -1.1911777309494792e-05
  outer loop
    vertex -5127.924784703999 -91.60077780773268 4161.708901150425
    vertex -5010.995697946201 -91.59656741238722 4117.946708847491
    vertex -5014.394524028762 -91.59634712138897 4124.149338788957
  endloop
endfacet
facet normal 9.288082555710753e-07 -0.9999999999286235 -1.1911777309494792e-05
  outer loop
    vertex -5127.924784703999 -91.60077780773268 4161.708901150425
    vertex -5014.394524028762 -91.59634712138897 4124.149338788957
    vertex -5017.211369372751 -91.59611767397384 4130.609781701621
  endloop
endfacet
facet normal 9.288082555710753e-07 -0.9999999999286235 -1.1911777309494792e-05
  outer loop
    vertex -5127.924784703999 -91.60077780773268 4161.708901150425
    vertex -5017.211369372751 -91.59611767397384 4130.609781701621
    vertex -5019.424796084242 -91.59588081637187 4137.278869713984
  endloop
endfacet
facet normal 9.288082555710753e-07 -0.9999999999286235 -1.1911777309494792e-05
  outer loop
    vertex -5127.924784703999 -91.60077780773268 4161.708901150425
    vertex -5019.424796084242 -91.59588081637187 4137.278869713984
    vertex -5021.017958649465 -91.59563835121467 4144.10584703939
  endloop
endfacet
facet normal 9.288082555710753e-07 -0.9999999999286235 -1.1911777309494792e-05
  outer loop
    vertex -5127.924784703999 -91.60077780773268 4161.708901150425
    vertex -5021.017958649465 -91.59563835121467 4144.10584703939
    vertex -5021.9787321393205 -91.595392123806 4151.03875625811
  endloop
endfacet
facet normal 9.288082555710753e-07 -0.9999999999286235 -1.1911777309494792e-05
  outer loop
    vertex -5127.924784703999 -91.60077780773268 4161.708901150425
    vertex -5021.9787321393205 -91.595392123806 4151.03875625811
    vertex -5022.23912033976 -91.5975960671251 4156.704433557652
  endloop
endfacet
facet normal 9.288082555710753e-07 -0.9999999999286235 -1.1911777309494792e-05
  outer loop
    vertex -5127.924784703999 -91.60077780773268 4161.708901150425
    vertex -5022.23912033976 -91.5975960671251 4156.704433557652
    vertex -5022.239100447921 -91.59763438785664 4161.7044335574665
  endloop
endfacet
facet normal 1.0 5.7826017799926895e-12 -1.269974132950383e-09
  outer loop
    vertex -4930.924804595149 -77.73431096824707 3931.9515746726743
    vertex -4930.924804458763 88.40179042108295 4024.8760601405384
    vertex -4930.9248044132955 -91.59820957963801 4024.876216260807
  endloop
endfacet
facet normal 1.0 5.7826017799926895e-12 -1.269974132950383e-09
  outer loop
    vertex -4930.924804458763 88.40179042108295 4024.8760601405384
    vertex -4930.924804595149 -77.73431096824707 3931.9515746726743
    vertex -4930.924804595149 -71.33037625855421 3935.1444587381015
  endloop
endfacet
facet normal 1.0 5.7826017799926895e-12 -1.269974132950383e-09
  outer loop
    vertex -4930.924804458763 88.40179042108295 4024.8760601405384
    vertex -4930.924804595149 -71.33037625855421 3935.1444587381015
    vertex -4930.924804595149 -64.87169338872113 3938.2250924404702
  endloop
endfacet
facet normal 1.0 5.7826017799926895e-12 -1.269974132950383e-09
  outer loop
    vertex -4930.924804458763 88.40179042108295 4024.8760601405384
    vertex -4930.924804595149 -64.87169338872113 3938.2250924404702
    vertex -4930.924804595149 -58.360229736112856 3941.1925373889094
  endloop
endfacet
facet normal 1.0 5.7826017799926895e-12 -1.269974132950383e-09
  outer loop
    vertex -4930.924804458763 88.40179042108295 4024.8760601405384
    vertex -4930.924804595149 -58.360229736112856 3941.1925373889094
    vertex -4930.924804595149 -51.797968755634905 3944.0458896709433
  endloop
endfacet
facet normal 1.0 5.7826017799926895e-12 -1.269974132950383e-09
  outer loop
    vertex -4930.924804458763 88.40179042108295 4024.8760601405384
    vertex -4930.924804595149 -51.797968755634905 3944.0458896709433
    vertex -4930.924804595149 -45.186909375557725 3946.7842801278266
  endloop
endfacet
facet normal 1.0 5.7826017799926895e-12 -1.269974132950383e-09
  outer loop
    vertex -4930.924804458763 88.40179042108295 4024.8760601405384
    vertex -4930.924804595149 -45.186909375557725 3946.7842801278266
    vertex -4930.924804595149 -38.52906538860674 3949.406874619295
  endloop
endfacet
facet normal 1.0 5.7826017799926895e-12 -1.269974132950383e-09
  outer loop
    vertex -4930.924804458763 88.40179042108295 4024.8760601405384
    vertex -4930.924804595149 -38.52906538860674 3949.406874619295
    vertex -4930.924804595149 -31.82646483855786 3951.9128742776643
  endloop
endfacet
facet normal 1.0 5.7826017799926895e-12 -1.269974132950383e-09
  outer loop
    vertex -4930.924804458763 88.40179042108295 4024.8760601405384
    vertex -4930.924804595149 -31.82646483855786 3951.9128742776643
    vertex -4930.924804595149 -25.08114940246755 3954.3015157511636
  endloop
endfacet
facet normal 1.0 5.7826017799926895e-12 -1.269974132950383e-09
  outer loop
    vertex -4930.924804458763 88.40179042108295 4024.8760601405384
    vertex -4930.924804595149 -25.08114940246755 3954.3015157511636
    vertex -4930.924804595149 -18.295173768761295 3956.572071436456
  endloop
endfacet
facet normal 1.0 5.7826017799926895e-12 -1.269974132950383e-09
  outer loop
    vertex -4930.924804458763 88.40179042108295 4024.8760601405384
    vertex -4930.924804595149 -18.295173768761295 3956.572071436456
    vertex -4930.924804595149 -11.470605011355904 3958.7238497002872
  endloop
endfacet
facet normal 1.0 5.7826017799926895e-12 -1.269974132950383e-09
  outer loop
    vertex -4930.924804458763 88.40179042108295 4024.8760601405384
    vertex -4930.924804595149 -11.470605011355904 3958.7238497002872
    vertex -4930.924804595149 -4.609521960003301 3960.756195090155
  endloop
endfacet
facet normal 1.0 5.7826017799926895e-12 -1.269974132950383e-09
  outer loop
    vertex -4930.924804458763 88.40179042108295 4024.8760601405384
    vertex -4930.924804595149 -4.609521960003301 3960.756195090155
    vertex -4930.924804595149 2.285985432932255 3962.668488533961
  endloop
endfacet
facet normal 1.0 5.7826017799926895e-12 -1.269974132950383e-09
  outer loop
    vertex -4930.924804458763 88.40179042108295 4024.8760601405384
    vertex -4930.924804595149 2.285985432932255 3962.668488533961
    vertex -4930.924804595149 9.213816729101515 3964.4601475286017
  endloop
endfacet
facet normal 1.0 5.7826017799926895e-12 -1.269974132950383e-09
  outer loop
    vertex -4930.924804458763 88.40179042108295 4024.8760601405384
    vertex -4930.924804595149 9.213816729101515 3964.4601475286017
    vertex -4930.924804595149 16.17186164398083 3966.130626317389
  endloop
endfacet
facet normal 1.0 5.7826017799926895e-12 -1.269974132950383e-09
  outer loop
    vertex -4930.924804458763 88.40179042108295 4024.8760601405384
    vertex -4930.924804595149 16.17186164398083 3966.130626317389
    vertex -4930.924804595149 23.158000689684464 3967.679416056305
  endloop
endfacet
facet normal 1.0 5.7826017799926895e-12 -1.269974132950383e-09
  outer loop
    vertex -4930.924804458763 88.40179042108295 4024.8760601405384
    vertex -4930.924804595149 23.158000689684464 3967.679416056305
    vertex -4930.924804595149 30.17010582058261 3969.1060449689867
  endloop
endfacet
facet normal 1.0 5.7826017799926895e-12 -1.269974132950383e-09
  outer loop
    vertex -4930.924804458763 88.40179042108295 4024.8760601405384
    vertex -4930.924804595149 30.17010582058261 3969.1060449689867
    vertex -4930.924804595149 37.20604108152442 3970.410078490449
  endloop
endfacet
facet normal 1.0 5.7826017799926895e-12 -1.269974132950383e-09
  outer loop
    vertex -4930.924804458763 88.40179042108295 4024.8760601405384
    vertex -4930.924804595149 37.20604108152442 3970.410078490449
    vertex -4930.924804595149 44.26366325847078 3971.59111939945
  endloop
endfacet
facet normal 1.0 5.7826017799926895e-12 -1.269974132950383e-09
  outer loop
    vertex -4930.924804458763 88.40179042108295 4024.8760601405384
    vertex -4930.924804595149 44.26366325847078 3971.59111939945
    vertex -4930.924804595149 51.34082253133938 3972.648807939488
  endloop
endfacet
facet normal 1.0 5.7826017799926895e-12 -1.269974132950383e-09
  outer loop
    vertex -4930.924804458763 88.40179042108295 4024.8760601405384
    vertex -4930.924804595149 51.34082253133938 3972.648807939488
    vertex -4930.924804595149 58.43536312885417 3973.5828219283862
  endloop
endfacet
facet normal 1.0 5.7826017799926895e-12 -1.269974132950383e-09
  outer loop
    vertex -4930.924804458763 88.40179042108295 4024.8760601405384
    vertex -4930.924804595149 58.43536312885417 3973.5828219283862
    vertex -4930.924804595149 65.54512398522776 3974.392876856436
  endloop
endfacet
facet normal 1.0 5.7826017799926895e-12 -1.269974132950383e-09
  outer loop
    vertex -4930.924804458763 88.40179042108295 4024.8760601405384
    vertex -4930.924804595149 65.54512398522776 3974.392876856436
    vertex -4930.924804595149 72.66793939842626 3975.07872597306
  endloop
endfacet
facet normal 1.0 5.7826017799926895e-12 -1.269974132950383e-09
  outer loop
    vertex -4930.924804458763 88.40179042108295 4024.8760601405384
    vertex -4930.924804595149 72.66793939842626 3975.07872597306
    vertex -4930.924804595149 79.80163968987387 3975.6401603619724
  endloop
endfacet
facet normal 1.0 5.7826017799926895e-12 -1.269974132950383e-09
  outer loop
    vertex -4930.924804458763 88.40179042108295 4024.8760601405384
    vertex -4930.924804595149 79.80163968987387 3975.6401603619724
    vertex -4930.924804595149 86.94405186535784 3976.0770090048186
  endloop
endfacet
facet normal 1.0 5.7826017799926895e-12 -1.269974132950383e-09
  outer loop
    vertex -4930.924804458763 88.40179042108295 4024.8760601405384
    vertex -4930.924804595149 86.94405186535784 3976.0770090048186
    vertex -4930.924804595149 94.09300027693887 3976.3891388332718
  endloop
endfacet
facet normal 1.0 5.7826017799926895e-12 -1.269974132950383e-09
  outer loop
    vertex -4930.924804458763 88.40179042108295 4024.8760601405384
    vertex -4930.925252570977 128.4013353417959 4062.3762766879504
    vertex -4930.925252565343 88.40133534283446 4062.3760601350996
  endloop
endfacet
facet normal 1.0 5.7826017799926895e-12 -1.269974132950383e-09
  outer loop
    vertex -4930.925252570977 128.4013353417959 4062.3762766879504
    vertex -4930.924804458763 88.40179042108295 4024.8760601405384
    vertex -4930.924804595149 94.09300027693887 3976.3891388332718
  endloop
endfacet
facet normal 1.0 5.7826017799926895e-12 -1.269974132950383e-09
  outer loop
    vertex -4930.925252570977 128.4013353417959 4062.3762766879504
    vertex -4930.924804595149 94.09300027693887 3976.3891388332718
    vertex -4930.924804595149 101.24630728567847 3976.576454769564
  endloop
endfacet
facet normal 1.0 5.7826017799926895e-12 -1.269974132950383e-09
  outer loop
    vertex -4930.925252570977 128.4013353417959 4062.3762766879504
    vertex -4930.924804595149 101.24630728567847 3976.576454769564
    vertex -4930.924804595149 108.40179392496508 3976.638899755444
  endloop
endfacet
facet normal 1.0 5.7826017799926895e-12 -1.269974132950383e-09
  outer loop
    vertex -4930.925252570977 128.4013353417959 4062.3762766879504
    vertex -4930.924804595149 108.40179392496508 3976.638899755444
    vertex -4930.924804595149 115.55728056425023 3976.576454769565
  endloop
endfacet
facet normal 1.0 5.7826017799926895e-12 -1.269974132950383e-09
  outer loop
    vertex -4930.925252570977 128.4013353417959 4062.3762766879504
    vertex -4930.924804595149 115.55728056425023 3976.576454769565
    vertex -4930.924804595149 122.71058757299056 3976.3891388332718
  endloop
endfacet
facet normal 1.0 5.7826017799926895e-12 -1.269974132950383e-09
  outer loop
    vertex -4930.925252570977 128.4013353417959 4062.3762766879504
    vertex -4930.924804595149 122.71058757299056 3976.3891388332718
    vertex -4930.924804464397 128.4017904200444 4024.876276693389
  endloop
endfacet
facet normal 1.0 5.7826017799926895e-12 -1.269974132950383e-09
  outer loop
    vertex -4930.924804464397 128.4017904200444 4024.876276693389
    vertex -4930.924804595149 122.71058757299056 3976.3891388332718
    vertex -4930.924804595149 129.85953598457198 3976.0770090048186
  endloop
endfacet
facet normal 1.0 5.7826017799926895e-12 -1.269974132950383e-09
  outer loop
    vertex -4930.924804464397 128.4017904200444 4024.876276693389
    vertex -4930.924804595149 129.85953598457198 3976.0770090048186
    vertex -4930.9248045042295 308.4017904204629 4024.8762158058894
  endloop
endfacet
facet normal 1.0 5.7826017799926895e-12 -1.269974132950383e-09
  outer loop
    vertex -4930.9248045042295 308.4017904204629 4024.8762158058894
    vertex -4930.924804595149 129.85953598457198 3976.0770090048186
    vertex -4930.924804595149 137.00194816005595 3975.6401603619724
  endloop
endfacet
facet normal 1.0 5.7826017799926895e-12 -1.269974132950383e-09
  outer loop
    vertex -4930.9248045042295 308.4017904204629 4024.8762158058894
    vertex -4930.924804595149 137.00194816005595 3975.6401603619724
    vertex -4930.924804595149 144.13564845150498 3975.07872597306
  endloop
endfacet
facet normal 1.0 5.7826017799926895e-12 -1.269974132950383e-09
  outer loop
    vertex -4930.9248045042295 308.4017904204629 4024.8762158058894
    vertex -4930.924804595149 144.13564845150498 3975.07872597306
    vertex -4930.924804595149 151.2584638647035 3974.392876856436
  endloop
endfacet
facet normal 1.0 5.7826017799926895e-12 -1.269974132950383e-09
  outer loop
    vertex -4930.9248045042295 308.4017904204629 4024.8762158058894
    vertex -4930.924804595149 151.2584638647035 3974.392876856436
    vertex -4930.924804595149 158.36822472107528 3973.5828219283853
  endloop
endfacet
facet normal 1.0 5.7826017799926895e-12 -1.269974132950383e-09
  outer loop
    vertex -4930.9248045042295 308.4017904204629 4024.8762158058894
    vertex -4930.924804595149 158.36822472107528 3973.5828219283853
    vertex -4930.924804595149 165.46276531859223 3972.648807939487
  endloop
endfacet
facet normal 1.0 5.7826017799926895e-12 -1.269974132950383e-09
  outer loop
    vertex -4930.9248045042295 308.4017904204629 4024.8762158058894
    vertex -4930.924804595149 165.46276531859223 3972.648807939487
    vertex -4930.924804595149 172.53992459145974 3971.591119399451
  endloop
endfacet
facet normal 1.0 5.7826017799926895e-12 -1.269974132950383e-09
  outer loop
    vertex -4930.9248045042295 308.4017904204629 4024.8762158058894
    vertex -4930.924804595149 172.53992459145974 3971.591119399451
    vertex -4930.924804595149 179.5975467684061 3970.4100784904476
  endloop
endfacet
facet normal 1.0 5.7826017799926895e-12 -1.269974132950383e-09
  outer loop
    vertex -4930.9248045042295 308.4017904204629 4024.8762158058894
    vertex -4930.924804595149 179.5975467684061 3970.4100784904476
    vertex -4930.924804595149 186.63348202934756 3969.1060449689858
  endloop
endfacet
facet normal 1.0 5.7826017799926895e-12 -1.269974132950383e-09
  outer loop
    vertex -4930.9248045042295 308.4017904204629 4024.8762158058894
    vertex -4930.924804595149 186.63348202934756 3969.1060449689858
    vertex -4930.924804595149 193.6455871602457 3967.679416056305
  endloop
endfacet
facet normal 1.0 5.7826017799926895e-12 -1.269974132950383e-09
  outer loop
    vertex -4930.9248045042295 308.4017904204629 4024.8762158058894
    vertex -4930.924804595149 193.6455871602457 3967.679416056305
    vertex -4930.924804595149 200.63172620594932 3966.1306263173906
  endloop
endfacet
facet normal 1.0 5.7826017799926895e-12 -1.269974132950383e-09
  outer loop
    vertex -4930.9248045042295 308.4017904204629 4024.8762158058894
    vertex -4930.924804595149 200.63172620594932 3966.1306263173906
    vertex -4930.924804595149 207.58977112082863 3964.4601475286017
  endloop
endfacet
facet normal 1.0 5.7826017799926895e-12 -1.269974132950383e-09
  outer loop
    vertex -4930.9248045042295 308.4017904204629 4024.8762158058894
    vertex -4930.924804595149 207.58977112082863 3964.4601475286017
    vertex -4930.924804595149 214.51760241699827 3962.668488533961
  endloop
endfacet
facet normal 1.0 5.7826017799926895e-12 -1.269974132950383e-09
  outer loop
    vertex -4930.9248045042295 308.4017904204629 4024.8762158058894
    vertex -4930.924804595149 214.51760241699827 3962.668488533961
    vertex -4930.924804595149 221.41310980993418 3960.756195090154
  endloop
endfacet
facet normal 1.0 5.7826017799926895e-12 -1.269974132950383e-09
  outer loop
    vertex -4930.9248045042295 308.4017904204629 4024.8762158058894
    vertex -4930.924804595149 221.41310980993418 3960.756195090154
    vertex -4930.924804595149 228.2741928612868 3958.7238497002872
  endloop
endfacet
facet normal 1.0 5.7826017799926895e-12 -1.269974132950383e-09
  outer loop
    vertex -4930.9248045042295 308.4017904204629 4024.8762158058894
    vertex -4930.924804595149 228.2741928612868 3958.7238497002872
    vertex -4930.924804595149 235.09876161869363 3956.5720714364575
  endloop
endfacet
facet normal 1.0 5.7826017799926895e-12 -1.269974132950383e-09
  outer loop
    vertex -4930.9248045042295 308.4017904204629 4024.8762158058894
    vertex -4930.924804595149 235.09876161869363 3956.5720714364575
    vertex -4930.924804595149 241.88473725239842 3954.3015157511645
  endloop
endfacet
facet normal 1.0 5.7826017799926895e-12 -1.269974132950383e-09
  outer loop
    vertex -4930.9248045042295 308.4017904204629 4024.8762158058894
    vertex -4930.924804595149 241.88473725239842 3954.3015157511645
    vertex -4930.924804595149 248.63005268848946 3951.9128742776666
  endloop
endfacet
facet normal 1.0 5.7826017799926895e-12 -1.269974132950383e-09
  outer loop
    vertex -4930.9248045042295 308.4017904204629 4024.8762158058894
    vertex -4930.924804595149 248.63005268848946 3951.9128742776666
    vertex -4930.924804595149 255.33265323853905 3949.4068746192966
  endloop
endfacet
facet normal 1.0 5.7826017799926895e-12 -1.269974132950383e-09
  outer loop
    vertex -4930.9248045042295 308.4017904204629 4024.8762158058894
    vertex -4930.924804595149 255.33265323853905 3949.4068746192966
    vertex -4930.924804595149 261.9904972254893 3946.7842801278257
  endloop
endfacet
facet normal 1.0 5.7826017799926895e-12 -1.269974132950383e-09
  outer loop
    vertex -4930.9248045042295 308.4017904204629 4024.8762158058894
    vertex -4930.924804595149 261.9904972254893 3946.7842801278257
    vertex -4930.924804595149 268.60155660556865 3944.0458896709433
  endloop
endfacet
facet normal 1.0 5.7826017799926895e-12 -1.269974132950383e-09
  outer loop
    vertex -4930.9248045042295 308.4017904204629 4024.8762158058894
    vertex -4930.924804595149 268.60155660556865 3944.0458896709433
    vertex -4930.924804595149 275.1638175860441 3941.1925373889108
  endloop
endfacet
facet normal 1.0 5.7826017799926895e-12 -1.269974132950383e-09
  outer loop
    vertex -4930.9248045042295 308.4017904204629 4024.8762158058894
    vertex -4930.924804595149 275.1638175860441 3941.1925373889108
    vertex -4930.924804595149 281.675281238652 3938.2250924404702
  endloop
endfacet
facet normal 1.0 5.7826017799926895e-12 -1.269974132950383e-09
  outer loop
    vertex -4930.9248045042295 308.4017904204629 4024.8762158058894
    vertex -4930.924804595149 281.675281238652 3938.2250924404702
    vertex -4930.924804595149 288.133964108488 3935.1444587381025
  endloop
endfacet
facet normal 1.0 5.7826017799926895e-12 -1.269974132950383e-09
  outer loop
    vertex -4930.9248045042295 308.4017904204629 4024.8762158058894
    vertex -4930.924804595149 288.133964108488 3935.1444587381025
    vertex -4930.924804595149 294.53789881817937 3931.9515746726743
  endloop
endfacet
facet normal 1.0 5.7826017799926895e-12 -1.269974132950383e-09
  outer loop
    vertex -4930.9248045042295 308.4017904204629 4024.8762158058894
    vertex -4930.924804595149 294.53789881817937 3931.9515746726743
    vertex -4930.924804595149 299.1739883907381 3929.5381791977948
  endloop
endfacet
facet normal 1.0 5.7826017799926895e-12 -1.269974132950383e-09
  outer loop
    vertex -4930.9248045042295 308.4017904204629 4024.8762158058894
    vertex -4930.924804595149 299.1739883907381 3929.5381791977948
    vertex -4930.924804595149 308.4017904204629 3929.5381791977948
  endloop
endfacet
facet normal 0.9999945241685908 -0.003273097122171714 -0.0004883319184697491
  outer loop
    vertex -4930.924804595149 -77.73431096824707 3931.9515746726743
    vertex -4930.9248044132955 -91.59820957963801 4024.876216260807
    vertex -4930.941157594174 -82.37040054040405 3929.5381791980026
  endloop
endfacet
facet normal 0.9999999852890067 1.3076874481000398e-10 -0.00017152838400648742
  outer loop
    vertex -4930.941157594174 -82.37040054040405 3929.5381791980026
    vertex -4930.9248044132955 -91.59820957963801 4024.876216260807
    vertex -4930.941157594174 -91.59820957963801 3929.538172162963
  endloop
endfacet
facet normal 1.194950882645793e-05 1.2135419963061834e-05 -0.9999999998549705
  outer loop
    vertex -4890.9252525765105 128.40133534883853 4062.376933910936
    vertex -4930.925252565343 88.40133534283446 4062.3760601350996
    vertex -4930.925252570977 128.4013353417959 4062.3762766879504
  endloop
endfacet
facet normal 1.194950882645793e-05 1.2135419963061834e-05 -0.9999999998549705
  outer loop
    vertex -4930.925252565343 88.40133534283446 4062.3760601350996
    vertex -4890.9252525765105 128.40133534883853 4062.376933910936
    vertex -4890.925252566058 88.40133534305645 4062.376179630188
  endloop
endfacet
facet normal -0.9999999999286047 -2.219689679045449e-11 -1.1949508827607192e-05
  outer loop
    vertex -4890.9252525765105 128.40133534883853 4062.376933910936
    vertex -4890.924804459477 88.40179042130494 4024.8761796356266
    vertex -4890.925252566058 88.40133534305645 4062.376179630188
  endloop
endfacet
facet normal -0.9999999999286047 -2.219689679045449e-11 -1.1949508827607192e-05
  outer loop
    vertex -4890.924804459477 88.40179042130494 4024.8761796356266
    vertex -4890.9252525765105 128.40133534883853 4062.376933910936
    vertex -4890.924804469931 128.401790427087 4024.8769339163746
  endloop
endfacet
facet normal 0.0 0.9999999999263658 1.2135419963928245e-05
  outer loop
    vertex -4930.925252565343 88.40133534283446 4062.3760601350996
    vertex -4890.924804459477 88.40179042130494 4024.8761796356266
    vertex -4930.924804458763 88.40179042108295 4024.8760601405384
  endloop
endfacet
facet normal 0.0 0.9999999999263658 1.2135419963928245e-05
  outer loop
    vertex -4890.924804459477 88.40179042130494 4024.8761796356266
    vertex -4930.925252565343 88.40133534283446 4062.3760601350996
    vertex -4890.925252566058 88.40133534305645 4062.376179630188
  endloop
endfacet
facet normal 4.4487243169347317e-10 -0.9999999999263658 -1.213541995861224e-05
  outer loop
    vertex -4890.924804469931 128.401790427087 4024.8769339163746
    vertex -4930.925252570977 128.4013353417959 4062.3762766879504
    vertex -4930.924804464397 128.4017904200444 4024.876276693389
  endloop
endfacet
facet normal 4.4487243169347317e-10 -0.9999999999263658 -1.213541995861224e-05
  outer loop
    vertex -4930.925252570977 128.4013353417959 4062.3762766879504
    vertex -4890.924804469931 128.401790427087 4024.8769339163746
    vertex -4890.9252525765105 128.40133534883853 4062.376933910936
  endloop
endfacet
facet normal 1.1721610429342416e-05 6.230077465031717e-06 -0.9999999999118951
  outer loop
    vertex -4748.443104779979 308.38209244483613 4024.879667673606
    vertex -4930.924804464397 128.4017904200444 4024.876276693389
    vertex -4930.9248045042295 308.4017904204629 4024.8762158058894
  endloop
endfacet
facet normal 1.1721610429342416e-05 6.230077465031717e-06 -0.9999999999118951
  outer loop
    vertex -4930.924804464397 128.4017904200444 4024.876276693389
    vertex -4748.443104779979 308.38209244483613 4024.879667673606
    vertex -4890.924804469931 128.401790427087 4024.8769339163746
  endloop
endfacet
facet normal 1.1721610429342416e-05 6.230077465031717e-06 -0.9999999999118951
  outer loop
    vertex -4890.924804469931 128.401790427087 4024.8769339163746
    vertex -4748.443104779979 308.38209244483613 4024.879667673606
    vertex -4890.924804459477 88.40179042130494 4024.8761796356266
  endloop
endfacet
facet normal 1.1721610429342416e-05 6.230077465031717e-06 -0.9999999999118951
  outer loop
    vertex -4890.924804459477 88.40179042130494 4024.8761796356266
    vertex -4748.443104779979 308.38209244483613 4024.879667673606
    vertex -4808.716226382556 113.97187975802204 4024.8756257172745
  endloop
endfacet
facet normal 1.1721610429342416e-05 6.230077465031717e-06 -0.9999999999118951
  outer loop
    vertex -4890.924804459477 88.40179042130494 4024.8761796356266
    vertex -4808.716226382556 113.97187975802204 4024.8756257172745
    vertex -4809.12265985527 112.13857683652245 4024.875638693812
  endloop
endfacet
facet normal 1.1721610429342416e-05 6.230077465031717e-06 -0.9999999999118951
  outer loop
    vertex -4890.924804459477 88.40179042130494 4024.8761796356266
    vertex -4809.12265985527 112.13857683652245 4024.875638693812
    vertex -4809.367763848107 110.2768271749393 4024.8756520341467
  endloop
endfacet
facet normal 1.1721610429342416e-05 6.230077465031717e-06 -0.9999999999118951
  outer loop
    vertex -4890.924804459477 88.40179042130494 4024.8761796356266
    vertex -4809.367763848107 110.2768271749393 4024.8756520341467
    vertex -4809.449672971683 108.40079981235128 4024.8756656367545
  endloop
endfacet
facet normal 1.1721610429342416e-05 6.230077465031717e-06 -0.9999999999118951
  outer loop
    vertex -4808.716226382556 113.97187975802204 4024.8756257172745
    vertex -4748.443104779979 308.38209244483613 4024.879667673606
    vertex -4808.1515566341 115.76278339722654 4024.875613203297
  endloop
endfacet
facet normal 1.1721610429342416e-05 6.230077465031717e-06 -0.9999999999118951
  outer loop
    vertex -4808.1515566341 115.76278339722654 4024.875613203297
    vertex -4748.443104779979 308.38209244483613 4024.879667673606
    vertex -4807.432948087648 117.49765789606359 4024.8756012471167
  endloop
endfacet
facet normal 1.1721610429342416e-05 6.230077465031717e-06 -0.9999999999118951
  outer loop
    vertex -4807.432948087648 117.49765789606359 4024.8756012471167
    vertex -4748.443104779979 308.38209244483613 4024.879667673606
    vertex -4806.5658697881445 119.16329981205249 4024.8755899397293
  endloop
endfacet
facet normal 1.1721610429342416e-05 6.230077465031717e-06 -0.9999999999118951
  outer loop
    vertex -4806.5658697881445 119.16329981205249 4024.8755899397293
    vertex -4748.443104779979 308.38209244483613 4024.879667673606
    vertex -4805.5569207250055 120.74703260446981 4024.8755793671876
  endloop
endfacet
facet normal 1.1721610429342416e-05 6.230077465031717e-06 -0.9999999999118951
  outer loop
    vertex -4805.5569207250055 120.74703260446981 4024.8755793671876
    vertex -4748.443104779979 308.38209244483613 4024.879667673606
    vertex -4804.413779609823 122.23680311048082 4024.875569609959
  endloop
endfacet
facet normal 1.1721610429342416e-05 6.230077465031717e-06 -0.9999999999118951
  outer loop
    vertex -4804.413779609823 122.23680311048082 4024.875569609959
    vertex -4748.443104779979 308.38209244483613 4024.879667673606
    vertex -4803.145146436729 123.62127327698661 4024.8755607422977
  endloop
endfacet
facet normal 1.1721610429342416e-05 6.230077465031717e-06 -0.9999999999118951
  outer loop
    vertex -4803.145146436729 123.62127327698661 4024.8755607422977
    vertex -4748.443104779979 308.38209244483613 4024.879667673606
    vertex -4801.760676270193 124.88990645005552 4024.875552831694
  endloop
endfacet
facet normal 1.1721610429342416e-05 6.230077465031717e-06 -0.9999999999118951
  outer loop
    vertex -4801.760676270193 124.88990645005552 4024.875552831694
    vertex -4748.443104779979 308.38209244483613 4024.879667673606
    vertex -4800.270905764148 126.03304756521763 4024.8755459383533
  endloop
endfacet
facet normal 1.1721610429342416e-05 6.230077465031717e-06 -0.9999999999118951
  outer loop
    vertex -4800.270905764148 126.03304756521763 4024.8755459383533
    vertex -4748.443104779979 308.38209244483613 4024.879667673606
    vertex -4798.687172971692 127.04199662833949 4024.8755401147373
  endloop
endfacet
facet normal 1.1721610429342416e-05 6.230077465031717e-06 -0.9999999999118951
  outer loop
    vertex -4798.687172971692 127.04199662833949 4024.8755401147373
    vertex -4748.443104779979 308.38209244483613 4024.879667673606
    vertex -4797.021531055663 127.90907492782985 4024.8755354051655
  endloop
endfacet
facet normal 1.1721610429342416e-05 6.230077465031717e-06 -0.9999999999118951
  outer loop
    vertex -4797.021531055663 127.90907492782985 4024.8755354051655
    vertex -4748.443104779979 308.38209244483613 4024.879667673606
    vertex -4795.286656556783 128.62768347427524 4024.8755318454823
  endloop
endfacet
facet normal 1.1721610429342416e-05 6.230077465031717e-06 -0.9999999999118951
  outer loop
    vertex -4795.286656556783 128.62768347427524 4024.8755318454823
    vertex -4748.443104779979 308.38209244483613 4024.879667673606
    vertex -4793.49575291753 129.19235322272777 4024.8755294627813
  endloop
endfacet
facet normal 1.1721610429342416e-05 6.230077465031717e-06 -0.9999999999118951
  outer loop
    vertex -4793.49575291753 129.19235322272777 4024.8755294627813
    vertex -4748.443104779979 308.38209244483613 4024.879667673606
    vertex -4791.662449995981 129.59878669544563 4024.875528275192
  endloop
endfacet
facet normal 1.1721610429342416e-05 6.230077465031717e-06 -0.9999999999118951
  outer loop
    vertex -4791.662449995981 129.59878669544563 4024.875528275192
    vertex -4748.443104779979 308.38209244483613 4024.879667673606
    vertex -4789.8007003343455 129.84389068828986 4024.8755282917537
  endloop
endfacet
facet normal 1.1721610429342416e-05 6.230077465031717e-06 -0.9999999999118951
  outer loop
    vertex -4789.8007003343455 129.84389068828986 4024.8755282917537
    vertex -4748.443104779979 308.38209244483613 4024.879667673606
    vertex -4787.924672971704 129.92579981187677 4024.8755295123433
  endloop
endfacet
facet normal 1.1721610429342416e-05 6.230077465031717e-06 -0.9999999999118951
  outer loop
    vertex -4787.924672971704 129.92579981187677 4024.8755295123433
    vertex -4748.443104779979 308.38209244483613 4024.879667673606
    vertex -4786.048645609062 129.84389068831874 4024.8755319276684
  endloop
endfacet
facet normal 1.1721610429342416e-05 6.230077465031717e-06 -0.9999999999118951
  outer loop
    vertex -4786.048645609062 129.84389068831874 4024.8755319276684
    vertex -4748.443104779979 308.38209244483613 4024.879667673606
    vertex -4784.186895947428 129.59878669550392 4024.875535519348
  endloop
endfacet
facet normal 1.1721610429342416e-05 6.230077465031717e-06 -0.9999999999118951
  outer loop
    vertex -4784.186895947428 129.59878669550392 4024.875535519348
    vertex -4748.443104779979 308.38209244483613 4024.879667673606
    vertex -4782.353593025879 129.1923532228144 4024.8755402600464
  endloop
endfacet
facet normal 1.1721610429342416e-05 6.230077465031717e-06 -0.9999999999118951
  outer loop
    vertex -4782.353593025879 129.1923532228144 4024.8755402600464
    vertex -4748.443104779979 308.38209244483613 4024.879667673606
    vertex -4780.5626893866265 128.62768347438967 4024.875546113685
  endloop
endfacet
facet normal 1.1721610429342416e-05 6.230077465031717e-06 -0.9999999999118951
  outer loop
    vertex -4780.5626893866265 128.62768347438967 4024.875546113685
    vertex -4748.443104779979 308.38209244483613 4024.879667673606
    vertex -4778.827814887745 127.90907492797243 4024.8755530357143
  endloop
endfacet
facet normal 1.1721610429342416e-05 6.230077465031717e-06 -0.9999999999118951
  outer loop
    vertex -4778.827814887745 127.90907492797243 4024.8755530357143
    vertex -4748.443104779979 308.38209244483613 4024.879667673606
    vertex -4777.162172971715 127.0419966285068 4024.8745511320776
  endloop
endfacet
facet normal 1.1721610429342416e-05 6.230077465031717e-06 -0.9999999999118951
  outer loop
    vertex -4777.162172971715 127.0419966285068 4024.8745511320776
    vertex -4748.443104779979 308.38209244483613 4024.879667673606
    vertex -4775.57844017926 126.03304756541002 4024.874560025113
  endloop
endfacet
facet normal 1.1721610429342416e-05 6.230077465031717e-06 -0.9999999999118951
  outer loop
    vertex -4775.57844017926 126.03304756541002 4024.874560025113
    vertex -4748.443104779979 308.38209244483613 4024.879667673606
    vertex -4774.088669673216 124.88990645027155 4024.874569805767
  endloop
endfacet
facet normal 1.1721610429342416e-05 6.230077465031717e-06 -0.9999999999118951
  outer loop
    vertex -4774.088669673216 124.88990645027155 4024.874569805767
    vertex -4748.443104779979 308.38209244483613 4024.879667673606
    vertex -4772.70419950668 123.62127327722447 4024.8745803996003
  endloop
endfacet
facet normal 1.1721610429342416e-05 6.230077465031717e-06 -0.9999999999118951
  outer loop
    vertex -4772.70419950668 123.62127327722447 4024.8745803996003
    vertex -4748.443104779979 308.38209244483613 4024.879667673606
    vertex -4771.4355663335855 122.23680311073782 4024.87459172599
  endloop
endfacet
facet normal 1.1721610429342416e-05 6.230077465031717e-06 -0.9999999999118951
  outer loop
    vertex -4771.4355663335855 122.23680311073782 4024.87459172599
    vertex -4748.443104779979 308.38209244483613 4024.879667673606
    vertex -4770.292425218402 120.74703260474503 4024.8746036987327
  endloop
endfacet
facet normal 1.1721610429342416e-05 6.230077465031717e-06 -0.9999999999118951
  outer loop
    vertex -4770.292425218402 120.74703260474503 4024.8746036987327
    vertex -4748.443104779979 308.38209244483613 4024.879667673606
    vertex -4769.283476155264 119.1632998123436 4024.87461622671
  endloop
endfacet
facet normal 1.1721610429342416e-05 6.230077465031717e-06 -0.9999999999118951
  outer loop
    vertex -4769.283476155264 119.1632998123436 4024.87461622671
    vertex -4748.443104779979 308.38209244483613 4024.879667673606
    vertex -4768.41639785576 117.49765789636841 4024.874629214577
  endloop
endfacet
facet normal 1.1721610429342416e-05 6.230077465031717e-06 -0.9999999999118951
  outer loop
    vertex -4768.41639785576 117.49765789636841 4024.874629214577
    vertex -4748.443104779979 308.38209244483613 4024.879667673606
    vertex -4767.697789309309 115.76278339754202 4024.874642563486
  endloop
endfacet
facet normal 1.1721610429342416e-05 6.230077465031717e-06 -0.9999999999118951
  outer loop
    vertex -4767.697789309309 115.76278339754202 4024.874642563486
    vertex -4748.443104779979 308.38209244483613 4024.879667673606
    vertex -4767.1331195608545 113.97187975834655 4024.8746561718453
  endloop
endfacet
facet normal 1.1721610429342416e-05 6.230077465031717e-06 -0.9999999999118951
  outer loop
    vertex -4767.1331195608545 113.97187975834655 4024.8746561718453
    vertex -4748.443104779979 308.38209244483613 4024.879667673606
    vertex -4766.726686088138 112.13857683685363 4024.8746699360863
  endloop
endfacet
facet normal 1.1721610429342416e-05 6.230077465031717e-06 -0.9999999999118951
  outer loop
    vertex -4766.726686088138 112.13857683685363 4024.8746699360863
    vertex -4748.443104779979 308.38209244483613 4024.879667673606
    vertex -4766.481582095302 110.27682717527374 4024.874683751457
  endloop
endfacet
facet normal 1.1721610429342416e-05 6.230077465031717e-06 -0.9999999999118951
  outer loop
    vertex -4766.481582095302 110.27682717527374 4024.874683751457
    vertex -4748.443104779979 308.38209244483613 4024.879667673606
    vertex -4766.399672971727 108.40079981268697 4024.8746975128115
  endloop
endfacet
facet normal 1.1721610429342416e-05 6.230077465031717e-06 -0.9999999999118951
  outer loop
    vertex -4890.924804459477 88.40179042130494 4024.8761796356266
    vertex -4930.9248044132955 -91.59820957963801 4024.876216260807
    vertex -4930.924804458763 88.40179042108295 4024.8760601405384
  endloop
endfacet
facet normal 1.1721610429342416e-05 6.230077465031717e-06 -0.9999999999118951
  outer loop
    vertex -4930.9248044132955 -91.59820957963801 4024.876216260807
    vertex -4890.924804459477 88.40179042130494 4024.8761796356266
    vertex -4748.324759000097 -91.59374514789747 4024.8766297934135
  endloop
endfacet
facet normal 1.1721610429342416e-05 6.230077465031717e-06 -0.9999999999118951
  outer loop
    vertex -4748.324759000097 -91.59374514789747 4024.8766297934135
    vertex -4890.924804459477 88.40179042130494 4024.8761796356266
    vertex -4808.716226382554 102.82971986669098 4024.875706977721
  endloop
endfacet
facet normal 1.1721610429342416e-05 6.230077465031717e-06 -0.9999999999118951
  outer loop
    vertex -4808.716226382554 102.82971986669098 4024.875706977721
    vertex -4890.924804459477 88.40179042130494 4024.8761796356266
    vertex -4809.12265985527 104.6630227881846 4024.8756932134793
  endloop
endfacet
facet normal 1.1721610429342416e-05 6.230077465031717e-06 -0.9999999999118951
  outer loop
    vertex -4809.12265985527 104.6630227881846 4024.8756932134793
    vertex -4890.924804459477 88.40179042130494 4024.8761796356266
    vertex -4809.367763848107 106.52477244976468 4024.87567939811
  endloop
endfacet
facet normal 1.1721610429342416e-05 6.230077465031717e-06 -0.9999999999118951
  outer loop
    vertex -4809.367763848107 106.52477244976468 4024.87567939811
    vertex -4890.924804459477 88.40179042130494 4024.8761796356266
    vertex -4809.449672971683 108.40079981235128 4024.8756656367545
  endloop
endfacet
facet normal 1.1721610429342416e-05 6.230077465031717e-06 -0.9999999999118951
  outer loop
    vertex -4748.324759000097 -91.59374514789747 4024.8766297934135
    vertex -4808.716226382554 102.82971986669098 4024.875706977721
    vertex -4808.1515566340995 101.03881622749586 4024.8757205860798
  endloop
endfacet
facet normal 1.1721610429342416e-05 6.230077465031717e-06 -0.9999999999118951
  outer loop
    vertex -4748.324759000097 -91.59374514789747 4024.8766297934135
    vertex -4808.1515566340995 101.03881622749586 4024.8757205860798
    vertex -4807.432948087648 99.30394172867001 4024.875733934991
  endloop
endfacet
facet normal 1.1721610429342416e-05 6.230077465031717e-06 -0.9999999999118951
  outer loop
    vertex -4748.324759000097 -91.59374514789747 4024.8766297934135
    vertex -4807.432948087648 99.30394172867001 4024.875733934991
    vertex -4806.5658697881445 97.63829981269483 4024.875746922857
  endloop
endfacet
facet normal 1.1721610429342416e-05 6.230077465031717e-06 -0.9999999999118951
  outer loop
    vertex -4748.324759000097 -91.59374514789747 4024.8766297934135
    vertex -4806.5658697881445 97.63829981269483 4024.875746922857
    vertex -4805.5569207250055 96.05456702029375 4024.8757594508343
  endloop
endfacet
facet normal 1.1721610429342416e-05 6.230077465031717e-06 -0.9999999999118951
  outer loop
    vertex -4748.324759000097 -91.59374514789747 4024.8766297934135
    vertex -4805.5569207250055 96.05456702029375 4024.8757594508343
    vertex -4804.413779609823 94.5647965143006 4024.8757714235758
  endloop
endfacet
facet normal 1.1721610429342416e-05 6.230077465031717e-06 -0.9999999999118951
  outer loop
    vertex -4748.324759000097 -91.59374514789747 4024.8766297934135
    vertex -4804.413779609823 94.5647965143006 4024.8757714235758
    vertex -4803.145146436729 93.18032634781447 4024.8757827499653
  endloop
endfacet
facet normal 1.1721610429342416e-05 6.230077465031717e-06 -0.9999999999118951
  outer loop
    vertex -4748.324759000097 -91.59374514789747 4024.8766297934135
    vertex -4803.145146436729 93.18032634781447 4024.8757827499653
    vertex -4801.760676270193 91.91169317476741 4024.8757933437987
  endloop
endfacet
facet normal 1.1721610429342416e-05 6.230077465031717e-06 -0.9999999999118951
  outer loop
    vertex -4748.324759000097 -91.59374514789747 4024.8766297934135
    vertex -4801.760676270193 91.91169317476741 4024.8757933437987
    vertex -4800.270905764147 90.76855205962895 4024.8758031244524
  endloop
endfacet
facet normal 1.1721610429342416e-05 6.230077465031717e-06 -0.9999999999118951
  outer loop
    vertex -4748.324759000097 -91.59374514789747 4024.8766297934135
    vertex -4800.270905764147 90.76855205962895 4024.8758031244524
    vertex -4798.687172971692 89.75960299653163 4024.875812017488
  endloop
endfacet
facet normal 1.1721610429342416e-05 6.230077465031717e-06 -0.9999999999118951
  outer loop
    vertex -4748.324759000097 -91.59374514789747 4024.8766297934135
    vertex -4798.687172971692 89.75960299653163 4024.875812017488
    vertex -4797.021531055663 88.89252469706672 4024.8758199552267
  endloop
endfacet
facet normal 1.1721610429342416e-05 6.230077465031717e-06 -0.9999999999118951
  outer loop
    vertex -4748.324759000097 -91.59374514789747 4024.8766297934135
    vertex -4797.021531055663 88.89252469706672 4024.8758199552267
    vertex -4795.286656556783 88.17391615064874 4024.875826877255
  endloop
endfacet
facet normal 1.1721610429342416e-05 6.230077465031717e-06 -0.9999999999118951
  outer loop
    vertex -4748.324759000097 -91.59374514789747 4024.8766297934135
    vertex -4795.286656556783 88.17391615064874 4024.875826877255
    vertex -4793.49575291753 87.6092464022242 4024.875832730894
  endloop
endfacet
facet normal 1.1721610429342416e-05 6.230077465031717e-06 -0.9999999999118951
  outer loop
    vertex -4748.324759000097 -91.59374514789747 4024.8766297934135
    vertex -4793.49575291753 87.6092464022242 4024.875832730894
    vertex -4791.662449995981 87.20281292953523 4024.875837471593
  endloop
endfacet
facet normal 1.1721610429342416e-05 6.230077465031717e-06 -0.9999999999118951
  outer loop
    vertex -4748.324759000097 -91.59374514789747 4024.8766297934135
    vertex -4791.662449995981 87.20281292953523 4024.875837471593
    vertex -4789.8007003343455 86.9577089367195 4024.8758410632727
  endloop
endfacet
facet normal 1.1721610429342416e-05 6.230077465031717e-06 -0.9999999999118951
  outer loop
    vertex -4748.324759000097 -91.59374514789747 4024.8766297934135
    vertex -4789.8007003343455 86.9577089367195 4024.8758410632727
    vertex -4787.924672971704 86.875799813162 4024.8758434785977
  endloop
endfacet
facet normal 1.1721610429342416e-05 6.230077465031717e-06 -0.9999999999118951
  outer loop
    vertex -4748.324759000097 -91.59374514789747 4024.8766297934135
    vertex -4787.924672971704 86.875799813162 4024.8758434785977
    vertex -4784.998645609064 86.9577089367491 4024.875844699186
  endloop
endfacet
facet normal 1.1721610429342416e-05 6.230077465031717e-06 -0.9999999999118951
  outer loop
    vertex -4748.324759000097 -91.59374514789747 4024.8766297934135
    vertex -4784.998645609064 86.9577089367491 4024.875844699186
    vertex -4784.186895947428 87.2028129295937 4024.87584471575
  endloop
endfacet
facet normal 1.1721610429342416e-05 6.230077465031717e-06 -0.9999999999118951
  outer loop
    vertex -4748.324759000097 -91.59374514789747 4024.8766297934135
    vertex -4784.186895947428 87.2028129295937 4024.87584471575
    vertex -4782.353593025879 87.6092464023112 4024.875843528161
  endloop
endfacet
facet normal 1.1721610429342416e-05 6.230077465031717e-06 -0.9999999999118951
  outer loop
    vertex -4748.324759000097 -91.59374514789747 4024.8766297934135
    vertex -4782.353593025879 87.6092464023112 4024.875843528161
    vertex -4780.5626893866265 88.17391615076389 4024.875841145458
  endloop
endfacet
facet normal 1.1721610429342416e-05 6.230077465031717e-06 -0.9999999999118951
  outer loop
    vertex -4748.324759000097 -91.59374514789747 4024.8766297934135
    vertex -4780.5626893866265 88.17391615076389 4024.875841145458
    vertex -4778.827814887745 88.89252469720857 4024.8748277444015
  endloop
endfacet
facet normal 1.1721610429342416e-05 6.230077465031717e-06 -0.9999999999118951
  outer loop
    vertex -4748.324759000097 -91.59374514789747 4024.8766297934135
    vertex -4778.827814887745 88.89252469720857 4024.8748277444015
    vertex -4777.162172971715 89.75960299669984 4024.8748230348306
  endloop
endfacet
facet normal 1.1721610429342416e-05 6.230077465031717e-06 -0.9999999999118951
  outer loop
    vertex -4748.324759000097 -91.59374514789747 4024.8766297934135
    vertex -4777.162172971715 89.75960299669984 4024.8748230348306
    vertex -4775.57844017926 90.76855205982169 4024.8748172112128
  endloop
endfacet
facet normal 1.1721610429342416e-05 6.230077465031717e-06 -0.9999999999118951
  outer loop
    vertex -4748.324759000097 -91.59374514789747 4024.8766297934135
    vertex -4775.57844017926 90.76855205982169 4024.8748172112128
    vertex -4774.088669673215 91.91169317498361 4024.8748103178727
  endloop
endfacet
facet normal 1.1721610429342416e-05 6.230077465031717e-06 -0.9999999999118951
  outer loop
    vertex -4748.324759000097 -91.59374514789747 4024.8766297934135
    vertex -4774.088669673215 91.91169317498361 4024.8748103178727
    vertex -4772.704199506679 93.1803263480518 4024.8748024072693
  endloop
endfacet
facet normal 1.1721610429342416e-05 6.230077465031717e-06 -0.9999999999118951
  outer loop
    vertex -4748.324759000097 -91.59374514789747 4024.8766297934135
    vertex -4772.704199506679 93.1803263480518 4024.8748024072693
    vertex -4771.4355663335855 94.56479651455831 4024.874793539609
  endloop
endfacet
facet normal 1.1721610429342416e-05 6.230077465031717e-06 -0.9999999999118951
  outer loop
    vertex -4748.324759000097 -91.59374514789747 4024.8766297934135
    vertex -4771.4355663335855 94.56479651455831 4024.874793539609
    vertex -4770.292425218402 96.05456702056897 4024.8747837823785
  endloop
endfacet
facet normal 1.1721610429342416e-05 6.230077465031717e-06 -0.9999999999118951
  outer loop
    vertex -4748.324759000097 -91.59374514789747 4024.8766297934135
    vertex -4770.292425218402 96.05456702056897 4024.8747837823785
    vertex -4769.283476155264 97.63829981298575 4024.874773209837
  endloop
endfacet
facet normal 1.1721610429342416e-05 6.230077465031717e-06 -0.9999999999118951
  outer loop
    vertex -4748.324759000097 -91.59374514789747 4024.8766297934135
    vertex -4769.283476155264 97.63829981298575 4024.874773209837
    vertex -4768.41639785576 99.30394172897394 4024.874761902449
  endloop
endfacet
facet normal 1.1721610429342416e-05 6.230077465031717e-06 -0.9999999999118951
  outer loop
    vertex -4748.324759000097 -91.59374514789747 4024.8766297934135
    vertex -4768.41639785576 99.30394172897394 4024.874761902449
    vertex -4767.697789309309 101.03881622781186 4024.874749946269
  endloop
endfacet
facet normal 1.1721610429342416e-05 6.230077465031717e-06 -0.9999999999118951
  outer loop
    vertex -4748.324759000097 -91.59374514789747 4024.8766297934135
    vertex -4767.697789309309 101.03881622781186 4024.874749946269
    vertex -4767.1331195608545 102.82971986701547 4024.874737432291
  endloop
endfacet
facet normal 1.1721610429342416e-05 6.230077465031717e-06 -0.9999999999118951
  outer loop
    vertex -4748.324759000097 -91.59374514789747 4024.8766297934135
    vertex -4767.1331195608545 102.82971986701547 4024.874737432291
    vertex -4766.726686088138 104.66302278851525 4024.8747244557558
  endloop
endfacet
facet normal 1.1721610429342416e-05 6.230077465031717e-06 -0.9999999999118951
  outer loop
    vertex -4748.324759000097 -91.59374514789747 4024.8766297934135
    vertex -4766.726686088138 104.66302278851525 4024.8747244557558
    vertex -4766.481582095302 106.5247724500991 4024.874711115419
  endloop
endfacet
facet normal 1.1721610429342416e-05 6.230077465031717e-06 -0.9999999999118951
  outer loop
    vertex -4748.324759000097 -91.59374514789747 4024.8766297934135
    vertex -4766.481582095302 106.5247724500991 4024.874711115419
    vertex -4766.399672971727 108.40079981268697 4024.8746975128115
  endloop
endfacet
facet normal 1.1721610429342416e-05 6.230077465031717e-06 -0.9999999999118951
  outer loop
    vertex -4748.324759000097 -91.59374514789747 4024.8766297934135
    vertex -4766.399672971727 108.40079981268697 4024.8746975128115
    vertex -4748.443104779979 308.38209244483613 4024.879667673606
  endloop
endfacet
facet normal 1.1721610429342416e-05 6.230077465031717e-06 -0.9999999999118951
  outer loop
    vertex -4748.324759000097 -91.59374514789747 4024.8766297934135
    vertex -4748.443104779979 308.38209244483613 4024.879667673606
    vertex -4744.47647561821 308.2680824111556 4024.8794688929684
  endloop
endfacet
facet normal 1.1721610429342416e-05 6.230077465031717e-06 -0.9999999999118951
  outer loop
    vertex -4748.324759000097 -91.59374514789747 4024.8766297934135
    vertex -4744.47647561821 308.2680824111556 4024.8794688929684
    vertex -4744.460359748111 -91.48267256279992 4024.876860223034
  endloop
endfacet
facet normal 1.1721610429342416e-05 6.230077465031717e-06 -0.9999999999118951
  outer loop
    vertex -4744.460359748111 -91.48267256279992 4024.876860223034
    vertex -4744.47647561821 308.2680824111556 4024.8794688929684
    vertex -4740.562960480894 307.6111619610983 4024.8793058408755
  endloop
endfacet
facet normal 1.1721610429342416e-05 6.230077465031717e-06 -0.9999999999118951
  outer loop
    vertex -4744.460359748111 -91.48267256279992 4024.876860223034
    vertex -4740.562960480894 307.6111619610983 4024.8793058408755
    vertex -4740.546844610795 -90.82575211274224 4024.876697170941
  endloop
endfacet
facet normal 1.1721610429342416e-05 6.230077465031717e-06 -0.9999999999118951
  outer loop
    vertex -4740.546844610795 -90.82575211274224 4024.876697170941
    vertex -4740.562960480894 307.6111619610983 4024.8793058408755
    vertex -4736.77651281943 306.42374487942527 4024.879181598512
  endloop
endfacet
facet normal 1.1721610429342416e-05 6.230077465031717e-06 -0.9999999999118951
  outer loop
    vertex -4740.546844610795 -90.82575211274224 4024.876697170941
    vertex -4736.77651281943 306.42374487942527 4024.879181598512
    vertex -4736.760396949331 -89.63833503106945 4024.876572928578
  endloop
endfacet
facet normal 1.1721610429342416e-05 6.230077465031717e-06 -0.9999999999118951
  outer loop
    vertex -4736.760396949331 -89.63833503106945 4024.876572928578
    vertex -4736.77651281943 306.42374487942527 4024.879181598512
    vertex -4733.1886848990525 304.7282697126506 4024.8790985136798
  endloop
endfacet
facet normal 1.1721610429342416e-05 6.230077465031717e-06 -0.9999999999118951
  outer loop
    vertex -4736.760396949331 -89.63833503106945 4024.876572928578
    vertex -4733.1886848990525 304.7282697126506 4024.8790985136798
    vertex -4733.172569028954 -87.94285986429475 4024.8764898437444
  endloop
endfacet
facet normal 1.1721610429342416e-05 6.230077465031717e-06 -0.9999999999118951
  outer loop
    vertex -4733.172569028954 -87.94285986429475 4024.8764898437444
    vertex -4733.1886848990525 304.7282697126506 4024.8790985136798
    vertex -4729.867275680142 302.5567757492255 4024.8790581564244
  endloop
endfacet
facet normal 1.1721610429342416e-05 6.230077465031717e-06 -0.9999999999118951
  outer loop
    vertex -4733.172569028954 -87.94285986429475 4024.8764898437444
    vertex -4729.867275680142 302.5567757492255 4024.8790581564244
    vertex -4729.851159810042 -85.77136590086965 4024.8764494864904
  endloop
endfacet
facet normal 1.1721610429342416e-05 6.230077465031717e-06 -0.9999999999118951
  outer loop
    vertex -4729.851159810042 -85.77136590086965 4024.8764494864904
    vertex -4729.867275680142 302.5567757492255 4024.8790581564244
    vertex -4726.875049625493 299.9502975751048 4024.8790612893786
  endloop
endfacet
facet normal 1.1721610429342416e-05 6.230077465031717e-06 -0.9999999999118951
  outer loop
    vertex -4729.851159810042 -85.77136590086965 4024.8764494864904
    vertex -4726.875049625493 299.9502975751048 4024.8790612893786
    vertex -4726.858933755395 -83.16488772674911 4024.876452619443
  endloop
endfacet
facet normal 1.1721610429342416e-05 6.230077465031717e-06 -0.9999999999118951
  outer loop
    vertex -4726.858933755395 -83.16488772674911 4024.876452619443
    vertex -4726.875049625493 299.9502975751048 4024.8790612893786
    vertex -4724.268550644189 296.95808964573524 4024.879107853335
  endloop
endfacet
facet normal 1.1721610429342416e-05 6.230077465031717e-06 -0.9999999999118951
  outer loop
    vertex -4726.858933755395 -83.16488772674911 4024.876452619443
    vertex -4724.268550644189 296.95808964573524 4024.879107853335
    vertex -4724.252434774091 -80.1726797973792 4024.8764991834005
  endloop
endfacet
facet normal 1.1721610429342416e-05 6.230077465031717e-06 -0.9999999999118951
  outer loop
    vertex -4724.252434774091 -80.1726797973792 4024.8764991834005
    vertex -4724.268550644189 296.95808964573524 4024.879107853335
    vertex -4722.097033584868 293.63669552768425 4024.8791969683807
  endloop
endfacet
facet normal 1.1721610429342416e-05 6.230077465031717e-06 -0.9999999999118951
  outer loop
    vertex -4724.252434774091 -80.1726797973792 4024.8764991834005
    vertex -4722.097033584868 293.63669552768425 4024.8791969683807
    vertex -4722.080917714769 -76.8512856793282 4024.8765882984453
  endloop
endfacet
facet normal 1.1721610429342416e-05 6.230077465031717e-06 -0.9999999999118951
  outer loop
    vertex -4722.080917714769 -76.8512856793282 4024.8765882984453
    vertex -4722.097033584868 293.63669552768425 4024.8791969683807
    vertex -4720.401533469925 290.0488793983899 4024.8793269505118
  endloop
endfacet
facet normal 1.1721610429342416e-05 6.230077465031717e-06 -0.9999999999118951
  outer loop
    vertex -4722.080917714769 -76.8512856793282 4024.8765882984453
    vertex -4720.401533469925 290.0488793983899 4024.8793269505118
    vertex -4720.385417599827 -73.26346955003403 4024.8767182805773
  endloop
endfacet
facet normal 1.1721610429342416e-05 6.230077465031717e-06 -0.9999999999118951
  outer loop
    vertex -4720.385417599827 -73.26346955003403 4024.8767182805773
    vertex -4720.401533469925 290.0488793983899 4024.8793269505118
    vertex -4719.214090059257 286.262439995416 4024.879495343466
  endloop
endfacet
facet normal 1.1721610429342416e-05 6.230077465031717e-06 -0.9999999999118951
  outer loop
    vertex -4720.385417599827 -73.26346955003403 4024.8767182805773
    vertex -4719.214090059257 286.262439995416 4024.879495343466
    vertex -4719.197974189158 -69.47703014706013 4024.8768866735304
  endloop
endfacet
facet normal 1.1721610429342416e-05 6.230077465031717e-06 -0.9999999999118951
  outer loop
    vertex -4719.197974189158 -69.47703014706013 4024.8768866735304
    vertex -4719.214090059257 286.262439995416 4024.879495343466
    vertex -4718.557142396913 282.348929427937 4024.87969896513
  endloop
endfacet
facet normal 1.1721610429342416e-05 6.230077465031717e-06 -0.9999999999118951
  outer loop
    vertex -4719.197974189158 -69.47703014706013 4024.8768866735304
    vertex -4718.557142396913 282.348929427937 4024.87969896513
    vertex -4718.541026526815 -65.56351957958111 4024.8770902951946
  endloop
endfacet
facet normal 1.1721610429342416e-05 6.230077465031717e-06 -0.9999999999118951
  outer loop
    vertex -4718.541026526815 -65.56351957958111 4024.8770902951946
    vertex -4718.557142396913 282.348929427937 4024.87969896513
    vertex -4718.443104781885 278.3823010609958 4024.8799339676802
  endloop
endfacet
facet normal 1.1721610429342416e-05 6.230077465031717e-06 -0.9999999999118951
  outer loop
    vertex -4718.541026526815 -65.56351957958111 4024.8770902951946
    vertex -4718.443104781885 278.3823010609958 4024.8799339676802
    vertex -4718.426988911787 -61.596891212639804 4024.8773252977458
  endloop
endfacet
endsolid sensor_head_cable_holder
